age,bmi,sbp,dbp,los,sex,race,diabetes,hypertension,readmission
59.9,28.0,132.3,84.0,2.8,F,Black,0,0,0
38.4,24.8,144.7,85.8,5.3,M,White,0,0,0
67.0,29.4,132.3,80.3,15.6,F,White,0,0,0
70.0,27.1,99.3,67.9,3.6,F,Hispanic,0,0,1
23.8,28.3,119.6,60.5,8.0,M,White,0,0,0
34.2,26.4,116.0,69.8,3.3,M,Other,0,0,0
57.0,29.4,110.2,72.7,2.8,F,White,0,0,0
49.9,17.4,128.4,72.8,9.7,M,White,0,0,0
54.7,21.0,137.2,87.6,6.1,F,White,0,0,0
41.4,23.9,111.5,71.4,6.9,F,White,0,0,0
69.1,31.0,106.2,57.1,6.0,F,Hispanic,0,0,0
67.4,34.1,100.6,62.9,8.1,F,White,0,0,1
56.1,25.4,116.0,68.2,4.5,M,White,0,0,0
73.0,24.5,128.2,82.0,4.1,F,Black,0,0,0
62.5,18.6,120.0,78.4,3.8,F,Hispanic,0,0,0
41.3,28.8,111.3,71.4,2.7,F,Black,0,0,0
60.9,24.1,134.7,84.0,2.0,M,Asian,0,0,1
39.7,37.1,126.9,80.4,6.9,M,Hispanic,0,0,0
69.1,23.7,132.0,74.8,5.4,M,White,0,0,0
54.2,34.4,136.2,84.3,5.0,F,Hispanic,0,0,0
52.0,28.8,114.9,66.5,2.1,M,Asian,0,0,0
44.1,21.3,106.4,72.2,7.8,M,White,0,0,0
74.6,27.9,123.6,80.7,4.5,F,Black,0,0,1
52.5,29.0,116.0,76.0,2.6,F,White,0,0,0
48.1,24.8,94.2,68.7,5.5,F,Black,0,0,0
49.4,29.1,115.7,69.7,14.9,F,White,0,0,1
63.5,29.7,143.0,85.4,1.6,F,Black,0,0,0
60.8,28.7,138.0,83.4,15.6,F,White,0,0,0
61.6,26.3,134.3,73.7,4.5,F,Black,0,0,0
61.9,21.6,128.9,70.8,6.3,M,White,0,1,1
89.3,27.4,155.6,100.2,6.6,F,Black,0,0,0
48.5,26.4,108.2,58.7,2.7,F,White,0,0,0
46.8,18.1,109.0,61.2,3.4,M,Black,0,0,0
42.0,26.0,136.8,84.2,9.8,F,White,0,0,0
64.9,26.1,128.3,77.1,11.0,F,White,0,0,1
73.1,21.7,121.0,80.3,3.9,F,White,0,0,0
53.2,24.6,132.2,82.3,13.3,F,Asian,0,0,0
41.6,24.1,114.8,66.4,4.2,F,White,0,0,0
41.8,33.1,109.3,73.6,7.4,F,Black,0,0,0
65.4,27.4,116.0,76.3,2.8,F,White,0,0,0
66.9,30.7,133.1,74.0,7.1,M,Black,0,0,0
63.7,26.0,130.5,82.4,3.7,M,White,0,0,0
44.4,18.0,143.0,84.4,17.7,F,White,0,0,0
58.7,28.9,122.1,71.2,5.7,F,White,0,0,0
56.9,23.5,121.3,86.4,12.4,F,White,0,0,0
58.5,24.8,146.2,91.4,5.1,M,White,0,0,0
68.9,22.5,143.0,87.3,4.6,M,White,0,0,0
58.6,26.5,128.1,79.9,5.0,F,White,0,0,0
65.9,30.8,106.4,71.2,14.4,F,Other,0,0,1
56.1,29.8,114.0,66.4,3.3,F,White,0,0,0
59.6,32.6,111.6,66.0,17.2,M,Asian,0,0,0
65.1,33.4,128.5,83.6,8.1,M,White,0,0,0
31.7,16.7,110.9,59.7,13.9,F,White,0,0,0
49.9,21.0,145.9,96.4,2.2,M,White,0,0,1
47.5,18.4,100.7,52.8,7.3,F,White,0,0,0
44.8,28.0,105.7,64.0,10.1,M,White,0,0,0
50.6,23.0,127.1,69.2,10.3,M,Hispanic,0,0,0
78.9,25.2,139.5,80.1,7.2,F,Black,0,0,0
41.1,24.4,85.0,60.5,3.6,F,White,0,0,0
70.5,28.3,105.4,71.6,3.4,M,White,0,0,0
28.1,18.7,113.2,77.1,3.3,F,White,0,0,0
49.6,20.7,142.4,79.6,5.5,M,Black,0,0,0
57.6,26.1,152.2,88.1,4.9,F,White,0,0,0
64.4,31.3,122.0,77.7,3.7,M,White,0,0,0
66.4,26.5,126.0,82.4,4.0,F,White,0,0,0
67.7,23.5,117.1,67.8,4.6,F,White,0,0,0
49.4,17.1,132.2,78.5,1.3,F,Black,0,0,0
47.6,29.4,144.2,82.6,3.8,F,White,0,0,0
68.7,23.7,146.7,100.9,3.1,F,White,0,0,1
51.9,21.3,123.7,73.8,2.2,M,Asian,0,0,1
34.6,18.1,107.1,66.6,2.2,F,Other,0,0,0
36.9,19.3,119.7,74.7,3.7,F,White,0,0,0
40.3,21.4,139.9,93.4,5.6,F,White,0,0,1
63.0,25.4,121.8,69.8,5.9,F,Black,0,0,0
57.3,21.3,100.3,69.2,6.4,M,White,0,0,0
66.0,27.3,123.3,68.8,5.9,M,White,0,0,1
48.2,24.7,119.0,80.8,3.4,F,White,0,0,0
57.5,35.0,100.3,51.9,2.2,M,White,0,0,0
65.0,19.7,131.3,80.7,2.5,M,Other,0,0,1
50.1,26.4,130.6,90.7,4.3,M,Black,0,0,0
62.3,27.1,153.2,99.2,5.0,F,Other,0,0,0
44.4,21.3,103.2,66.5,7.6,F,Black,0,0,0
49.2,26.1,133.5,76.5,10.3,F,Black,0,0,0
48.9,28.8,136.7,80.3,3.5,M,Black,0,0,0
35.9,25.4,126.5,86.5,5.1,M,Black,0,0,0
62.8,31.9,113.2,73.0,6.6,F,White,0,0,0
47.5,16.9,107.8,72.2,4.6,F,White,0,1,0
55.2,22.6,126.4,78.8,2.6,M,White,0,0,0
62.7,32.3,128.6,78.0,2.8,M,White,0,0,0
62.1,30.0,119.3,78.6,8.0,F,White,0,0,1
65.6,28.7,146.3,92.2,3.7,M,White,0,0,0
53.4,30.9,118.9,72.7,3.9,F,White,0,0,0
48.2,18.0,96.5,51.3,1.3,F,White,0,0,0
53.7,29.1,121.5,81.0,9.3,M,White,0,0,0
28.0,28.9,123.6,79.3,6.7,M,White,0,0,0
31.8,22.2,122.8,72.5,1.9,M,White,0,0,0
33.8,35.5,123.3,83.5,6.2,F,Asian,0,0,0
39.0,26.0,141.1,89.0,6.4,F,White,0,0,0
61.4,17.5,111.3,70.6,12.3,F,White,0,0,1
40.5,26.8,114.7,76.4,2.7,F,White,0,0,0
48.9,22.8,144.8,93.8,6.0,F,Hispanic,0,0,0
75.8,31.7,103.7,66.1,3.2,F,Black,0,0,0
49.3,27.9,122.5,74.8,3.1,F,White,0,0,0
66.8,24.2,145.7,102.3,10.9,F,White,1,0,1
40.1,31.3,137.5,80.9,8.0,F,Black,0,0,0
51.7,29.6,133.3,87.1,1.9,M,Asian,0,0,0
39.8,21.9,130.0,80.1,1.8,F,White,0,0,0
49.6,25.1,108.8,70.2,6.3,M,White,0,0,0
68.4,28.7,148.3,99.3,4.1,M,White,0,0,0
27.4,23.2,99.9,60.1,2.5,M,White,0,0,0
62.0,25.0,111.1,72.5,6.4,F,Black,0,0,0
58.8,26.3,131.6,83.2,5.9,F,Other,0,0,0
45.5,21.3,115.2,67.6,4.5,M,Other,0,0,0
31.9,15.9,121.0,82.5,4.8,F,Hispanic,0,0,0
56.2,27.0,131.4,85.7,2.6,F,White,0,0,0
46.5,17.6,147.4,88.8,5.9,F,Other,0,0,1
58.7,22.2,132.2,88.6,13.5,M,White,0,0,0
55.3,18.9,116.4,67.2,2.1,F,White,0,0,0
80.6,20.7,142.2,88.0,7.9,M,Black,0,0,0
51.2,27.5,112.2,67.0,2.3,F,White,0,0,0
38.6,24.3,132.9,86.9,7.0,F,Hispanic,0,0,0
57.9,25.1,126.8,75.7,4.0,M,Other,0,0,1
58.5,20.9,131.7,86.2,7.1,F,Black,0,0,0
76.7,24.5,106.6,69.7,2.2,M,Hispanic,0,0,0
68.4,28.2,97.5,58.2,4.9,F,White,0,0,1
60.7,26.1,105.7,76.5,7.5,F,White,0,0,0
78.4,30.5,156.5,92.5,5.1,M,Hispanic,0,0,0
36.0,28.9,103.2,55.5,6.6,F,Black,0,0,0
44.8,24.5,132.2,87.1,3.4,F,Asian,0,0,0
40.2,17.8,111.6,56.3,6.8,M,White,0,1,0
48.8,22.7,119.8,83.2,10.8,M,White,0,0,1
33.0,24.5,117.8,73.6,3.4,M,White,0,0,0
65.2,23.4,151.1,85.1,6.6,F,Black,0,0,0
51.4,21.6,132.1,76.2,2.8,F,Hispanic,0,0,0
31.5,25.1,123.3,66.7,11.5,M,Asian,0,0,0
38.8,34.9,138.3,88.0,1.9,F,White,0,0,0
60.0,24.3,117.6,65.0,5.7,F,White,0,0,0
68.4,26.7,144.0,92.3,4.6,M,White,0,0,1
86.9,22.3,147.2,89.4,3.4,F,White,0,0,0
90.0,32.7,148.0,88.9,3.3,F,White,0,0,1
61.6,29.8,124.8,80.4,4.4,F,Black,0,0,1
39.2,28.4,114.1,74.5,10.5,F,White,0,0,0
20.9,29.7,102.6,70.5,5.3,M,White,0,0,0
59.3,24.5,115.0,67.5,1.5,M,Black,0,0,0
42.0,24.1,108.3,66.9,1.7,F,Hispanic,0,0,1
48.4,32.5,128.1,75.6,5.2,F,White,0,0,0
45.2,28.0,118.9,74.7,8.4,M,White,0,0,0
52.7,17.0,130.4,76.2,2.7,F,Black,0,0,0
72.1,28.7,136.9,82.4,5.1,F,Black,0,0,1
57.5,23.8,110.9,66.3,8.5,M,Hispanic,0,0,0
52.5,29.5,109.0,69.3,5.6,M,White,0,0,0
38.4,26.8,116.8,72.5,4.8,F,White,0,0,1
28.2,17.7,106.1,68.8,3.7,M,Asian,0,0,0
47.2,26.7,110.3,67.8,4.0,F,White,0,0,0
54.1,26.8,148.5,88.6,6.8,M,White,0,0,0
83.3,28.9,112.0,70.6,7.3,F,Other,0,0,1
57.1,28.4,153.9,89.9,7.2,F,White,0,1,0
70.7,32.8,133.8,86.3,2.9,M,Black,0,0,0
47.0,27.3,136.4,82.9,1.2,F,Hispanic,0,0,0
36.0,25.1,131.5,82.7,3.4,F,White,0,0,0
39.6,29.8,129.0,81.3,7.8,F,Black,0,0,0
43.4,34.4,144.8,99.4,12.0,M,White,0,0,0
89.1,31.4,120.1,76.7,2.4,M,Hispanic,0,0,1
41.9,26.2,118.9,74.1,6.6,F,Asian,0,0,0
68.4,28.4,117.1,68.4,3.0,M,Hispanic,0,0,0
40.6,26.3,96.9,64.9,10.1,M,White,0,0,0
69.9,26.8,120.2,72.9,7.7,F,Black,0,0,0
61.2,35.0,153.1,85.7,5.5,F,Asian,0,0,0
52.5,22.9,121.8,74.4,5.7,F,Black,0,0,0
54.3,30.6,152.6,95.7,9.4,F,Black,0,0,0
44.5,25.0,151.1,88.7,1.6,F,White,0,0,0
62.1,20.4,169.1,104.1,4.3,F,Hispanic,0,0,0
47.7,24.9,149.5,92.3,2.2,F,White,0,0,0
35.4,22.8,152.1,94.0,5.7,F,White,0,0,0
34.6,27.3,123.4,83.9,5.0,M,Asian,0,0,0
57.8,26.5,129.0,72.1,5.5,F,Asian,0,0,0
80.3,23.2,136.7,97.0,2.1,M,Other,0,0,0
57.6,32.0,125.8,77.8,8.4,M,White,0,0,0
53.1,30.3,126.5,81.9,7.0,M,White,0,0,0
59.6,32.6,136.9,85.6,3.4,M,White,0,0,0
75.9,28.0,124.7,67.0,7.3,M,White,0,0,0
58.5,26.0,106.8,59.9,1.3,F,Hispanic,0,0,0
48.4,28.5,128.1,76.3,2.3,M,White,0,0,0
72.7,24.6,120.6,80.7,4.4,F,White,0,0,0
61.9,26.9,118.8,65.4,3.7,M,White,0,0,0
79.6,26.5,130.4,75.7,9.7,F,White,0,0,1
57.9,20.3,120.7,75.8,6.7,F,Hispanic,0,0,0
35.4,25.5,134.7,86.3,11.1,F,Black,0,0,0
33.1,23.1,116.1,74.6,1.9,M,White,0,0,0
81.4,26.4,149.2,86.6,3.7,F,White,0,0,0
82.6,28.8,136.2,74.8,2.2,F,White,0,0,1
52.1,30.9,122.9,79.4,5.5,F,White,0,0,0
48.9,22.3,125.4,86.3,1.9,F,Asian,0,0,0
78.4,25.8,113.9,68.6,5.0,M,Black,0,0,0
37.3,22.1,124.4,70.3,2.8,M,White,0,0,0
40.7,22.0,132.6,79.6,7.4,F,Hispanic,0,0,0
65.3,24.1,142.0,90.4,4.4,F,White,0,0,0
48.7,24.9,104.2,63.2,1.7,F,White,0,0,0
54.9,28.3,103.7,72.7,8.1,F,White,0,0,0
52.4,27.2,116.7,77.9,8.2,M,White,0,0,0
60.4,22.0,146.0,91.6,7.2,M,White,0,0,0
77.5,32.3,134.8,71.9,3.3,F,Hispanic,0,0,0
56.4,29.9,114.6,66.9,6.3,M,Asian,0,0,1
65.3,22.9,107.7,63.5,8.7,F,White,0,0,0
22.2,29.3,105.6,61.0,4.1,M,Black,0,0,0
54.2,27.3,114.2,72.0,4.2,F,White,0,0,0
41.5,24.7,134.1,84.4,4.7,M,White,0,0,0
35.5,26.5,133.3,72.6,7.2,F,White,0,0,0
40.9,25.2,106.1,70.6,5.2,M,White,0,0,1
49.7,27.9,133.9,83.1,6.5,F,White,0,0,0
69.7,27.5,138.5,88.0,4.0,F,Asian,0,0,1
33.8,23.6,102.1,67.8,3.9,F,Hispanic,0,0,0
55.5,17.9,124.0,72.3,6.7,F,White,0,0,0
47.3,27.7,127.4,86.6,3.1,M,Black,0,0,0
49.8,24.2,125.7,77.1,2.4,M,White,0,0,0
71.0,29.9,105.9,74.7,3.0,M,Black,0,0,0
63.6,28.4,129.4,74.9,3.8,F,White,0,0,0
76.4,25.7,140.3,95.6,4.6,M,White,0,0,1
52.5,30.0,146.4,85.3,3.3,M,Black,0,0,0
43.9,26.3,112.3,84.9,3.6,F,White,0,0,1
51.4,26.5,116.3,66.4,5.6,F,White,0,0,0
58.9,25.6,123.2,82.7,2.8,F,White,0,0,0
57.8,32.9,129.9,78.4,7.1,F,White,0,0,0
37.6,22.3,121.2,79.4,2.6,M,White,0,0,0
56.4,24.8,133.9,82.8,4.5,M,Black,0,0,0
58.7,21.2,110.3,61.9,4.3,M,Black,0,0,0
90.0,30.7,141.1,70.7,9.7,F,White,0,0,0
85.0,25.2,123.6,91.7,4.0,M,White,0,0,0
41.3,23.4,118.9,74.2,7.7,M,Black,0,0,0
50.4,23.7,147.5,73.8,6.7,F,Black,0,0,0
31.6,25.1,98.4,62.8,3.2,M,Hispanic,0,0,0
45.5,20.5,118.3,77.5,9.2,F,White,0,0,0
60.0,17.3,108.7,63.1,3.3,F,White,0,0,0
74.3,28.8,132.9,78.2,3.7,F,White,0,1,1
43.3,17.0,136.2,84.3,5.9,F,White,0,0,0
44.5,28.9,124.2,84.2,3.5,M,White,0,0,0
20.6,30.5,113.1,70.7,1.9,F,White,0,0,0
52.4,25.2,142.8,97.3,3.8,F,Hispanic,0,0,0
38.0,30.3,124.5,84.0,3.7,F,White,0,0,0
46.5,25.5,133.9,81.7,2.5,F,Black,0,0,0
41.0,31.7,130.8,71.7,4.5,F,White,0,0,0
53.5,24.1,85.0,51.3,4.5,F,White,0,0,0
26.9,15.1,115.5,74.8,5.7,M,Hispanic,0,0,0
31.5,24.5,102.9,64.1,2.3,F,Black,0,0,0
89.1,34.5,123.6,80.4,2.3,M,White,0,0,0
34.4,27.1,139.5,91.6,7.2,F,Black,0,0,0
37.5,23.1,114.5,74.2,2.6,M,White,0,0,0
84.4,28.8,160.3,97.7,5.2,M,White,0,0,1
90.0,31.6,115.8,74.9,3.9,F,Black,0,0,1
36.3,24.7,104.2,78.0,2.9,F,Black,0,0,0
49.1,36.2,133.9,74.1,9.6,M,White,0,0,0
60.5,24.2,121.9,78.5,4.5,F,Other,0,0,0
82.7,31.4,137.6,96.3,3.1,M,Black,0,0,1
39.2,28.3,118.7,66.5,1.7,F,Black,0,0,0
51.1,23.0,121.8,81.5,6.4,F,White,0,0,0
67.4,24.9,124.5,84.0,2.5,F,White,0,0,0
62.0,30.4,129.6,71.5,9.1,M,White,0,0,0
49.0,26.3,132.2,86.2,4.3,F,Black,0,0,0
52.9,27.2,147.0,89.5,17.3,M,White,0,0,1
33.0,18.4,115.6,71.3,3.7,M,Black,0,0,0
51.2,28.4,118.3,71.4,2.5,F,White,0,0,1
50.7,26.9,116.4,80.0,4.6,F,Black,0,0,0
58.7,25.9,146.7,90.3,3.1,F,Hispanic,0,0,0
46.1,27.0,132.0,79.1,1.4,F,Black,0,0,0
62.5,24.7,100.7,59.7,7.4,M,Black,0,0,0
71.2,24.4,102.7,61.6,5.3,F,Hispanic,0,0,1
57.5,25.2,114.1,64.3,2.7,F,White,0,0,0
60.6,24.4,129.9,77.7,2.2,M,Black,0,0,0
55.9,34.8,124.8,78.1,2.4,M,Asian,0,0,0
55.0,29.6,132.2,84.4,4.5,F,White,0,0,0
43.5,21.5,119.1,81.1,13.0,M,White,0,0,0
60.1,34.4,146.1,92.0,3.9,F,Other,0,0,0
53.4,24.2,135.3,81.1,1.7,M,White,0,0,0
88.5,27.8,136.1,78.3,2.5,F,White,1,0,1
80.2,30.8,148.6,93.9,4.8,F,White,0,0,1
61.2,18.4,103.8,63.6,2.8,F,White,0,0,0
42.8,24.4,120.1,74.0,2.0,M,White,0,0,0
37.2,22.8,121.6,77.0,4.0,M,White,0,0,0
74.1,27.8,139.1,89.4,2.5,F,Asian,0,0,0
59.2,27.7,102.2,65.0,5.0,M,White,0,0,0
62.7,26.1,123.7,75.6,5.0,M,White,0,0,0
27.1,24.1,122.2,71.0,6.0,F,Hispanic,0,0,0
69.8,31.0,136.1,80.7,6.6,M,Hispanic,0,0,0
62.3,27.6,143.8,94.2,2.7,F,White,0,0,0
37.2,25.3,130.3,78.3,7.3,M,White,0,0,0
47.5,26.2,121.9,67.5,3.5,F,Black,0,0,0
59.2,33.6,135.7,91.1,1.5,F,Hispanic,0,0,0
55.8,26.7,122.4,70.3,6.8,F,White,0,0,0
50.3,23.7,125.7,78.1,9.5,F,White,0,0,0
53.3,18.3,135.6,87.0,3.8,M,Black,0,0,0
51.0,20.1,123.2,76.4,7.6,F,Black,0,0,0
57.4,24.3,130.8,66.2,4.0,F,White,0,0,1
78.5,26.7,145.5,92.6,3.1,F,Hispanic,0,0,0
18.0,21.9,123.9,84.8,4.0,M,Hispanic,0,0,0
51.2,27.2,141.1,92.2,4.3,M,Black,0,0,0
57.8,23.9,158.4,85.5,4.8,F,Black,0,0,0
59.7,22.6,136.3,97.2,3.6,F,Black,0,0,1
49.0,28.2,116.8,64.4,6.7,F,White,0,0,0
26.9,30.1,123.7,70.2,5.8,M,White,0,0,0
60.2,21.8,133.1,87.2,2.4,M,Black,0,0,0
82.6,28.4,141.9,90.7,3.2,M,Black,0,0,0
30.5,17.2,138.6,86.4,6.4,M,White,0,0,0
68.8,20.8,105.6,62.0,4.0,F,White,0,0,0
49.7,23.4,144.6,97.6,2.8,M,Black,0,0,0
54.0,30.5,150.6,93.1,3.9,F,Black,0,0,0
38.2,22.0,127.9,69.9,1.9,F,White,0,0,0
49.6,22.5,131.7,89.0,8.8,F,White,0,0,0
75.8,27.2,127.9,80.6,4.4,F,White,0,0,0
64.3,26.6,127.9,86.0,3.1,M,Asian,0,0,0
82.7,24.2,143.1,92.1,1.8,F,Hispanic,0,0,0
73.8,34.9,139.5,100.9,11.4,M,White,0,0,1
62.0,25.3,137.2,83.2,1.7,M,White,0,0,0
82.9,27.8,142.1,88.2,5.4,M,Black,0,0,1
62.0,24.7,139.7,90.9,3.6,M,White,0,0,0
68.2,28.4,140.0,85.0,3.9,F,Other,0,0,1
50.3,30.7,109.2,72.5,4.2,F,White,0,0,0
56.1,32.7,137.0,67.2,3.1,F,White,0,0,1
43.8,22.4,147.7,91.1,4.3,F,White,0,0,0
70.8,31.2,129.4,79.6,4.7,M,White,0,0,0
36.1,27.3,140.3,86.2,6.2,F,Black,0,0,0
67.5,30.5,115.9,66.6,5.8,F,Hispanic,0,0,1
51.9,25.5,123.7,82.1,2.4,F,White,0,0,0
73.7,26.2,121.6,72.4,2.7,F,White,0,0,0
67.0,30.3,147.9,92.9,7.3,M,Black,0,0,0
84.1,31.3,156.7,96.9,3.4,F,Hispanic,0,0,1
66.7,32.8,127.1,81.8,5.3,M,White,0,0,1
29.8,25.5,133.8,91.6,8.3,M,White,0,0,0
53.9,25.5,147.8,92.8,4.5,M,Black,0,0,0
36.2,15.2,118.9,78.8,2.4,F,White,0,0,0
46.7,19.1,124.3,78.0,2.4,M,Black,0,0,0
79.2,25.6,142.5,85.3,3.6,F,White,0,0,0
65.2,22.1,116.3,71.2,3.6,F,White,0,0,0
43.8,28.7,123.2,74.7,2.2,M,Black,0,0,0
38.8,19.9,150.1,96.5,2.6,M,White,0,0,0
55.5,24.0,118.2,73.9,5.8,F,White,0,0,0
35.5,23.2,131.1,76.5,7.4,M,White,0,0,0
44.3,30.3,129.1,78.7,3.4,F,Asian,0,0,0
60.0,23.8,124.2,67.9,1.1,M,Black,0,0,0
73.5,28.7,133.6,81.8,5.6,M,White,0,0,0
64.7,27.3,152.5,94.5,1.6,M,Black,0,0,0
18.3,27.8,121.8,86.3,1.9,M,White,0,0,0
59.9,29.6,136.4,92.7,3.8,M,White,1,0,0
56.2,25.9,147.8,85.4,8.5,M,White,0,0,0
61.6,19.5,122.9,77.4,6.4,M,White,0,0,0
80.9,26.4,118.1,74.5,6.0,M,White,0,0,1
22.0,24.3,139.9,85.3,3.9,F,Asian,0,0,0
45.5,26.7,124.1,75.9,2.1,M,White,0,0,0
64.5,23.5,140.3,84.9,7.8,F,Hispanic,0,0,0
29.7,29.3,106.7,77.4,2.1,M,Black,0,0,0
78.6,27.2,137.5,82.8,5.2,F,White,0,0,0
60.9,22.6,111.4,71.1,4.6,F,White,0,0,0
68.5,24.8,130.0,65.4,2.0,M,White,0,0,0
45.9,33.3,113.2,75.1,1.6,F,White,0,0,0
68.0,29.3,116.6,79.4,6.0,F,Black,0,0,0
72.1,31.0,125.9,71.7,4.3,M,Other,0,0,0
58.7,22.0,94.0,55.2,7.7,F,Hispanic,0,0,0
58.8,23.4,109.9,70.8,5.0,F,White,0,0,0
59.3,23.5,137.3,85.2,4.7,F,White,0,0,0
41.2,26.0,125.7,80.7,1.4,F,White,0,0,1
52.6,25.2,109.3,66.0,4.6,F,Other,0,0,0
52.6,23.9,131.9,93.0,4.0,F,White,0,0,1
61.1,24.9,114.5,67.0,5.1,F,White,0,0,1
71.0,23.6,139.9,102.9,4.0,F,Black,0,0,1
38.1,24.4,118.3,80.8,3.9,F,White,0,0,0
53.0,30.4,119.8,79.3,3.8,M,White,0,0,0
78.7,21.1,130.8,74.9,2.9,M,Black,0,0,0
43.1,26.8,157.3,103.0,5.9,F,White,0,0,0
41.8,30.9,110.4,72.1,16.6,F,White,0,0,0
58.2,25.4,129.1,67.4,2.0,M,White,0,0,0
68.5,24.6,140.0,78.4,2.4,M,White,0,0,0
55.2,29.7,111.6,71.3,5.9,F,Other,1,0,0
76.3,23.1,109.1,66.8,3.5,F,White,0,0,1
68.7,26.6,120.7,71.7,3.2,F,Black,0,0,0
68.5,22.5,139.7,93.1,1.6,M,White,0,0,0
63.9,19.0,122.9,70.9,2.5,M,Black,0,0,0
90.0,27.1,132.3,79.3,2.3,M,Asian,0,0,0
51.7,20.8,136.8,80.9,1.6,F,White,0,0,0
22.9,24.4,104.1,67.6,7.2,F,Other,0,0,0
80.7,31.7,131.5,71.2,4.5,F,Black,0,0,1
47.7,33.1,101.6,60.0,15.6,F,Black,0,0,0
56.7,26.5,130.0,70.3,4.8,F,White,0,0,0
76.0,31.1,134.5,81.5,2.1,M,Black,0,0,1
29.4,26.3,128.4,84.0,5.0,F,White,0,0,1
35.0,23.5,103.0,68.3,5.7,M,Asian,0,0,0
29.4,17.0,114.6,66.7,3.0,F,Asian,0,0,0
42.3,31.9,103.3,67.2,5.6,F,White,0,0,0
62.0,22.2,123.7,75.6,5.5,M,Asian,0,0,0
63.4,32.0,148.3,100.1,2.6,M,Hispanic,0,0,1
59.4,28.4,121.8,74.8,6.2,F,Black,0,0,1
32.4,21.0,99.1,45.0,4.9,M,White,0,0,0
18.0,25.4,104.4,70.1,4.2,F,White,0,0,0
55.9,34.6,102.7,60.9,4.5,F,White,0,0,0
47.5,31.8,104.6,63.2,2.1,F,White,0,0,0
62.4,24.3,136.6,86.7,9.0,F,Other,0,0,0
66.2,23.7,108.1,58.5,3.5,M,White,0,0,0
57.2,26.5,130.0,81.1,3.3,F,Black,0,0,0
67.2,25.9,129.0,83.2,5.1,M,Black,0,0,0
58.7,31.0,118.7,75.8,14.3,M,Black,0,0,0
63.5,29.4,130.7,77.5,6.3,F,White,0,0,1
43.7,18.7,108.5,73.2,3.6,F,White,0,0,0
52.1,27.7,135.9,78.3,5.1,F,Black,0,0,0
58.1,25.4,116.2,68.3,5.1,M,White,0,0,0
68.1,26.8,123.5,75.8,4.2,M,White,0,0,0
48.7,26.7,116.0,73.7,2.2,M,Black,0,0,0
63.3,31.2,137.2,83.1,6.4,F,White,0,0,0
50.7,29.7,131.3,88.8,3.2,F,Black,0,0,1
53.1,22.9,87.7,56.2,2.7,M,White,0,0,0
68.3,26.4,132.5,82.6,3.4,F,White,0,0,0
23.1,22.6,91.0,58.0,7.4,M,Hispanic,0,0,1
34.3,18.2,114.0,75.1,3.2,F,White,0,0,0
31.3,24.4,116.4,73.6,4.0,F,Asian,0,0,0
18.0,31.5,109.0,56.7,12.1,F,Hispanic,0,0,0
44.1,18.6,128.8,86.4,3.3,F,White,0,0,0
67.0,26.5,138.7,86.7,3.9,M,White,0,0,0
50.4,25.5,112.8,74.0,4.2,F,White,0,0,1
58.2,27.3,114.6,68.6,3.3,M,Asian,0,0,0
72.4,23.0,129.7,69.5,3.9,M,Black,0,0,1
76.2,21.4,109.8,54.4,4.5,M,White,0,0,0
53.9,20.4,118.0,67.5,3.2,M,White,0,0,1
76.7,32.4,150.4,96.3,1.6,M,White,0,0,0
56.5,22.1,104.4,72.5,1.9,M,White,0,0,0
41.6,23.3,116.2,73.9,4.1,F,White,0,0,0
45.5,33.9,113.9,64.3,9.7,F,White,0,0,0
31.3,21.9,146.0,85.8,3.5,M,Hispanic,0,0,0
40.8,26.7,113.2,78.4,4.8,F,White,0,0,0
49.3,30.0,116.6,64.4,7.8,F,White,0,0,0
67.9,30.7,114.4,83.6,5.5,M,Black,0,0,1
82.5,22.1,133.4,94.0,4.2,F,Asian,0,0,1
32.9,22.0,122.1,88.5,3.9,M,White,0,0,0
61.3,27.5,114.5,73.3,2.8,M,Asian,0,0,1
38.4,32.9,133.8,80.9,6.3,F,White,0,0,0
62.6,23.3,131.1,83.4,7.5,M,Hispanic,0,0,0
52.9,23.9,136.3,90.0,1.0,F,White,0,0,0
25.7,26.2,111.6,65.3,6.4,M,Black,0,0,0
69.9,29.2,132.9,75.8,5.7,M,White,0,0,0
45.3,28.2,119.1,72.1,3.4,F,Other,0,0,1
46.5,22.2,142.8,83.9,2.8,F,Asian,0,0,1
37.9,23.0,121.5,82.8,5.3,F,White,0,0,0
44.5,26.3,122.0,71.9,1.9,F,White,0,0,0
61.8,31.4,120.6,75.4,3.4,F,Black,0,0,0
52.0,24.9,116.9,78.4,4.8,M,White,0,0,0
60.3,26.2,129.9,88.2,8.4,F,Black,0,0,0
60.8,22.2,138.2,86.9,10.4,M,Black,1,0,1
76.1,34.5,121.8,77.8,2.3,F,White,0,0,0
49.5,26.3,125.1,71.5,5.1,M,White,0,0,0
31.4,29.1,120.5,80.8,4.2,F,Asian,0,0,0
72.1,27.0,135.1,91.4,5.9,F,White,0,0,1
49.7,26.1,99.5,50.5,3.8,M,Black,0,0,0
72.8,20.9,117.4,83.4,6.1,F,White,0,0,1
61.1,17.7,107.7,62.6,4.8,M,White,1,0,0
52.9,30.9,124.8,81.0,3.0,F,White,0,0,0
60.6,26.6,114.1,71.2,6.1,M,White,0,0,0
86.2,28.4,127.4,78.6,3.9,M,Black,0,0,0
88.2,22.7,118.2,72.1,4.3,M,White,0,0,1
56.1,22.4,119.7,68.3,2.5,F,Black,0,0,0
57.6,30.4,110.0,71.4,3.6,F,Black,0,0,0
72.2,33.8,140.8,85.6,8.3,F,White,0,0,0
41.5,22.8,127.7,71.3,3.1,F,White,0,0,0
60.3,29.0,128.7,73.6,10.4,F,Black,0,0,1
54.6,26.7,120.6,67.0,4.4,M,Black,0,0,0
60.0,25.8,98.0,57.6,4.9,F,White,0,0,0
41.7,32.7,114.6,74.0,2.8,M,White,0,0,0
29.6,22.9,106.7,61.9,6.3,F,Hispanic,0,0,0
21.8,29.3,118.5,79.3,1.8,F,White,0,0,0
37.1,26.6,128.3,78.8,3.6,F,Black,0,0,0
47.7,25.6,127.3,77.2,2.8,F,White,0,0,0
50.3,31.3,141.3,87.7,2.0,F,Black,0,0,0
86.0,28.7,126.3,86.7,5.9,F,White,0,0,1
72.7,26.5,121.8,67.3,3.7,F,Black,0,0,1
39.6,30.7,134.9,93.6,4.3,M,White,0,0,0
60.6,31.3,129.0,85.7,2.8,F,White,0,0,0
48.5,30.5,119.6,74.0,6.6,F,White,0,0,0
50.5,15.0,149.5,99.8,4.8,F,Black,0,0,0
58.0,27.9,134.0,81.1,9.2,F,White,0,0,0
64.9,27.3,125.3,79.4,2.9,M,White,0,0,0
49.6,25.6,113.8,67.3,2.9,F,Black,0,0,0
72.0,29.3,148.7,98.0,5.6,M,White,0,0,1
36.7,26.1,122.4,71.7,9.8,F,White,0,0,0
55.1,28.7,125.4,77.4,3.2,F,Hispanic,0,0,0
90.0,26.7,145.0,94.0,1.3,M,Hispanic,0,0,0
58.6,32.2,138.4,92.1,2.1,F,Hispanic,0,0,0
77.9,30.3,139.6,81.6,8.3,M,White,1,0,1
56.5,28.2,137.8,90.0,3.6,F,White,0,0,0
64.3,28.4,134.1,77.3,11.0,M,Black,0,0,0
54.1,30.6,132.5,69.2,2.3,F,White,0,0,0
52.3,30.0,113.9,66.2,5.6,F,Black,0,0,0
42.5,24.9,146.6,95.9,5.6,M,White,0,0,0
61.9,30.3,109.8,68.0,1.9,F,Asian,0,0,0
41.4,26.0,125.2,74.4,1.9,F,Black,0,0,0
65.6,34.2,109.5,68.2,3.6,M,White,0,0,1
72.4,31.3,128.8,80.0,5.9,M,White,0,0,0
60.9,23.8,118.8,77.4,5.2,M,White,0,0,0
50.4,35.1,125.5,68.2,3.8,M,White,0,1,1
62.3,18.0,132.0,81.2,3.7,M,Black,0,0,0
50.1,28.3,110.1,69.0,1.4,M,White,0,0,0
70.0,24.0,129.1,71.8,2.6,M,White,0,0,0
25.7,32.1,135.7,75.9,1.7,F,White,0,0,0
49.6,26.7,105.0,62.9,5.1,F,Black,0,0,0
23.1,21.2,103.5,64.2,2.1,M,White,0,0,0
31.1,23.7,129.9,80.6,8.2,M,White,0,0,0
76.8,24.2,132.6,78.9,4.3,F,Asian,0,0,0
69.3,25.5,131.4,77.9,2.5,F,White,0,0,0
43.5,24.1,135.9,81.9,7.5,F,White,0,0,0
31.0,21.8,106.7,67.9,2.0,F,Other,0,0,0
18.0,25.2,106.6,73.6,2.0,M,White,0,0,0
46.3,27.1,113.4,57.0,2.5,F,Asian,0,0,0
90.0,23.8,130.6,84.7,7.5,M,Black,0,0,0
62.0,19.7,145.8,89.8,11.1,M,Black,0,0,0
46.0,26.8,98.5,64.2,1.7,M,White,0,0,0
62.4,28.5,110.5,75.6,18.8,F,White,0,0,1
30.0,27.7,98.4,56.5,6.0,M,White,0,0,0
50.2,28.0,143.2,94.4,3.2,M,White,0,0,0
56.6,32.4,116.9,64.9,5.7,M,White,0,0,1
53.6,29.9,120.0,75.2,7.6,F,Black,0,0,0
67.7,37.4,106.2,64.4,2.5,F,Black,0,0,0
60.5,38.7,123.0,76.5,7.6,M,White,0,0,0
65.7,19.5,140.3,81.1,4.2,F,Black,0,0,1
44.0,16.7,125.2,80.3,1.7,F,Asian,0,0,0
69.4,26.7,127.8,88.8,5.9,M,Black,0,0,1
81.1,29.3,110.9,62.9,9.5,M,Hispanic,0,0,1
39.5,24.9,115.8,72.9,5.3,F,Black,0,0,0
40.8,28.1,122.8,81.3,2.2,F,White,0,0,0
76.4,26.0,117.5,71.1,5.4,F,White,0,0,0
51.9,23.1,133.3,90.8,4.8,M,Asian,0,0,0
77.5,25.0,144.1,86.8,5.6,M,Black,0,0,0
47.9,24.8,115.5,70.9,1.6,F,Hispanic,0,0,0
78.3,30.5,142.1,82.2,1.7,F,Asian,0,0,0
57.1,24.2,124.1,77.7,3.0,F,White,0,0,0
59.1,25.1,142.3,88.2,6.8,F,White,0,0,0
80.0,29.5,161.0,103.6,6.2,M,Black,0,1,0
49.2,24.9,108.0,63.1,7.2,F,White,0,0,0
39.9,29.7,131.3,77.3,5.7,F,White,0,0,0
47.8,22.0,141.1,90.3,6.5,F,Hispanic,0,0,0
62.2,21.8,113.6,78.8,4.8,F,Black,0,0,0
29.9,26.0,109.4,71.6,3.8,M,White,1,0,0
65.2,28.1,119.9,85.4,6.0,M,Black,0,0,0
46.4,22.1,120.6,78.1,2.1,M,White,0,0,0
73.4,32.3,125.5,80.9,2.4,F,Hispanic,0,0,0
18.0,31.8,111.1,73.0,2.0,M,White,0,0,0
42.4,22.9,133.0,91.4,4.6,F,Hispanic,0,0,0
28.0,30.6,90.4,63.5,2.1,M,White,0,0,0
41.8,15.8,107.4,60.1,1.3,M,White,0,0,0
59.0,30.5,135.6,88.9,1.8,F,White,0,0,0
52.1,22.4,131.9,83.4,9.5,M,White,0,0,1
50.9,29.7,109.0,66.4,4.7,F,White,0,0,0
52.5,22.0,132.1,71.2,7.5,M,Hispanic,0,0,0
58.3,25.9,144.6,80.4,1.7,F,Hispanic,0,0,0
38.9,22.0,119.5,71.9,5.5,F,White,0,0,0
66.3,25.7,114.3,62.1,2.0,F,Black,0,0,1
65.6,33.8,140.4,85.0,5.5,F,Hispanic,0,0,0
61.2,25.9,151.0,97.9,7.2,F,Hispanic,0,0,0
63.9,34.9,115.3,68.0,6.0,F,White,0,0,0
59.7,24.7,127.0,79.2,4.4,M,White,0,0,0
87.6,33.6,150.0,86.6,9.2,F,Asian,0,0,1
53.6,19.4,126.2,80.0,6.8,F,White,0,0,0
50.1,24.6,99.1,64.5,2.7,M,White,0,0,0
42.9,23.3,127.6,70.6,2.1,M,Black,0,0,0
38.5,31.3,106.3,61.4,14.9,F,White,0,0,0
35.1,25.7,101.2,55.2,2.8,F,Hispanic,0,0,0
40.8,16.9,96.5,62.9,3.9,M,White,0,0,0
53.9,20.7,141.3,88.6,2.4,M,Black,0,0,0
60.3,22.2,114.9,71.0,6.5,F,Asian,0,0,0
55.8,29.8,129.9,79.8,2.5,M,Other,0,0,0
42.8,28.6,129.4,82.2,4.2,F,Asian,0,0,0
69.4,25.5,131.6,83.6,5.3,F,Hispanic,0,0,0
66.8,24.4,132.7,79.3,2.9,M,White,0,0,0
52.4,28.7,129.6,76.5,5.3,M,Asian,0,0,0
44.6,21.0,123.8,76.4,10.5,M,Asian,0,0,0
63.8,28.3,117.0,71.4,4.8,F,White,0,0,0
58.0,27.6,114.0,83.1,6.2,F,White,0,0,0
31.8,23.7,116.6,70.0,3.4,F,White,0,0,0
53.9,27.5,122.9,77.9,3.2,F,Black,0,0,0
59.2,26.6,132.3,84.8,2.0,F,Black,0,1,0
40.6,27.3,136.1,92.8,4.6,F,White,0,0,0
58.0,20.8,130.7,76.2,7.5,M,White,0,0,0
31.7,27.3,106.7,74.2,6.0,M,White,0,0,0
76.4,31.2,100.9,61.7,3.2,F,White,0,0,0
75.0,28.3,120.2,89.5,3.5,F,Asian,0,0,1
51.0,28.2,105.0,67.3,10.6,M,White,0,0,1
60.8,25.9,116.5,64.9,5.6,F,White,0,0,0
18.0,27.7,117.3,71.5,6.6,M,White,0,0,0
36.5,25.3,120.6,82.8,7.1,F,Hispanic,0,0,0
50.3,21.2,149.6,93.2,3.3,M,Hispanic,0,0,0
37.8,28.4,126.6,78.1,3.1,M,White,0,0,0
66.4,20.0,155.2,100.5,3.2,M,White,0,0,0
87.0,28.7,144.6,87.6,3.0,M,White,0,0,0
36.2,23.5,134.6,82.2,9.3,M,White,0,0,0
41.6,23.5,116.0,66.2,3.8,F,Black,0,0,0
58.8,26.9,111.1,79.2,8.5,M,White,0,0,0
80.8,24.5,126.4,71.1,3.9,M,White,0,0,1
35.4,27.1,119.0,74.8,4.0,M,White,0,0,0
59.0,26.4,117.4,75.7,1.5,F,White,0,0,0
84.1,25.0,119.7,74.1,3.1,F,White,0,0,1
28.6,30.0,122.9,68.7,9.5,M,White,0,0,0
34.5,25.8,104.8,59.0,9.3,M,White,0,0,0
48.2,28.2,101.5,66.1,3.1,F,White,0,0,0
46.7,31.2,106.8,61.5,1.3,F,White,0,0,1
68.0,32.3,125.6,65.5,2.4,F,Other,0,0,0
58.9,28.5,112.3,71.9,3.1,F,White,0,0,0
26.6,23.4,113.3,65.0,3.1,F,White,0,0,0
63.2,20.7,135.9,88.0,3.1,F,White,0,0,0
45.8,26.4,130.3,79.6,4.3,F,Black,0,0,0
75.4,31.4,121.9,74.1,2.3,M,Asian,0,0,0
45.0,26.9,103.7,64.6,3.9,F,Hispanic,0,0,0
44.8,15.0,113.9,63.8,5.0,F,Black,0,0,0
63.7,29.9,136.8,79.8,3.2,F,Hispanic,0,0,0
67.2,30.3,141.1,85.9,4.4,F,White,0,0,0
62.2,25.2,132.1,75.0,10.4,M,Hispanic,0,0,1
28.0,28.6,133.7,87.2,6.2,M,Hispanic,0,0,0
63.6,28.9,151.8,92.3,5.7,F,White,0,0,0
38.5,22.4,113.3,61.5,3.4,F,White,0,0,0
58.8,31.3,146.9,87.7,3.0,F,White,0,0,0
32.2,19.8,114.5,71.6,4.1,F,White,0,0,0
62.1,26.1,141.4,85.0,5.6,F,Hispanic,0,0,0
42.1,24.7,131.0,83.6,4.8,F,White,0,0,0
34.5,21.7,91.2,60.0,4.5,F,Black,0,0,0
66.4,27.8,114.9,85.6,6.8,M,Other,0,0,1
58.9,31.4,109.1,74.5,5.4,F,White,0,0,0
45.2,30.5,97.1,50.4,6.5,F,White,0,0,0
78.2,30.1,144.3,87.3,2.5,F,Black,0,0,0
47.9,18.9,151.8,92.5,2.1,F,Hispanic,0,0,0
55.5,20.7,121.5,78.8,9.9,F,White,0,0,0
59.3,26.9,138.2,80.1,1.3,F,White,0,0,0
45.1,25.4,142.8,85.4,2.2,F,Black,0,0,0
62.5,24.4,130.2,73.2,3.4,F,Asian,0,0,1
46.5,33.2,122.1,72.1,8.5,M,White,0,0,0
48.4,26.1,119.6,70.8,2.0,M,White,0,0,0
76.8,29.3,139.1,84.3,1.5,F,Other,0,0,1
38.4,29.1,132.3,74.9,2.6,F,White,0,0,0
18.0,24.4,120.4,80.5,3.1,M,White,0,0,0
80.8,37.7,138.7,88.8,4.4,M,Black,1,0,1
90.0,24.0,134.8,74.9,5.7,F,White,0,0,0
48.5,23.3,100.8,62.6,6.9,F,White,0,0,0
24.0,20.7,128.3,70.1,1.8,F,Black,0,0,0
50.0,32.0,105.5,73.5,1.2,M,Black,0,0,0
50.4,29.0,132.3,91.7,4.3,F,White,0,0,0
52.0,23.7,134.7,83.2,2.0,F,White,0,0,0
37.2,21.7,103.7,59.2,3.0,F,White,0,0,0
64.3,32.0,119.3,70.0,3.5,F,Black,0,0,0
63.4,27.9,157.2,94.8,3.1,F,Hispanic,0,0,0
31.1,30.4,116.7,71.7,1.5,M,Hispanic,0,0,0
66.2,26.3,111.3,77.2,4.6,F,Black,0,0,0
87.8,29.7,146.1,96.3,12.1,F,Hispanic,0,0,1
57.8,27.3,115.0,77.1,3.9,F,Hispanic,0,0,1
49.6,23.2,96.5,60.8,13.3,M,White,0,0,0
52.7,25.3,131.6,74.7,1.3,F,Asian,0,0,0
64.8,21.8,115.1,66.8,2.5,F,Hispanic,0,0,0
27.3,26.6,121.2,75.5,10.9,F,White,0,0,0
57.6,29.2,114.4,63.7,2.5,M,White,0,0,0
48.8,29.6,133.0,84.3,4.8,M,Black,0,0,0
84.6,30.1,136.4,89.4,4.0,M,White,0,0,0
52.2,25.3,87.9,57.8,3.4,M,Black,0,0,0
81.7,33.5,138.4,88.8,7.0,F,White,0,0,0
37.3,28.7,115.6,60.5,4.1,F,White,0,0,0
64.4,32.0,147.7,99.5,6.2,F,White,0,0,0
60.1,32.1,132.1,72.5,11.1,M,Hispanic,0,0,1
41.1,24.8,131.4,80.6,7.1,M,White,0,0,0
57.8,27.7,115.9,75.6,2.2,F,Black,0,0,0
74.4,30.1,119.8,76.4,15.1,M,White,0,0,1
49.8,21.1,123.1,68.6,5.6,F,White,0,0,0
27.9,20.1,111.8,62.7,3.6,F,White,0,0,0
54.7,20.8,143.6,90.8,2.0,F,White,0,0,0
40.6,24.8,118.5,76.5,4.2,M,Black,0,0,0
49.5,24.4,106.2,59.2,2.6,M,Black,0,0,0
53.7,20.2,113.0,72.4,1.8,F,White,0,0,0
27.7,25.2,130.3,71.7,2.1,M,White,0,0,0
29.1,24.3,114.9,75.0,1.6,M,Black,0,0,0
62.7,31.1,124.2,71.7,3.3,M,Black,0,0,0
46.6,33.6,137.3,85.6,3.8,M,White,0,0,0
18.0,26.0,101.1,62.2,5.2,F,Black,0,0,0
67.6,23.8,97.5,67.4,5.5,M,White,0,0,0
59.4,28.8,114.4,72.4,3.0,M,White,0,0,0
43.6,25.5,125.0,73.9,3.2,M,Black,0,0,0
33.9,24.0,115.2,73.6,4.6,F,Black,0,0,0
68.4,23.2,107.2,79.3,2.2,M,Hispanic,0,0,1
60.6,24.4,140.9,91.8,6.1,M,White,0,0,0
90.0,27.0,137.8,85.1,3.4,F,White,0,0,0
61.7,29.6,132.5,77.1,6.7,M,Black,0,0,0
61.2,28.4,132.7,78.6,4.3,F,White,0,0,0
52.3,33.2,106.0,69.8,3.6,F,White,0,0,0
68.1,29.4,133.2,77.2,7.9,F,Black,0,0,0
65.0,28.2,140.7,87.3,1.7,M,White,0,0,0
75.0,25.8,147.0,99.7,5.0,M,White,0,0,0
46.7,21.4,132.6,83.1,9.9,F,White,0,0,0
48.0,23.4,130.1,74.2,4.5,M,Asian,0,0,0
47.3,22.8,98.4,74.1,4.0,F,White,0,0,0
67.7,16.4,128.6,90.3,6.8,F,White,0,0,0
79.0,23.2,118.8,76.7,3.0,M,White,0,0,0
47.7,32.0,140.7,94.9,3.5,M,White,0,0,0
48.2,27.1,138.8,84.4,2.0,M,White,0,0,0
60.0,24.7,113.2,74.5,2.9,M,Black,0,0,0
51.1,27.4,123.2,73.8,5.8,M,White,0,0,0
70.2,18.9,133.0,74.4,3.5,F,White,1,0,0
19.0,25.3,126.8,94.2,2.4,F,White,0,0,0
41.8,30.4,97.6,52.1,8.1,F,White,0,0,0
42.5,24.9,90.3,57.8,7.4,M,White,0,0,0
18.0,17.1,114.4,72.7,2.6,M,Black,0,0,0
39.6,23.6,85.0,55.8,7.4,M,Black,0,0,0
40.4,30.4,122.8,75.6,5.7,F,Black,0,0,0
51.8,26.9,132.3,81.6,4.6,F,White,0,0,0
72.8,21.2,147.6,92.4,10.3,M,Hispanic,0,0,1
51.1,35.3,115.1,74.2,5.0,M,Black,0,0,0
38.5,20.2,122.3,75.8,2.7,F,White,0,0,0
54.1,25.0,133.8,82.6,3.3,F,White,0,0,0
71.8,22.7,113.6,62.5,1.7,F,Black,0,0,1
39.4,21.1,133.1,94.6,5.6,F,White,0,0,0
40.4,23.5,124.5,80.4,10.2,F,White,0,0,0
63.9,29.0,119.2,75.2,5.0,F,Black,1,0,1
51.5,31.0,125.9,74.3,4.6,M,White,0,0,0
65.4,25.0,126.2,72.2,6.7,F,Asian,0,0,0
54.8,21.9,135.9,89.4,6.1,F,White,0,0,0
66.2,28.5,123.3,75.5,8.2,F,White,0,0,0
38.4,27.2,123.2,80.1,4.1,M,White,0,0,0
54.8,27.0,116.2,64.0,5.3,F,White,0,0,0
51.6,26.9,110.9,78.0,3.9,F,Hispanic,0,0,0
35.5,24.6,121.6,80.8,2.0,F,Hispanic,0,0,0
30.0,25.1,104.9,64.6,2.2,M,Asian,0,0,0
66.0,25.8,139.5,89.3,2.8,M,White,0,0,0
49.4,30.0,131.6,86.0,1.9,F,White,0,0,1
38.6,34.1,109.4,59.8,4.5,F,White,0,0,0
53.5,26.6,127.5,89.1,7.0,F,White,0,0,0
73.0,26.9,119.6,77.1,3.0,M,Asian,0,0,0
18.5,25.2,91.6,52.6,1.5,M,White,0,0,0
31.1,22.2,109.5,61.3,2.6,F,White,0,0,0
40.2,28.3,119.9,80.2,3.5,F,White,0,0,0
78.4,28.9,139.3,87.6,6.7,M,Hispanic,0,0,0
59.5,24.5,128.4,82.5,4.3,M,White,0,0,0
67.3,30.2,141.4,87.8,4.3,F,Black,0,1,0
36.8,25.2,105.8,59.6,5.5,F,Black,0,0,0
37.1,21.2,114.4,74.0,7.3,F,Hispanic,0,0,0
62.2,27.8,150.2,91.9,10.0,M,White,0,0,0
55.9,27.0,98.2,60.8,3.0,M,White,0,0,0
63.8,30.3,121.3,89.5,4.1,M,White,0,0,1
52.0,29.2,109.1,72.9,3.0,M,Hispanic,0,0,0
59.5,25.8,123.6,82.2,5.3,F,Asian,0,0,0
57.5,24.2,119.7,90.5,1.5,F,Black,0,0,1
67.4,26.6,137.2,87.3,11.6,F,White,0,0,0
67.9,28.1,132.5,82.8,5.6,M,White,0,0,1
29.1,26.6,98.9,57.3,5.1,M,Black,0,0,0
19.0,25.4,106.0,63.0,2.7,F,White,0,0,0
71.0,26.4,129.8,68.2,3.3,F,White,0,0,1
74.0,30.9,141.1,92.2,2.0,M,Hispanic,0,0,1
38.7,22.5,154.2,88.0,2.6,M,White,0,0,0
25.2,34.4,125.9,83.5,7.3,M,White,0,0,0
56.6,29.1,111.3,68.7,1.7,F,White,0,0,0
69.9,22.2,128.2,80.2,13.1,M,White,0,0,1
83.8,28.2,136.2,84.2,8.2,M,Black,0,0,1
63.3,29.5,120.2,82.8,5.1,M,White,0,0,0
49.1,24.3,129.8,87.7,2.5,M,White,0,0,0
40.7,19.3,88.9,55.0,6.2,M,White,0,0,0
55.2,21.9,132.8,76.9,5.9,M,White,0,0,0
50.2,27.9,116.9,78.0,3.0,M,Black,0,0,0
38.8,18.2,118.6,67.7,5.6,F,Black,0,0,0
87.8,21.8,155.4,87.0,3.5,F,White,0,0,0
83.6,29.6,115.9,74.9,1.5,M,White,0,0,0
73.2,26.0,134.3,90.6,2.0,M,White,0,0,1
40.3,22.5,131.7,79.2,8.0,F,White,0,0,0
68.7,24.7,131.5,84.0,3.2,F,White,0,0,0
65.2,20.6,105.5,62.9,2.7,M,Asian,0,0,1
62.1,28.3,146.0,94.9,4.5,M,White,0,0,1
75.0,23.8,128.0,86.0,1.3,M,White,0,0,1
65.2,24.4,120.7,73.2,4.2,F,White,0,0,1
66.8,28.0,124.2,70.8,4.7,M,Hispanic,0,0,1
65.2,25.5,122.7,67.3,6.1,M,White,0,0,0
60.5,23.5,110.0,73.7,2.2,F,Asian,0,0,0
26.5,16.6,118.7,66.8,2.9,F,White,0,0,0
56.3,27.5,117.0,74.8,4.6,M,Hispanic,0,0,0
46.1,25.9,131.7,86.3,2.3,F,Black,0,0,0
34.5,22.9,126.1,75.2,4.9,M,White,0,0,0
81.9,23.2,155.8,95.6,4.5,M,White,0,0,0
82.7,27.4,130.3,86.8,1.3,M,White,0,0,0
76.7,29.0,120.3,69.7,7.2,F,Hispanic,0,0,1
59.1,26.6,105.6,60.0,2.4,M,Hispanic,0,0,0
76.6,33.6,162.2,99.2,4.3,F,White,0,0,0
55.2,28.8,134.3,91.0,11.7,M,White,0,0,0
58.2,25.7,116.3,81.8,2.5,F,White,0,0,1
37.5,28.1,143.5,88.3,5.5,M,White,0,0,0
61.4,26.5,145.9,86.2,13.6,M,Black,0,0,0
56.0,26.2,106.4,72.3,6.0,F,White,0,0,0
34.2,30.1,108.2,57.1,8.1,F,White,0,0,0
54.2,22.4,122.9,77.7,2.1,M,Hispanic,0,0,0
53.7,26.0,109.6,67.7,9.9,F,Black,0,0,1
83.8,32.2,132.3,89.8,1.5,F,Black,0,0,1
69.3,28.0,139.3,94.7,5.8,F,White,0,0,0
55.2,24.5,105.8,60.0,4.2,M,Asian,0,0,0
59.0,19.4,130.3,81.8,3.5,M,White,0,0,0
55.7,17.0,141.6,84.4,3.1,F,White,0,0,0
51.8,34.1,129.6,78.6,6.1,M,White,0,0,0
37.7,26.4,118.7,77.3,2.7,F,Hispanic,0,0,0
52.6,23.5,114.9,69.2,3.2,F,White,0,0,0
43.1,26.8,133.1,83.7,5.8,F,Hispanic,0,0,0
35.0,21.2,102.5,69.3,7.9,F,Black,0,0,0
63.2,25.1,130.9,90.2,3.9,F,Hispanic,0,0,0
61.3,22.5,127.2,80.6,10.2,M,Black,0,0,0
26.4,18.9,132.2,82.7,4.7,F,Asian,0,0,0
53.0,17.5,116.3,65.4,4.4,M,White,0,0,1
70.9,20.4,122.8,85.7,17.9,F,White,0,0,1
71.9,30.9,112.7,72.8,5.3,F,Black,0,0,0
71.4,22.9,136.0,85.2,12.5,F,White,0,0,0
55.6,28.2,119.3,74.4,17.0,M,Black,0,0,1
41.5,29.2,108.9,69.7,2.1,M,Black,0,0,0
37.7,25.2,109.1,72.2,2.6,F,White,0,0,0
60.5,25.1,134.2,88.6,1.6,F,Hispanic,0,0,0
61.1,26.8,111.4,78.7,6.4,F,White,0,0,0
75.6,25.4,117.0,74.0,6.4,M,Hispanic,0,0,0
72.6,31.7,142.8,99.1,3.0,F,White,0,0,1
52.9,33.4,122.0,82.0,1.3,M,Black,0,0,0
35.1,30.8,132.4,81.7,5.4,F,Hispanic,0,0,0
49.9,17.1,118.4,63.4,1.7,F,White,0,0,0
58.5,24.4,126.0,78.7,3.7,M,White,0,0,0
51.8,25.9,126.2,87.6,6.6,F,White,0,0,1
45.8,27.4,141.6,83.2,4.6,F,White,0,0,0
59.0,19.3,144.5,90.1,7.9,M,White,0,0,0
46.9,18.6,138.7,87.0,3.6,F,White,0,0,1
45.0,30.7,113.2,75.8,2.7,F,Hispanic,0,0,0
60.0,24.0,112.7,67.5,2.4,F,White,0,0,0
48.6,19.7,133.7,77.7,6.5,F,White,0,0,0
58.9,21.8,145.4,93.6,4.0,M,Black,0,0,0
59.4,27.8,142.6,83.9,2.6,F,White,0,0,0
36.8,21.8,119.7,63.2,5.3,M,White,0,0,0
47.3,26.6,132.9,93.4,1.6,M,Other,0,0,1
78.0,23.2,142.3,93.8,4.4,M,Black,0,0,0
36.4,18.1,121.5,86.6,5.0,M,White,0,0,0
21.1,30.0,117.5,78.1,5.4,M,Hispanic,0,0,0
25.2,26.1,117.4,76.9,10.2,M,White,0,0,0
55.5,24.7,114.1,73.0,3.5,F,White,0,0,0
55.5,23.9,115.5,70.5,5.0,F,Black,0,0,0
53.1,31.8,114.6,74.1,5.5,M,White,0,0,1
74.4,29.3,108.4,63.9,4.0,F,White,0,0,0
18.0,28.7,115.9,65.4,2.0,M,Hispanic,0,0,0
61.3,24.0,126.3,76.3,6.9,F,White,0,0,0
80.0,27.5,143.2,96.5,1.2,M,White,0,0,0
37.0,26.7,137.2,77.7,2.1,F,White,0,0,0
48.9,23.5,141.7,80.6,3.4,M,Black,0,0,0
43.0,25.0,141.2,91.1,2.1,F,Black,0,0,0
40.7,23.0,110.1,65.8,4.4,F,Asian,0,0,0
49.8,27.3,103.4,67.0,8.4,M,White,1,0,0
77.8,21.9,144.9,95.8,12.8,M,Hispanic,0,1,1
84.4,29.8,153.2,97.7,4.1,M,White,0,0,0
49.6,27.0,145.2,86.2,5.3,M,White,0,0,0
85.5,26.7,140.9,95.1,4.3,F,White,0,0,1
55.6,27.8,97.2,64.7,3.9,M,Hispanic,0,0,0
83.1,25.9,138.5,86.1,4.0,F,White,0,1,0
53.5,23.2,132.3,81.9,11.3,M,Black,0,0,0
57.1,28.3,143.2,91.0,1.3,F,White,0,0,0
60.8,28.6,146.8,89.1,7.2,F,White,0,0,0
90.0,25.7,148.2,82.1,2.5,M,Other,0,0,1
68.6,24.3,120.9,79.4,3.6,M,Hispanic,0,0,1
43.7,24.7,107.2,70.6,2.0,F,White,0,0,0
70.5,24.6,137.1,71.2,1.9,M,Black,0,0,0
49.2,31.8,112.2,72.6,7.9,M,White,0,0,0
47.2,26.9,143.3,99.4,2.8,F,Black,0,0,0
69.5,26.8,105.5,58.6,4.3,M,White,0,0,0
55.5,22.3,133.1,82.1,5.7,F,White,0,0,1
59.5,29.2,130.8,80.0,10.2,F,White,0,0,0
55.2,23.6,122.2,85.7,2.0,M,White,0,0,0
60.4,23.7,113.7,77.2,10.6,F,White,0,0,0
61.8,29.4,98.2,55.6,4.9,F,White,0,0,0
24.0,26.0,108.3,69.2,4.8,M,Other,1,0,0
65.7,16.5,121.0,88.8,3.5,F,White,0,0,0
39.3,24.6,135.9,80.5,3.2,M,White,0,0,0
31.9,25.3,107.1,66.3,1.6,M,White,0,0,0
54.1,24.6,131.1,84.3,8.8,F,Black,0,0,1
56.3,26.7,107.3,62.9,1.9,F,White,0,0,0
43.9,18.2,128.4,90.2,2.9,F,White,0,0,0
68.3,15.3,97.7,57.7,7.9,M,Black,0,0,1
33.5,21.0,147.9,83.4,3.9,F,White,0,0,0
48.5,26.8,121.1,71.9,2.1,M,Other,0,0,0
45.6,15.0,85.0,56.6,6.9,F,White,0,0,0
54.3,22.6,114.7,66.3,3.2,M,Black,0,0,0
59.5,18.5,114.1,72.5,2.9,F,White,0,0,0
38.9,24.2,111.0,72.2,1.9,F,Black,0,0,0
66.6,34.4,123.4,69.2,3.0,F,Hispanic,0,0,1
56.0,25.2,116.0,68.6,3.4,M,White,0,0,1
24.7,24.1,104.5,66.9,5.6,M,White,0,0,0
23.7,27.8,99.4,65.8,2.6,F,White,0,0,0
54.8,26.1,136.4,81.4,9.0,F,White,0,0,0
51.5,25.0,140.8,88.2,8.1,F,Other,0,0,1
53.3,29.6,120.9,73.3,8.1,F,Black,0,0,1
54.6,27.9,124.6,81.6,4.7,M,Black,0,0,0
58.6,27.3,110.3,71.5,6.6,M,Asian,0,0,0
70.2,26.2,130.5,78.7,6.3,M,Hispanic,0,0,0
37.2,23.7,122.9,79.1,7.5,F,Hispanic,0,0,0
36.2,28.7,116.3,69.6,8.0,F,White,0,0,0
37.5,23.8,125.3,80.4,6.4,M,White,0,0,0
59.6,31.2,130.7,83.9,6.5,F,White,0,0,0
74.9,22.8,116.2,86.3,6.2,M,White,0,0,0
48.1,31.4,139.6,84.6,6.5,F,White,0,0,0
18.0,26.0,111.0,68.0,4.4,F,White,0,0,0
27.7,20.8,140.3,83.1,2.9,M,White,0,0,0
41.7,27.4,126.9,72.5,2.2,F,White,0,0,0
46.1,23.0,149.9,90.2,1.9,M,White,0,0,0
48.5,25.8,139.5,90.5,2.3,F,White,0,0,0
55.6,24.1,128.4,84.0,7.7,F,White,0,0,1
50.0,25.2,113.4,72.1,9.8,F,White,0,0,0
71.8,30.6,120.2,72.8,6.3,F,Black,0,0,1
44.2,27.5,129.2,77.2,5.0,F,Black,0,0,0
41.2,20.8,122.9,70.7,1.6,F,White,0,0,0
62.7,22.1,119.1,70.5,4.0,M,White,0,1,0
30.4,25.9,129.3,72.4,2.8,M,White,0,0,0
61.2,27.7,127.4,87.1,2.8,F,White,0,0,0
56.6,23.4,137.2,96.1,4.6,F,White,0,0,0
52.6,32.2,110.6,57.0,6.3,F,Other,0,0,1
80.4,30.5,146.6,92.6,4.3,M,White,0,0,0
45.0,23.0,129.0,81.6,14.2,M,White,0,0,0
88.0,24.8,151.7,95.3,4.9,F,Black,0,0,0
51.4,24.9,137.6,81.8,1.5,M,White,1,0,1
34.6,23.7,117.7,79.1,11.4,F,White,0,0,0
56.1,31.1,123.0,78.7,4.2,F,White,0,0,0
37.8,29.1,144.8,96.0,9.7,F,Asian,0,0,0
43.0,25.5,117.3,68.3,1.9,M,White,0,0,0
61.4,29.0,137.4,76.9,2.6,F,Black,0,0,0
63.9,29.7,122.3,78.5,2.3,F,Hispanic,0,0,0
45.0,25.7,95.9,53.7,7.6,F,White,0,0,0
70.8,28.4,112.6,76.1,8.8,M,Black,0,0,0
73.5,29.3,136.2,71.7,5.8,F,White,0,0,0
78.0,29.1,141.7,85.0,5.1,F,White,0,0,0
63.5,23.3,133.3,78.9,1.6,F,White,0,0,0
76.8,24.4,147.6,89.5,2.8,M,Other,0,0,0
24.9,23.3,121.4,76.9,3.0,F,White,0,0,0
49.9,22.9,112.6,72.2,1.7,M,White,0,0,0
41.1,19.4,129.2,83.9,4.0,F,Asian,0,0,0
56.9,28.8,127.9,83.9,5.9,F,White,0,0,0
45.9,26.9,114.2,69.8,7.1,M,Hispanic,0,0,0
52.3,20.5,130.8,93.8,6.2,M,Black,0,0,0
85.1,26.5,135.1,92.1,3.6,F,White,1,0,1
52.3,25.1,115.7,69.9,3.1,M,Black,0,0,0
61.6,27.1,124.5,76.4,3.7,F,Black,0,0,0
51.3,21.5,143.7,87.1,4.0,F,White,0,0,0
56.2,20.6,144.7,91.9,2.2,M,Other,0,0,1
55.1,28.1,127.7,73.3,3.2,M,Asian,0,0,0
62.2,20.2,128.0,74.6,2.9,F,Hispanic,0,0,0
73.6,26.0,110.5,55.5,10.5,M,Black,0,0,0
81.4,26.0,157.0,94.9,7.5,F,White,0,0,0
60.0,25.8,141.0,93.8,5.9,F,White,0,0,0
64.4,27.5,138.4,84.9,2.4,M,White,0,0,0
36.6,31.5,87.6,53.8,6.6,M,White,0,0,0
53.6,19.5,125.2,79.3,2.7,M,Black,0,0,0
70.0,30.3,127.7,73.2,6.7,M,Black,0,0,0
68.9,16.6,138.7,86.2,3.7,M,White,0,0,0
58.4,31.7,119.7,79.6,8.3,F,White,0,0,0
69.2,18.5,126.0,80.0,1.9,M,Black,0,0,0
62.9,36.1,136.0,90.2,6.5,M,White,0,0,0
74.2,25.4,119.9,81.9,8.7,M,Asian,0,0,0
59.6,31.4,118.4,77.4,3.8,F,Black,0,0,0
49.3,30.1,126.0,73.8,3.6,F,White,0,0,0
60.4,24.5,145.4,88.1,4.3,F,White,0,0,0
18.0,22.7,125.2,89.2,5.8,F,Black,0,0,0
61.1,23.0,141.9,89.9,3.0,F,White,0,0,0
18.0,27.3,114.8,72.3,2.8,M,Hispanic,0,0,0
27.4,22.9,137.7,80.2,11.5,M,White,0,0,0
62.2,23.1,102.8,63.2,3.5,F,White,0,0,0
62.6,28.5,155.6,100.8,4.1,F,White,0,0,0
36.4,21.5,149.5,92.8,3.3,M,Black,0,0,0
43.6,24.1,128.0,76.2,6.1,F,Other,0,0,0
76.9,27.5,143.2,87.1,2.9,M,Hispanic,0,0,0
47.3,23.0,122.1,82.9,3.9,F,White,0,0,0
90.0,25.8,132.6,86.2,7.7,F,Hispanic,0,0,1
55.0,32.1,116.4,75.4,7.1,F,White,0,0,0
61.5,25.5,126.3,80.9,3.5,M,White,0,0,0
80.9,25.9,140.5,80.0,4.3,F,Asian,0,0,0
57.1,25.4,131.5,83.2,2.5,M,White,0,0,0
39.0,27.0,148.0,98.2,4.3,F,Asian,0,0,0
53.2,21.8,125.9,76.5,12.9,F,White,0,0,0
54.4,27.7,104.0,70.3,6.8,M,White,0,0,1
33.2,25.9,141.5,91.0,2.5,F,White,0,0,0
50.9,18.6,106.7,71.1,1.7,F,Asian,0,0,0
43.1,32.6,113.6,70.7,2.5,F,White,0,0,0
69.8,32.6,133.2,87.9,2.1,M,Hispanic,0,0,0
55.6,22.8,131.0,72.4,4.0,F,White,0,0,0
50.5,21.3,103.4,64.3,8.1,F,Black,0,0,0
53.3,26.8,114.0,75.0,4.0,M,White,0,0,0
58.6,20.5,105.3,67.1,2.9,M,White,0,0,0
64.9,32.0,136.7,91.3,3.5,M,Black,0,0,0
39.0,23.3,136.8,83.9,5.8,M,Black,0,0,0
38.3,31.7,102.9,60.5,4.7,M,White,0,0,0
72.7,23.6,144.2,79.6,2.6,F,White,0,0,0
48.4,25.2,136.1,82.7,6.8,F,White,0,0,0
32.3,29.9,109.0,70.7,2.3,M,Asian,0,0,0
62.1,25.1,99.4,66.2,4.5,M,Black,0,0,0
62.4,27.5,112.2,61.2,3.2,M,Hispanic,0,0,1
30.5,29.1,109.3,74.8,3.8,M,Black,0,0,0
58.7,24.0,147.7,85.7,2.3,F,Hispanic,0,0,0
66.8,21.5,126.9,77.9,4.4,F,White,0,0,0
61.0,20.5,112.7,66.5,2.2,M,White,0,0,0
65.1,28.8,130.1,83.2,3.1,F,Black,0,0,0
32.5,26.4,100.1,62.6,3.6,M,White,0,0,0
60.3,30.5,133.8,87.0,2.6,M,White,0,0,1
50.2,24.7,109.9,79.2,9.0,F,Black,0,0,0
47.3,19.9,111.0,71.2,3.1,M,Hispanic,0,0,0
68.9,17.3,134.4,79.9,3.5,M,Black,0,0,0
78.7,38.7,156.6,99.9,4.3,M,White,0,0,0
83.7,29.5,164.4,113.6,1.9,F,Other,0,1,1
76.0,27.6,116.8,76.3,1.6,M,White,0,0,0
53.2,27.0,116.1,77.7,3.6,F,White,0,0,0
60.6,20.6,133.9,73.5,1.7,M,Other,0,0,1
67.3,23.4,145.0,92.2,5.1,F,Black,0,0,1
56.9,33.1,95.3,57.5,5.3,M,Asian,0,0,0
57.1,28.7,126.9,74.6,5.1,M,Hispanic,1,0,1
68.2,23.6,122.1,75.6,6.5,M,Black,0,0,0
54.1,21.0,97.8,61.3,3.6,M,White,0,0,0
43.3,23.4,102.8,60.0,9.2,F,White,0,0,0
48.4,24.4,115.1,72.5,4.8,M,Asian,0,0,0
65.1,34.7,128.9,78.9,8.7,F,Hispanic,1,0,0
55.0,25.2,139.1,90.5,6.4,M,White,0,0,0
60.4,21.5,131.6,83.0,3.7,F,White,0,0,0
65.7,26.3,141.5,90.0,4.8,M,White,0,0,0
49.0,26.8,123.6,82.5,5.7,F,White,0,0,0
67.1,21.5,118.8,77.0,1.5,M,Hispanic,0,0,0
61.1,27.9,124.2,77.0,1.9,M,White,0,0,0
35.2,29.8,128.8,67.3,10.3,F,White,0,0,0
78.1,27.7,146.4,93.8,5.7,F,Asian,0,1,1
47.0,22.4,120.5,69.3,7.6,M,White,0,0,0
28.5,22.6,104.0,64.0,3.6,M,White,0,0,0
38.3,18.5,124.7,79.5,8.8,F,White,0,0,0
38.7,24.6,126.8,86.6,3.7,F,White,0,0,0
55.8,27.3,142.5,99.4,5.7,F,White,0,0,0
50.6,22.2,114.2,65.3,9.6,M,White,0,0,0
49.6,33.5,114.0,62.8,6.1,M,White,0,0,0
64.9,29.7,138.6,87.9,2.3,F,White,0,0,1
60.4,19.1,120.9,76.4,3.9,M,White,0,0,0
60.1,19.2,120.2,67.3,4.9,M,White,0,0,0
61.6,22.4,144.5,89.5,5.9,M,Asian,0,0,0
64.9,32.8,108.8,71.0,8.2,F,White,0,0,0
21.3,27.9,143.7,81.7,5.9,F,White,0,0,0
49.2,32.2,114.7,65.1,4.0,F,Hispanic,0,0,0
20.1,24.3,126.7,74.7,3.5,F,White,0,0,0
55.6,25.2,123.6,75.4,3.6,F,White,0,0,0
54.9,21.0,128.8,84.0,3.1,F,Hispanic,0,0,0
71.7,28.2,126.3,76.4,3.0,F,White,0,0,0
74.0,26.2,142.7,88.8,7.5,M,White,0,1,0
58.2,25.2,121.1,88.6,4.5,F,Black,0,0,0
47.0,32.1,114.6,65.3,3.2,M,Black,0,0,0
62.8,25.9,152.7,90.8,4.2,F,White,0,0,0
46.6,30.9,122.9,80.3,3.3,M,White,0,0,0
55.0,19.6,115.5,77.6,1.6,F,White,0,0,1
70.8,37.5,108.9,70.0,6.0,M,Hispanic,0,0,0
46.1,24.1,148.4,102.9,7.8,M,White,0,0,0
67.9,29.5,121.1,77.0,7.0,F,White,0,0,0
65.8,30.0,157.1,85.6,6.7,M,White,0,0,0
39.7,23.2,126.0,78.7,2.2,F,Asian,0,0,0
70.6,30.1,131.7,78.2,8.8,M,White,0,0,1
66.2,30.0,130.7,89.4,3.0,F,White,0,0,0
56.6,23.2,156.5,102.8,2.0,F,White,0,0,0
42.8,22.6,90.6,46.7,1.3,F,Black,0,0,1
41.3,25.5,123.9,84.9,4.9,M,White,0,0,0
46.4,25.1,118.7,79.2,8.9,F,Hispanic,0,0,0
63.7,32.0,124.6,75.3,8.2,M,White,1,0,0
39.7,28.0,122.5,75.5,4.3,F,White,0,0,0
62.0,26.1,123.4,84.8,7.4,F,White,0,0,0
35.1,27.4,121.7,63.6,13.1,F,White,0,0,0
51.7,17.7,123.7,79.4,3.4,M,White,0,0,0
56.8,23.6,107.1,73.0,5.5,M,Hispanic,0,0,1
90.0,28.9,140.8,86.8,9.0,F,White,1,0,0
33.0,29.4,128.4,83.5,2.1,M,Black,0,0,0
78.6,28.0,124.5,77.8,2.2,F,White,0,0,0
57.4,32.0,151.9,89.5,9.9,F,White,0,0,1
61.6,29.8,145.7,85.5,7.5,M,White,0,0,0
56.9,24.1,137.4,89.4,2.8,F,White,1,0,0
62.1,25.8,138.8,82.2,2.4,F,White,0,0,0
52.5,27.5,124.7,68.2,2.2,M,Asian,0,0,0
78.3,25.4,148.0,92.5,4.8,F,Asian,0,0,0
47.7,31.8,144.8,86.7,2.9,M,Hispanic,0,0,0
73.1,22.5,141.7,80.7,2.9,M,Hispanic,1,0,0
44.7,26.7,113.9,71.1,2.2,M,White,0,0,0
54.0,28.9,124.2,81.6,4.4,M,White,0,0,0
37.8,23.9,127.9,79.4,2.1,M,White,0,0,0
62.3,24.2,138.9,79.7,6.0,F,Hispanic,0,0,0
78.1,26.9,130.9,84.0,8.4,M,White,0,0,1
53.8,29.2,116.7,78.6,4.9,F,White,0,0,0
51.8,23.8,146.2,103.9,7.5,M,Black,0,0,0
37.2,20.8,104.6,73.5,3.9,F,White,0,0,0
51.3,30.4,110.7,62.6,2.6,M,Black,1,0,0
29.5,26.3,98.8,66.4,3.4,M,White,0,0,0
40.4,29.3,107.4,68.1,1.7,F,Black,0,0,0
58.6,29.2,143.6,82.1,3.0,M,Hispanic,0,0,0
76.1,35.8,149.3,94.2,3.8,F,Black,0,0,0
90.0,32.2,134.5,94.9,4.3,F,White,0,0,1
45.6,22.6,129.1,87.2,7.6,M,White,0,0,1
78.0,29.0,131.7,75.6,9.2,F,White,0,0,1
58.9,24.0,109.5,68.0,4.8,F,White,0,0,0
52.6,24.1,155.3,99.3,2.3,F,White,0,0,0
61.9,20.7,146.3,80.3,2.3,F,White,0,0,0
56.0,24.9,130.3,70.6,3.0,M,White,0,0,0
56.8,28.3,113.5,71.3,2.7,M,White,0,0,0
48.5,25.4,119.9,75.3,4.9,M,Asian,0,0,0
32.6,20.5,108.6,56.3,2.4,F,White,0,0,0
30.3,18.7,119.0,76.1,9.4,M,White,0,0,0
65.5,35.0,132.5,88.7,6.9,M,White,0,0,0
50.6,27.1,118.9,72.4,7.8,M,White,0,0,0
45.5,22.2,101.8,63.5,2.9,F,Asian,0,0,0
55.1,27.9,154.9,99.5,2.4,F,White,0,0,0
67.7,35.4,132.1,84.6,2.8,M,Black,1,0,0
57.9,28.6,132.3,72.0,4.5,M,Black,0,0,0
44.5,15.0,115.9,66.5,4.2,F,Hispanic,0,0,0
74.6,37.6,109.0,65.2,8.8,M,Black,0,0,0
80.3,19.9,131.4,76.3,9.8,F,Black,0,0,0
62.9,25.6,122.8,85.0,4.6,F,White,0,0,0
70.6,22.2,139.6,90.4,1.9,M,White,0,0,0
74.9,24.0,143.6,82.4,3.6,M,Black,0,0,0
73.1,28.0,141.1,86.2,16.9,F,White,0,0,1
64.8,18.2,141.8,94.7,2.0,M,White,0,0,0
64.6,26.1,153.1,91.1,5.0,M,White,0,0,0
63.3,31.0,133.0,87.5,2.8,F,White,0,0,1
37.4,21.7,135.1,92.1,12.3,M,White,0,0,0
66.2,21.0,135.3,91.2,5.2,M,White,0,0,0
33.3,24.4,91.9,58.1,2.8,M,White,0,0,0
42.3,24.0,119.0,81.3,3.3,M,White,0,0,0
75.9,24.7,119.1,70.7,1.5,M,White,0,0,1
68.4,21.9,132.3,96.9,4.9,F,Black,0,0,1
78.8,29.3,121.1,76.5,5.0,F,White,0,0,1
50.7,28.2,132.2,88.8,2.0,M,Black,0,0,0
36.6,20.8,133.2,80.4,6.0,M,White,0,0,0
51.2,22.1,140.7,90.2,9.7,F,White,0,0,0
56.6,26.6,148.2,95.1,2.2,F,Black,0,0,0
56.3,22.2,101.9,57.6,5.9,M,Hispanic,0,0,1
73.1,27.6,113.7,64.7,6.0,F,Black,0,0,0
49.2,31.6,164.3,100.6,4.6,F,Black,0,0,0
60.6,26.0,140.8,93.9,4.8,M,Black,0,0,0
39.2,20.4,123.4,65.5,3.2,M,Black,0,0,0
62.2,27.9,127.6,76.9,1.5,M,Black,0,0,0
55.0,25.3,124.2,84.9,5.2,M,Black,0,0,0
43.0,24.8,94.3,51.1,6.8,F,White,0,0,0
51.2,27.7,113.1,77.6,2.5,M,White,0,0,0
52.1,28.6,122.6,69.2,2.9,F,White,0,0,0
50.7,25.9,113.7,65.0,2.7,F,White,0,0,0
83.3,27.2,125.3,76.8,5.4,M,Black,0,0,0
53.4,34.2,160.3,110.7,5.0,M,White,0,0,1
51.1,30.6,120.3,70.7,2.5,M,White,0,0,1
21.4,27.7,118.8,63.3,4.1,F,Hispanic,0,0,0
40.7,25.8,124.1,68.5,4.2,M,White,0,0,0
50.8,21.8,132.0,87.4,5.2,M,Hispanic,0,0,0
44.0,30.0,115.0,63.2,3.4,M,White,0,0,0
77.1,27.7,149.1,99.6,8.0,M,White,0,0,1
52.4,23.6,130.4,81.3,5.3,F,White,0,0,0
75.6,26.1,113.2,70.0,7.9,M,White,0,0,0
56.0,22.2,123.8,78.5,5.2,M,White,0,0,0
55.6,30.3,122.8,71.3,5.4,M,White,0,0,0
53.6,28.7,121.5,76.2,1.8,M,White,0,0,0
55.1,26.7,132.1,74.8,4.9,M,White,0,0,1
82.5,27.2,142.1,96.2,4.1,F,Hispanic,0,0,0
18.0,21.4,121.1,68.9,8.4,F,White,0,0,0
23.0,15.9,120.1,77.1,7.7,M,White,0,0,0
46.3,19.9,123.6,70.4,8.9,M,White,0,0,0
55.2,23.0,95.0,55.7,2.9,M,Asian,0,0,0
66.0,23.0,139.2,84.1,4.2,F,Hispanic,0,0,0
62.6,27.5,134.1,101.0,9.4,F,Other,0,0,1
48.9,28.9,109.4,67.7,2.9,M,Asian,0,0,0
71.3,26.3,133.8,78.0,8.4,M,White,0,0,0
71.5,32.5,139.0,83.5,7.9,F,Black,0,0,1
57.9,23.0,142.3,79.2,4.2,M,White,0,0,0
70.4,26.2,136.8,83.8,10.9,F,Hispanic,0,0,0
59.4,26.0,130.8,92.2,8.1,F,White,0,0,0
46.0,29.9,135.6,86.1,2.1,F,White,0,0,0
66.2,27.0,124.1,82.3,9.9,F,Asian,1,0,0
56.8,26.6,131.3,75.9,4.2,F,Hispanic,0,0,0
55.0,19.4,116.3,70.9,5.4,M,Asian,0,0,0
78.6,23.6,147.6,92.7,5.4,M,White,0,0,1
18.0,28.5,91.4,52.3,6.2,M,White,0,0,0
32.3,16.6,129.6,82.8,9.6,F,White,0,0,1
36.0,30.4,119.5,77.8,5.3,F,White,0,0,0
49.2,27.7,136.8,88.1,4.0,F,White,0,0,0
50.9,22.8,112.9,69.1,2.5,M,White,0,0,0
30.9,21.5,119.0,80.3,3.3,F,Hispanic,0,0,0
39.2,32.8,121.1,73.5,7.8,M,White,0,0,1
41.2,31.0,126.9,76.6,8.8,M,Black,0,0,0
90.0,27.3,120.8,83.6,3.5,M,Hispanic,0,1,1
83.8,28.0,142.6,81.7,6.9,F,Black,0,0,1
48.4,23.1,97.2,50.0,3.1,M,White,0,0,0
49.2,26.2,113.9,65.4,1.6,F,White,0,0,0
36.6,22.4,97.6,62.8,1.9,F,White,0,0,0
24.5,24.2,127.4,86.7,8.2,M,Black,0,0,0
53.1,33.1,130.0,76.7,1.6,M,White,0,0,0
39.0,24.8,126.6,89.4,6.5,M,White,0,0,0
53.6,21.7,145.2,90.2,5.1,F,Other,0,0,1
29.4,19.3,112.9,69.3,8.5,M,Black,0,0,0
42.8,25.9,129.9,75.4,4.8,M,Hispanic,0,0,0
57.4,23.1,126.6,90.2,5.8,F,White,0,0,1
60.9,27.3,125.6,76.9,5.0,M,Asian,0,0,1
61.7,19.9,145.3,82.1,5.4,F,White,0,0,0
33.9,27.7,147.8,106.4,4.3,M,White,0,0,0
68.7,22.4,123.1,78.7,5.9,M,Hispanic,0,0,1
42.2,25.5,132.8,87.1,3.7,M,Hispanic,0,0,0
65.1,25.2,132.5,92.2,7.4,M,White,0,0,1
54.8,32.9,129.6,84.0,4.7,F,White,0,0,0
33.0,25.6,121.9,81.4,7.1,M,White,0,0,0
49.9,33.5,118.8,74.0,2.9,M,Black,0,0,0
60.8,28.5,85.0,57.1,3.5,F,Hispanic,0,0,0
64.8,32.2,149.4,92.4,2.0,F,White,0,0,0
52.7,25.1,114.6,70.9,5.5,M,White,0,0,0
79.5,28.6,129.0,80.7,5.3,M,Black,0,0,1
71.1,31.7,126.8,76.2,3.2,F,Black,0,0,0
50.9,29.4,112.8,73.0,4.5,M,White,0,0,0
67.0,28.7,132.0,84.8,2.5,M,Black,0,0,0
85.9,26.2,133.7,87.8,7.9,F,Other,0,0,1
86.4,26.9,124.4,81.0,7.7,F,White,0,0,0
35.4,29.6,121.2,87.1,4.3,M,White,0,0,0
40.2,30.6,120.1,80.8,3.9,M,Black,0,0,0
78.8,24.8,145.1,88.7,1.8,M,White,0,0,0
38.1,22.2,101.2,65.4,7.0,F,Hispanic,0,0,0
33.8,21.3,107.4,75.0,2.7,M,Black,0,0,0
47.2,28.9,132.8,76.6,7.3,M,White,0,0,0
61.7,22.6,118.1,85.3,1.9,M,White,0,0,0
53.4,29.2,111.9,64.7,2.4,F,Black,0,0,0
44.6,27.7,113.6,75.8,2.2,M,White,0,0,0
44.2,23.3,120.4,74.7,2.6,F,White,0,0,0
43.6,31.7,120.2,74.2,15.0,F,White,0,0,0
40.9,19.4,117.8,65.2,4.0,M,White,0,0,0
90.0,34.4,121.1,80.5,6.4,M,Other,0,0,1
59.8,27.5,137.3,77.4,2.4,M,Black,0,0,0
69.2,18.4,147.8,83.0,2.9,M,Hispanic,0,0,1
47.2,32.0,95.9,66.4,11.6,F,White,0,0,0
52.0,29.7,102.4,74.2,4.1,F,White,0,0,0
43.6,23.7,135.6,80.1,4.8,F,Other,0,0,0
18.0,20.3,135.9,90.3,5.7,F,White,0,0,0
33.0,18.6,88.6,59.7,10.7,M,Hispanic,0,0,0
26.0,34.2,127.7,78.6,1.2,M,White,0,0,0
19.0,20.5,137.1,93.0,8.2,M,White,0,0,0
35.9,20.0,107.2,65.5,9.2,F,Black,0,0,0
76.2,28.1,153.5,98.3,6.0,F,White,0,0,0
54.3,19.4,122.3,68.3,3.7,F,White,0,0,0
75.6,23.1,135.6,76.8,5.2,M,White,0,0,0
61.6,30.3,116.9,79.5,2.3,F,White,0,0,0
67.5,28.5,142.8,91.8,1.5,M,White,0,0,1
40.6,23.7,132.4,81.2,4.9,M,Hispanic,0,0,0
63.4,26.5,151.7,105.5,1.1,M,White,0,0,0
66.7,24.8,148.7,103.6,3.2,F,Hispanic,0,1,0
45.8,25.3,122.1,78.3,2.4,F,White,0,0,0
64.0,23.4,171.2,97.4,3.7,M,White,0,1,0
64.1,24.1,146.6,90.2,3.9,M,White,0,0,0
46.2,23.1,129.9,75.6,2.1,F,Asian,0,0,0
37.0,22.2,105.7,66.0,5.8,M,Black,0,0,0
36.1,29.2,97.9,55.1,8.8,F,Asian,0,0,0
56.4,29.1,105.2,58.0,2.3,F,White,0,0,0
60.2,22.5,113.5,56.8,2.2,F,Black,0,0,0
42.3,20.6,140.5,88.1,4.2,F,Black,0,0,0
55.4,25.4,131.9,68.0,1.5,F,Other,0,0,1
64.1,35.1,119.2,72.0,4.3,F,White,0,0,0
64.9,22.4,126.1,82.3,8.2,M,Asian,0,0,0
79.8,26.6,128.8,75.5,2.2,F,White,0,0,0
75.4,27.4,142.3,81.7,10.3,M,Hispanic,0,0,1
39.0,24.8,107.9,66.5,3.4,M,White,0,0,0
81.9,25.5,138.0,80.6,3.7,F,White,0,1,0
46.5,30.2,126.7,79.6,3.0,F,White,0,0,0
71.7,28.7,118.1,67.0,6.8,M,Hispanic,0,0,0
56.1,29.4,147.6,90.9,4.6,M,White,0,1,0
48.4,28.0,118.9,71.6,3.5,M,White,0,0,0
26.1,28.1,102.4,63.4,2.7,F,White,0,0,0
52.3,32.2,136.1,94.2,5.1,F,Black,0,0,0
30.0,30.1,118.3,74.5,9.2,F,White,0,0,0
70.5,36.1,135.4,87.0,3.7,M,Black,0,0,0
79.3,32.1,115.7,68.0,4.5,M,White,0,0,0
42.2,22.7,132.5,83.5,1.8,F,Black,0,0,0
59.8,29.6,156.9,95.6,4.5,M,Black,0,0,0
43.4,28.3,103.8,64.6,15.1,F,Black,0,0,0
44.9,33.2,126.9,82.6,2.1,M,Hispanic,0,0,0
67.4,22.8,117.7,70.0,5.3,F,White,0,0,0
54.4,28.2,162.5,98.3,3.1,M,White,0,0,0
82.8,24.7,150.7,90.5,1.7,M,Black,0,0,0
47.3,27.7,126.6,75.5,3.4,M,White,0,0,0
71.0,25.9,112.6,70.9,13.0,F,White,0,0,1
56.6,28.0,111.7,67.0,5.3,M,Hispanic,0,0,0
67.7,21.0,139.3,95.3,4.9,M,White,0,0,0
47.8,28.8,103.8,80.4,2.2,F,White,0,0,0
54.2,26.8,106.1,62.4,7.8,F,Other,0,0,0
53.2,26.5,124.6,79.0,9.6,M,White,0,0,0
41.6,33.1,122.9,82.4,9.4,F,White,0,0,0
65.6,25.0,133.5,81.2,7.4,F,White,0,0,1
65.4,27.9,122.0,69.7,2.6,F,White,0,0,0
64.5,26.9,140.7,97.7,2.2,F,Black,0,0,0
79.6,28.0,120.3,78.7,1.4,F,Black,0,0,1
78.2,36.0,140.7,89.2,2.4,M,White,0,0,0
49.0,26.0,126.2,86.9,5.2,F,White,0,0,1
61.0,24.0,135.2,88.4,2.4,M,White,0,0,0
45.0,33.0,138.6,85.6,8.0,F,White,0,0,0
55.4,24.8,118.7,67.8,8.7,F,Black,0,0,0
45.4,19.1,112.9,67.0,8.4,F,Black,0,0,0
80.9,24.3,109.1,74.9,1.6,M,White,0,0,1
60.8,21.3,98.5,65.1,4.9,M,Hispanic,0,0,0
51.5,18.6,121.5,74.2,4.6,F,Black,0,0,1
74.1,25.5,129.2,90.7,8.3,F,White,0,0,1
20.3,24.0,99.4,60.7,1.8,F,Black,0,0,0
22.8,29.1,103.1,69.9,4.6,F,Black,0,0,0
67.7,29.2,150.1,94.4,1.7,M,White,0,0,0
56.0,28.4,137.6,96.9,7.6,F,White,0,0,1
59.0,22.6,108.5,71.8,1.2,M,Black,0,0,0
33.8,28.5,112.4,70.0,12.8,M,Asian,0,0,0
54.6,31.5,130.6,79.9,5.9,F,White,0,0,0
87.1,29.2,125.8,77.9,4.2,M,White,0,0,1
68.2,28.3,117.6,68.6,2.9,F,Black,0,0,0
57.7,21.1,121.1,66.9,8.5,M,White,0,0,0
48.0,29.9,138.2,87.5,1.8,F,White,0,0,0
48.7,32.8,139.6,83.4,1.2,M,White,0,0,0
20.9,25.6,104.5,61.6,5.7,M,Asian,0,0,0
59.1,23.8,132.7,81.7,4.0,F,Hispanic,0,0,0
68.5,26.0,129.0,80.3,5.2,M,Asian,0,0,0
29.8,23.1,103.3,64.1,4.7,F,White,0,0,0
44.4,24.0,117.7,83.4,6.2,F,White,0,0,0
36.5,27.7,101.7,67.1,4.2,M,Black,0,0,0
39.6,26.3,136.6,97.4,3.4,F,White,0,0,0
55.9,30.1,147.0,88.5,4.3,M,White,0,0,0
21.6,25.8,109.2,72.4,6.8,M,Hispanic,0,0,0
64.8,23.0,118.9,71.4,7.1,M,Black,0,0,1
67.1,24.6,143.4,85.5,5.3,F,Black,0,0,0
51.0,23.5,140.8,100.2,1.3,F,White,0,0,0
18.0,23.4,98.3,56.3,5.0,M,White,0,0,0
39.1,32.4,118.1,59.9,1.6,F,White,0,0,0
74.7,34.8,130.1,76.4,7.3,M,White,0,0,1
18.0,27.5,103.1,51.9,6.7,F,White,0,0,1
49.4,26.2,128.7,74.1,2.5,F,White,0,0,0
36.1,19.6,109.5,62.8,6.1,M,Asian,0,0,0
67.9,27.5,121.3,75.4,4.5,M,White,0,0,0
44.2,22.3,120.3,62.3,2.7,M,White,0,0,0
61.5,32.8,106.1,73.0,6.0,M,White,0,0,0
64.0,20.0,98.9,50.1,10.1,F,Black,0,0,1
84.4,29.0,146.7,90.2,3.3,F,White,0,0,1
51.8,22.3,113.7,68.5,5.3,F,White,0,0,1
61.0,26.3,156.7,102.1,2.4,M,White,0,0,0
31.2,27.5,145.5,92.3,2.9,F,White,0,0,0
74.0,31.0,123.6,83.8,4.3,M,Black,0,0,0
42.8,25.1,154.1,93.4,2.7,F,White,0,0,0
46.0,28.6,135.4,81.2,2.6,M,White,0,0,0
54.6,23.3,115.9,74.3,2.2,M,Hispanic,0,0,0
30.0,25.7,85.0,58.9,8.7,M,White,0,0,0
58.7,30.2,135.7,89.1,6.9,F,Black,0,0,0
70.5,28.1,130.1,82.6,4.3,M,White,0,0,0
59.7,24.1,132.4,83.5,7.2,F,Black,0,0,0
29.6,23.6,114.2,70.6,7.6,F,White,0,0,0
53.0,30.0,108.4,69.7,3.9,F,White,0,0,0
66.9,22.2,122.6,88.2,2.3,F,White,0,0,1
25.0,20.7,125.9,76.6,5.4,M,Other,0,0,0
37.8,27.5,114.9,69.0,8.8,F,White,0,0,0
69.0,24.9,124.2,74.3,6.6,F,Asian,0,0,1
59.3,20.4,105.0,67.5,9.8,M,Asian,0,0,0
61.6,31.7,128.3,66.8,7.5,M,White,0,0,0
84.8,23.1,118.4,72.6,13.7,M,White,0,0,1
62.5,25.6,140.1,92.2,5.6,M,White,0,0,0
65.5,24.0,117.9,69.9,3.6,F,Other,0,0,1
90.0,26.6,131.4,82.6,6.8,M,Black,0,0,0
51.6,22.3,154.3,108.3,9.0,F,White,0,0,0
42.2,28.2,116.9,74.5,5.0,F,White,0,0,0
61.8,26.8,120.9,61.5,7.6,F,Hispanic,0,0,1
62.0,30.3,135.3,75.4,3.4,M,White,0,1,0
46.6,23.1,97.5,58.9,7.5,F,White,0,0,0
38.5,33.7,137.6,80.5,17.7,M,White,0,0,0
90.0,20.1,149.4,93.3,3.4,F,White,0,0,0
60.2,19.9,133.9,81.3,5.2,F,Hispanic,0,1,0
43.3,32.4,85.0,59.7,6.3,F,Hispanic,0,0,0
69.7,28.6,125.8,71.4,4.1,F,White,0,0,0
53.3,27.3,106.7,64.9,3.5,F,White,0,0,0
51.0,27.5,139.5,87.8,4.6,M,Hispanic,0,0,0
64.0,28.7,142.4,90.4,8.3,M,White,0,0,0
34.3,26.2,124.2,77.9,1.8,F,White,0,0,0
60.6,22.4,109.8,53.6,2.6,M,White,0,1,0
85.6,30.8,155.1,96.7,4.1,F,Black,0,0,0
62.5,29.0,123.6,75.7,7.7,F,Other,0,0,1
49.0,31.4,148.5,97.2,4.6,F,Black,0,0,0
46.9,32.7,126.3,82.6,3.1,F,White,0,0,1
48.4,27.0,130.1,82.1,10.4,F,Black,0,0,0
50.9,20.9,117.3,74.6,5.1,M,White,0,0,0
49.0,32.8,142.9,96.7,3.5,F,Hispanic,1,0,0
69.7,22.7,137.9,92.4,6.3,M,White,0,0,1
27.3,26.0,136.9,86.5,6.1,F,White,0,0,0
68.8,25.7,131.6,94.5,5.2,M,White,0,0,1
48.9,24.0,122.5,72.2,3.0,M,White,0,0,0
61.0,29.4,135.1,76.7,7.6,F,White,0,0,0
37.0,26.1,139.8,86.6,11.5,F,White,0,0,0
76.3,29.1,145.6,88.0,5.7,M,Black,0,0,0
74.9,23.7,132.9,67.6,1.9,M,Hispanic,0,0,1
70.4,26.1,103.6,60.3,15.0,M,White,0,0,0
30.8,21.7,129.1,82.1,6.2,F,White,0,0,0
68.3,25.9,108.8,67.1,2.5,M,White,0,0,1
61.5,25.8,127.4,74.3,7.4,F,White,0,0,0
29.3,32.1,115.7,72.0,8.8,F,White,0,0,0
54.6,24.9,105.0,65.9,4.7,M,Hispanic,0,0,1
60.8,17.8,132.0,86.1,1.7,F,Other,0,0,1
63.9,32.0,157.8,94.0,5.3,M,White,0,1,1
57.8,27.9,121.5,80.6,2.4,M,Hispanic,0,0,0
59.7,25.7,137.1,78.5,6.3,F,Black,0,0,0
78.6,25.4,165.1,99.3,3.0,M,White,0,0,1
74.6,23.2,143.0,98.8,5.9,F,Black,0,0,1
18.0,31.9,104.9,58.9,3.6,F,White,0,0,0
49.9,26.0,126.8,74.7,5.5,F,White,0,0,0
52.4,18.9,130.9,73.7,7.5,M,Other,0,0,1
27.0,25.9,136.7,79.8,7.7,F,Black,0,0,0
56.5,30.9,142.4,89.1,2.8,F,White,0,0,0
75.0,27.6,92.2,61.4,3.8,M,White,0,0,0
37.6,21.5,107.8,66.7,3.9,M,Asian,0,0,0
60.4,22.3,125.6,75.9,5.3,M,White,0,0,0
40.3,21.6,106.4,58.5,9.2,M,Asian,0,0,1
44.2,31.5,85.0,48.3,4.2,F,Hispanic,0,0,0
78.6,26.9,121.9,66.3,6.0,M,White,0,0,0
46.3,18.9,122.3,80.3,4.1,M,Black,0,0,0
62.4,27.9,119.9,79.2,3.0,M,Black,0,0,0
25.1,25.1,102.1,63.0,1.9,M,Black,0,0,0
84.8,25.7,134.5,86.1,3.5,F,White,0,0,1
64.6,22.4,132.7,87.5,2.2,F,White,0,0,0
52.1,21.6,117.6,73.5,2.3,M,White,0,0,0
64.2,30.8,147.0,99.5,5.5,F,Black,0,0,0
32.4,25.9,119.0,67.7,5.9,F,Black,0,0,0
73.9,28.9,118.5,71.4,7.9,F,Black,0,0,0
49.8,26.7,107.7,64.0,1.5,M,Black,0,0,0
51.7,27.1,121.0,78.9,7.1,M,White,0,0,1
47.1,23.7,138.2,77.1,1.2,M,White,0,0,0
45.7,24.7,110.7,77.3,3.0,M,Hispanic,0,0,0
66.1,31.2,136.7,88.1,4.1,M,White,0,0,0
59.1,31.9,127.6,89.6,3.0,M,Hispanic,0,0,0
65.4,21.6,156.0,96.5,4.5,F,White,0,0,0
54.9,25.2,130.4,77.6,5.1,M,White,0,0,1
63.2,29.8,117.7,76.9,1.1,F,Asian,0,0,0
48.3,33.2,133.3,88.8,6.0,F,White,0,0,0
90.0,34.9,146.3,86.4,3.3,F,White,0,1,0
29.9,21.6,111.9,57.4,6.9,M,Black,0,0,0
75.2,32.1,114.8,60.2,7.1,M,Black,0,0,0
76.9,27.3,139.1,87.8,4.8,M,Asian,0,0,0
41.4,29.5,121.8,84.8,7.7,M,Asian,0,0,0
90.0,30.9,114.3,63.0,2.6,M,Black,1,0,1
70.9,21.7,133.3,81.0,3.1,F,White,0,0,0
70.5,29.0,120.7,72.8,1.5,M,White,0,0,0
55.4,30.0,103.9,76.0,6.2,M,Hispanic,0,0,0
51.5,25.7,119.0,87.3,4.5,M,White,0,0,0
51.6,24.8,142.0,90.6,4.1,F,Asian,0,0,0
61.2,20.0,143.8,94.5,3.9,F,Black,0,0,0
77.4,29.9,145.0,95.1,3.6,M,White,0,0,0
57.9,27.0,129.6,72.7,2.3,F,White,0,0,0
40.4,21.6,129.0,84.2,2.1,F,Black,0,0,1
68.2,25.4,130.3,74.7,11.5,F,White,0,0,1
69.7,27.4,114.0,69.6,5.8,F,White,0,0,0
65.5,24.3,115.5,78.4,4.0,F,Black,0,0,0
66.9,26.6,120.1,74.9,3.7,M,White,0,0,0
50.7,18.8,143.3,95.5,5.4,M,White,0,0,0
40.1,30.7,135.6,91.9,8.6,M,Black,0,0,0
41.1,25.4,105.7,55.0,4.9,F,Black,0,0,0
28.8,20.3,117.9,60.0,14.2,F,White,0,0,1
58.8,16.4,120.5,81.7,6.3,F,Asian,0,0,0
53.7,30.0,122.4,83.1,3.3,F,Asian,0,0,0
48.0,27.9,115.4,73.1,2.0,F,White,0,0,0
18.0,25.0,133.6,85.2,8.3,M,White,0,0,0
35.0,28.5,118.7,79.0,2.5,M,Black,0,0,0
72.9,30.3,133.4,88.0,6.9,M,White,0,0,0
44.4,26.2,124.9,75.6,5.5,F,Hispanic,0,0,0
60.8,25.3,112.3,75.4,1.8,F,Black,0,0,0
32.7,23.2,119.8,72.2,5.4,F,White,0,0,0
78.0,28.8,146.8,92.5,6.0,F,White,0,0,1
52.7,31.5,144.9,91.1,3.6,F,White,0,0,0
59.6,25.8,110.3,63.2,3.5,F,Asian,0,0,0
90.0,33.7,114.2,66.4,3.8,M,White,0,0,0
79.3,28.7,133.1,96.0,8.2,M,Asian,0,0,0
50.1,27.3,139.1,80.9,3.4,F,White,0,0,0
45.5,35.1,127.2,81.1,1.6,F,Black,0,0,0
49.8,32.4,133.0,85.9,4.5,F,Asian,0,0,0
63.2,33.1,108.4,66.9,1.5,F,White,0,0,0
53.3,22.7,116.5,76.3,5.3,M,White,0,0,0
48.7,34.5,92.4,59.2,2.4,M,Hispanic,0,0,0
78.5,26.8,130.0,75.4,3.9,M,Hispanic,0,0,0
53.2,25.0,94.2,61.6,2.4,M,White,0,0,1
90.0,19.1,154.2,92.3,9.9,F,White,0,0,1
56.5,27.4,147.2,101.7,5.5,F,Hispanic,0,0,0
83.6,23.1,135.5,86.6,2.3,F,White,0,0,1
60.7,27.9,105.5,61.2,4.8,F,Black,0,0,0
70.4,22.1,134.9,85.7,2.1,M,White,0,0,0
43.4,32.6,147.5,85.9,3.9,F,White,0,0,1
41.3,27.5,127.6,80.6,8.6,F,Hispanic,0,0,0
62.4,35.5,143.8,87.8,5.5,F,White,0,0,0
70.8,22.7,123.0,71.3,2.5,F,Asian,0,0,1
55.6,32.2,113.0,65.0,1.9,M,White,0,0,0
34.4,17.8,117.8,87.7,6.0,F,White,0,0,0
33.2,25.7,91.5,57.3,11.1,F,White,0,0,0
32.2,22.3,149.8,90.3,4.0,F,White,0,0,0
26.7,22.8,118.5,69.8,8.3,M,Hispanic,0,0,0
56.8,24.0,137.7,88.2,5.6,M,Black,0,0,0
73.0,23.2,123.9,73.0,6.0,M,Black,0,0,0
54.8,21.0,103.3,57.5,2.1,F,White,0,0,1
18.8,22.4,134.1,83.0,3.8,F,White,0,0,0
51.9,26.3,108.3,66.9,4.0,M,White,0,0,0
52.4,30.5,129.1,77.5,1.3,F,Black,0,0,0
88.5,28.9,141.3,82.2,2.9,F,White,0,0,1
31.7,29.5,119.0,71.5,3.1,M,White,0,0,0
48.7,19.8,112.1,66.7,2.4,F,White,0,0,0
82.3,25.6,131.1,77.6,3.8,F,White,0,0,1
62.2,29.2,113.9,72.3,6.7,M,Black,0,0,0
64.0,27.8,139.0,99.6,6.9,F,Black,0,0,0
56.8,22.6,133.6,90.8,9.2,F,Other,0,0,0
60.3,30.0,126.3,89.9,7.5,F,White,0,0,1
67.4,24.5,120.8,71.5,5.1,M,White,0,0,1
42.0,22.2,150.6,103.4,9.4,F,White,0,0,0
69.0,28.7,111.0,70.2,3.2,F,Hispanic,0,0,0
33.0,24.9,96.8,65.9,4.2,M,Black,0,0,0
60.3,24.2,125.4,80.5,11.6,M,White,0,0,1
57.9,23.9,122.2,73.7,3.2,M,Hispanic,0,0,0
45.1,21.2,137.4,89.5,1.2,F,White,0,0,0
54.6,24.4,133.9,86.0,1.9,F,White,0,0,0
45.0,29.9,122.4,65.3,4.0,M,White,0,0,0
37.9,26.1,126.9,77.9,2.4,M,White,0,0,0
49.3,29.6,130.1,85.9,1.8,F,Hispanic,0,0,0
37.3,27.2,149.2,94.1,7.0,M,Black,0,0,1
60.2,23.8,130.1,83.5,5.6,F,Black,0,0,0
36.6,18.5,109.9,63.7,1.3,M,Hispanic,0,0,1
66.4,22.9,131.2,82.9,7.8,M,Hispanic,0,0,0
36.1,22.4,85.0,52.1,13.5,F,White,0,0,0
45.9,22.6,121.8,74.3,2.9,M,White,0,0,0
45.0,29.4,137.3,81.1,5.7,M,White,0,0,0
76.2,30.9,139.8,92.2,2.3,F,Asian,0,0,0
60.3,35.1,130.8,83.1,4.7,F,Asian,0,0,0
51.6,22.8,133.1,84.0,5.8,M,Black,0,0,0
63.0,32.8,142.8,100.9,4.0,F,White,0,0,0
21.3,30.7,134.8,86.4,2.6,F,White,0,0,0
54.3,25.0,131.1,88.5,3.2,F,Hispanic,0,0,1
87.0,29.5,130.2,82.3,1.5,M,White,1,0,0
57.1,31.1,93.2,55.7,4.4,F,Black,0,0,0
56.1,25.8,139.0,79.8,10.5,M,White,0,0,0
63.8,25.9,134.8,85.1,1.9,F,White,0,0,0
69.3,24.2,131.4,65.5,9.2,F,Black,0,0,0
23.0,15.0,105.8,67.2,3.6,M,Asian,0,0,0
28.1,24.9,130.4,82.8,1.4,F,Black,0,0,0
58.4,23.3,122.4,74.6,7.0,F,White,0,0,0
43.6,21.1,121.1,74.5,4.4,F,White,0,0,0
76.0,28.7,130.5,73.4,2.2,M,Asian,0,0,1
50.0,19.9,129.8,88.8,2.7,F,White,0,0,0
24.0,27.7,99.6,59.7,3.1,F,White,0,0,0
34.7,26.9,126.8,72.8,3.9,F,Black,0,0,0
18.0,22.5,103.8,67.6,4.7,F,White,0,0,0
51.3,25.6,114.3,71.5,4.8,F,White,0,0,1
52.0,21.1,136.5,82.5,6.6,M,Hispanic,0,0,0
48.2,28.7,109.0,64.8,4.3,F,Black,0,0,0
72.3,27.6,142.5,88.3,5.2,F,White,0,0,0
74.2,28.0,132.2,90.0,4.4,M,White,0,0,0
52.3,27.9,101.1,65.5,1.1,M,Other,0,0,0
20.8,21.7,133.9,82.8,2.0,F,Black,0,0,0
64.9,20.4,132.3,87.1,2.3,F,Black,0,0,0
63.9,30.3,133.2,82.7,4.2,F,White,0,0,0
60.0,29.0,140.6,89.6,4.4,M,Asian,0,0,0
70.7,24.6,150.7,94.3,3.6,F,Hispanic,0,0,0
36.4,26.7,122.2,79.3,5.7,F,White,0,0,0
87.1,32.6,143.3,86.2,6.2,F,White,0,0,1
39.6,29.8,125.6,71.0,3.8,F,Black,0,0,0
67.0,24.3,123.8,82.2,6.7,F,Hispanic,0,0,0
28.0,18.7,94.7,67.8,3.5,F,Hispanic,0,0,0
40.1,20.0,123.5,70.0,5.0,M,Other,0,0,1
79.3,26.0,151.6,95.1,1.2,M,Black,0,0,0
50.8,31.6,131.9,79.1,3.9,M,White,0,0,0
68.4,23.8,114.1,76.0,6.8,M,White,0,0,1
58.8,23.8,141.5,89.2,4.2,F,Hispanic,0,0,0
53.3,23.4,120.2,94.5,2.2,M,White,0,0,0
76.8,25.0,102.3,61.6,4.8,M,White,0,0,0
51.2,25.8,138.1,94.9,3.6,M,Black,0,0,0
26.5,19.5,103.2,73.8,5.1,M,White,0,0,0
42.1,29.7,146.1,93.8,2.6,F,Hispanic,0,0,0
63.8,25.9,143.7,89.3,3.8,F,White,0,0,0
61.3,36.2,123.7,77.3,2.1,F,White,0,0,0
29.9,20.1,123.9,76.9,3.1,F,White,0,0,1
43.4,31.8,155.5,103.2,4.6,F,Black,0,0,0
45.7,31.1,136.2,79.2,1.5,F,Black,0,0,0
49.2,24.1,126.6,77.5,3.9,F,White,0,0,0
33.0,23.3,158.8,96.8,1.9,M,White,0,0,0
44.9,21.8,123.6,66.3,3.5,M,White,0,0,0
43.3,21.8,129.6,85.5,1.8,M,Black,0,0,0
67.3,26.6,115.6,78.0,12.5,F,Other,0,0,0
67.9,26.7,105.4,61.6,6.8,M,Black,0,0,0
52.7,19.5,120.3,80.7,3.6,M,White,0,0,0
48.7,34.9,123.7,67.2,9.2,M,Black,0,0,0
57.2,25.1,130.3,80.9,2.7,M,White,0,0,0
41.9,25.6,101.2,62.0,8.0,F,White,0,0,0
36.7,22.6,128.7,80.3,5.2,F,White,0,0,0
40.0,24.2,108.9,68.0,2.7,M,White,0,0,0
44.8,24.1,130.5,80.4,5.8,M,White,0,0,0
36.4,25.1,132.5,79.8,7.0,F,Hispanic,0,0,0
57.6,26.1,120.2,73.9,4.0,F,White,0,0,0
66.7,29.8,115.0,79.5,6.5,F,Black,0,0,1
29.6,25.6,139.0,82.7,6.2,F,Asian,0,0,0
55.4,28.8,137.3,98.7,4.9,M,White,0,0,0
51.5,25.8,126.1,74.4,1.8,M,White,0,0,0
60.5,27.2,147.2,92.7,4.7,F,Black,0,0,0
54.8,25.0,126.1,81.6,3.9,F,White,0,0,0
31.7,28.8,109.3,66.0,5.6,F,White,0,0,0
34.8,26.3,104.9,73.3,2.3,F,White,0,0,0
55.5,25.4,123.6,79.9,6.6,M,Hispanic,0,0,0
71.5,26.1,140.7,86.0,3.0,M,Hispanic,0,0,0
19.6,23.8,133.8,91.2,2.3,M,Hispanic,0,0,0
60.5,26.4,127.0,72.6,6.0,F,Black,0,0,0
74.0,26.7,147.7,88.2,9.3,M,White,0,0,0
52.6,23.6,121.3,78.6,4.4,M,Hispanic,0,0,0
63.8,29.5,116.7,77.2,8.9,F,Hispanic,0,0,0
43.8,28.7,103.3,66.0,2.7,M,White,0,0,0
53.1,33.0,117.3,72.0,2.5,M,Other,0,0,0
29.1,22.3,99.5,60.2,7.6,M,Hispanic,0,0,0
18.0,26.8,142.0,94.8,5.6,F,White,0,0,0
70.1,19.1,135.7,85.6,1.9,F,White,0,0,0
39.2,28.5,118.9,68.5,9.8,F,White,0,0,0
47.7,19.8,146.9,85.5,3.9,F,Black,0,0,0
32.8,21.0,100.1,71.2,4.1,F,White,0,0,0
32.4,26.2,116.3,67.8,10.7,M,White,0,0,0
52.2,23.4,152.2,96.0,9.0,F,Black,0,0,0
43.3,22.4,119.5,82.2,8.6,F,Hispanic,0,0,0
61.0,24.4,161.1,103.1,2.8,M,Hispanic,0,0,0
62.2,29.3,138.2,81.1,4.8,F,Black,1,0,0
60.1,22.5,144.8,83.7,5.4,F,White,0,0,0
58.8,26.0,144.8,101.0,2.3,M,White,0,0,0
80.2,25.7,132.6,76.0,1.9,F,Black,0,0,1
37.9,28.4,113.0,66.8,3.7,F,White,0,0,0
54.1,29.3,123.1,78.6,6.6,M,White,0,0,0
73.1,19.6,116.6,71.0,1.2,F,Other,0,0,0
75.2,31.2,130.1,84.1,4.3,F,White,0,0,0
32.3,22.4,118.1,64.4,2.1,F,Black,0,0,0
50.0,26.7,147.1,90.0,7.0,M,Black,0,0,0
76.7,23.3,139.8,90.8,5.0,F,Hispanic,0,0,0
63.1,27.9,160.5,103.6,2.0,M,White,0,0,0
58.1,36.4,95.7,55.9,7.1,F,White,0,0,1
51.5,26.3,106.9,60.2,5.0,M,White,0,0,0
48.9,23.9,118.2,74.6,3.6,F,Black,0,0,0
59.6,25.3,147.3,83.4,12.6,F,White,0,0,0
51.0,19.9,122.3,83.5,3.8,M,White,0,0,0
54.3,31.8,104.2,65.6,3.0,M,Black,0,0,0
56.3,27.3,121.9,71.4,5.8,F,White,0,0,1
44.2,21.3,105.0,58.8,10.2,F,White,0,0,0
63.5,22.4,108.0,63.2,1.2,F,White,0,0,0
90.0,27.8,163.5,92.0,7.9,F,White,0,0,0
26.6,28.3,111.5,72.1,6.0,M,White,0,0,0
60.2,21.7,129.0,75.2,9.2,F,White,0,0,0
42.8,29.8,120.0,76.8,8.2,F,Other,0,0,0
64.2,26.1,124.3,80.3,5.3,F,Other,0,0,0
55.7,22.3,113.5,76.1,5.9,F,Black,0,0,0
67.2,24.7,124.3,78.6,4.4,F,Black,0,0,0
73.8,33.9,135.4,90.7,9.4,F,Black,0,0,0
58.1,20.6,145.8,98.7,2.7,F,Hispanic,0,0,0
73.1,24.0,143.7,90.6,4.4,M,White,0,0,1
18.0,28.0,96.8,61.9,6.6,F,White,0,0,0
80.4,28.1,146.5,87.5,7.1,M,Black,0,0,0
61.0,23.1,133.5,76.8,7.1,F,Other,0,0,1
72.2,30.7,121.4,83.0,5.6,F,White,0,0,0
35.5,29.1,121.7,79.1,7.1,F,White,0,0,0
41.7,26.7,129.0,84.1,5.9,F,White,0,0,0
57.3,23.7,126.4,74.8,10.7,M,White,0,0,0
54.7,24.2,131.6,91.4,2.7,M,Black,0,0,0
59.5,27.4,114.3,69.5,7.1,M,White,0,0,0
72.4,21.6,158.1,93.2,4.0,M,Asian,0,0,1
26.8,29.9,89.5,52.1,4.6,F,Hispanic,0,0,0
70.6,33.6,137.8,94.8,11.2,F,White,0,0,1
55.1,25.1,130.2,74.0,11.1,M,Hispanic,0,0,1
51.7,27.3,133.0,78.0,9.4,F,Black,0,1,0
31.5,29.6,108.0,84.4,3.2,F,White,0,0,0
63.0,34.2,143.8,94.8,3.0,M,White,0,0,0
18.0,30.4,112.4,65.3,2.0,M,Hispanic,0,0,0
65.4,19.6,111.5,62.6,9.9,M,White,0,0,0
31.1,23.5,102.5,53.5,2.4,F,White,0,0,0
55.9,28.0,127.0,79.3,3.6,M,White,0,0,1
53.1,23.9,102.1,67.7,3.2,F,White,0,0,1
73.7,34.1,155.8,105.7,3.0,F,Black,0,0,0
52.1,32.4,138.8,74.7,1.5,F,White,0,0,0
43.9,22.2,147.2,83.3,3.4,M,Black,0,0,0
46.9,24.9,146.7,90.2,4.8,M,White,0,0,0
75.4,24.0,126.2,95.0,2.2,M,Hispanic,0,0,0
63.6,25.6,115.4,76.9,2.8,F,White,0,0,0
48.8,24.8,85.7,55.3,9.1,F,Asian,0,0,0
51.2,29.6,118.2,65.9,2.5,F,Asian,0,0,0
29.9,21.2,142.2,75.4,4.1,M,White,0,0,0
61.2,15.8,115.3,71.7,4.3,F,Black,0,0,0
26.8,18.2,113.6,69.8,2.8,F,White,0,0,0
67.0,22.5,120.8,73.3,7.6,M,Hispanic,0,0,0
57.1,23.5,130.9,78.9,8.8,F,Black,0,0,0
90.0,28.5,153.5,90.7,1.9,M,White,0,0,0
37.4,20.8,98.2,55.0,3.2,F,White,0,0,0
53.4,21.1,105.6,73.8,2.7,M,White,0,0,0
83.8,23.7,154.4,90.4,3.6,F,Hispanic,0,1,0
74.1,22.5,141.0,85.8,4.3,F,Hispanic,0,0,0
43.9,23.2,118.0,72.9,1.6,F,White,0,0,0
58.6,23.8,150.0,97.2,4.3,F,White,0,0,0
55.0,28.8,105.9,60.5,11.2,M,White,0,0,0
59.5,22.3,139.4,92.3,8.4,F,Black,0,0,0
43.8,24.0,120.7,71.4,4.8,F,White,0,0,0
53.6,23.7,133.1,81.5,1.7,M,White,0,0,0
29.4,28.0,85.0,62.6,6.9,F,Hispanic,0,0,0
57.2,25.5,122.0,69.8,3.4,M,White,0,0,0
62.2,30.6,137.5,89.6,7.9,M,Black,0,0,1
51.4,21.2,123.0,82.3,7.2,F,White,1,0,1
29.2,24.5,134.8,85.4,3.6,M,White,0,0,0
70.8,24.5,146.9,90.3,4.1,F,Black,0,0,1
60.8,21.4,113.3,83.0,2.7,F,White,0,0,0
43.4,25.1,133.1,82.4,1.7,F,White,0,0,0
50.5,32.7,109.8,69.3,4.2,M,Other,0,0,0
31.0,21.4,118.6,71.5,6.3,M,Hispanic,0,0,0
38.6,24.7,129.3,81.1,4.5,F,Black,0,0,0
46.4,20.3,110.7,74.4,4.0,M,White,0,0,0
74.7,21.1,141.9,86.3,5.9,F,White,0,0,1
44.8,22.3,114.9,58.6,3.9,M,White,0,0,0
65.2,24.7,119.9,77.4,4.8,M,Asian,0,0,0
46.4,23.9,132.3,75.6,3.5,M,Hispanic,0,0,1
59.0,25.3,114.5,75.4,4.2,M,White,0,0,0
52.7,19.3,111.9,69.4,2.1,M,Asian,0,0,0
69.0,24.2,143.8,94.8,2.9,F,White,0,0,0
46.4,27.6,124.0,71.2,11.0,M,White,0,0,0
29.8,19.3,97.1,57.0,2.0,M,White,0,0,0
32.9,23.5,130.3,78.8,11.4,M,White,0,0,0
46.5,26.7,116.8,63.5,4.7,F,Asian,0,0,0
35.0,21.9,99.4,68.3,1.7,M,Hispanic,0,0,0
61.6,27.7,91.9,47.2,7.1,F,White,0,0,0
47.5,19.5,135.4,90.5,1.9,F,White,0,0,1
90.0,31.3,123.5,79.1,6.7,M,Black,0,0,1
27.2,26.1,99.2,60.3,5.5,F,White,0,0,0
58.3,26.4,134.9,85.7,4.5,M,White,0,0,0
37.0,29.6,130.9,83.0,5.1,F,Black,0,0,0
47.1,24.3,111.6,66.8,5.3,M,White,0,0,0
57.3,23.6,138.5,87.6,3.8,M,White,0,0,0
18.0,29.6,142.7,92.8,11.9,F,White,0,0,0
58.8,33.6,145.0,84.2,9.3,M,Asian,0,0,0
85.4,24.7,150.8,95.6,6.9,F,White,0,0,0
47.7,25.2,127.2,63.1,3.5,M,Black,0,0,0
59.2,30.4,120.0,62.8,3.3,M,White,0,0,0
71.4,26.5,129.1,83.5,5.2,F,Black,0,0,0
52.4,28.2,130.4,78.3,3.4,M,White,0,0,0
45.7,28.7,104.6,59.7,3.8,F,White,0,0,0
18.6,21.9,103.3,63.7,7.0,M,Black,0,0,0
65.3,28.2,108.1,64.6,9.5,M,Black,0,0,1
53.2,25.9,127.7,73.3,5.3,F,White,0,0,0
38.8,20.3,121.3,65.4,4.9,M,White,0,0,0
57.0,22.1,116.5,60.4,1.7,F,Asian,1,0,0
45.7,22.9,133.7,87.3,6.8,F,White,0,0,0
46.5,29.3,107.8,64.3,7.2,M,White,0,0,0
64.7,30.3,118.3,79.1,8.3,F,White,0,0,0
33.6,27.9,129.5,77.7,16.7,M,White,0,0,0
71.8,28.6,143.0,90.8,3.3,F,Black,0,0,0
32.6,26.5,107.2,65.7,10.3,M,Black,0,0,0
44.4,26.6,125.1,77.8,9.6,M,White,0,0,0
85.8,29.2,123.3,77.0,5.0,F,Black,0,0,0
73.0,28.8,127.6,76.5,2.0,F,White,0,0,0
56.6,20.5,127.5,71.7,9.0,F,Black,0,0,0
40.0,22.1,128.3,84.2,10.5,M,White,0,0,0
46.5,21.5,126.9,88.2,2.3,F,White,0,0,0
56.2,30.5,129.2,90.0,6.4,F,Black,0,0,0
55.6,32.6,110.1,64.9,4.7,M,White,0,0,0
53.5,17.3,130.0,76.2,4.6,F,White,0,0,0
54.5,32.2,132.6,78.9,1.7,F,White,0,0,0
51.6,26.2,133.6,81.8,8.8,F,Black,0,0,1
31.9,28.9,108.0,66.6,3.6,F,White,0,0,0
46.7,27.6,135.3,77.9,12.9,M,Black,0,0,1
69.6,32.5,110.9,59.9,4.0,M,Black,0,0,0
33.1,25.7,112.4,70.0,3.3,M,Black,0,0,0
52.0,20.4,120.2,53.4,3.5,M,White,0,0,0
41.9,24.9,103.4,63.5,4.1,F,Hispanic,0,0,0
56.8,28.2,121.5,69.6,4.0,F,White,0,0,0
48.8,24.8,126.2,82.9,8.8,M,Asian,0,0,0
78.6,29.8,106.5,72.3,4.0,M,Black,0,0,0
63.1,26.1,121.9,82.0,9.7,M,White,0,1,1
34.0,22.6,94.2,56.3,8.7,F,Hispanic,0,0,0
65.7,22.2,156.8,90.4,8.0,M,White,1,0,1
42.6,23.8,124.3,72.2,7.2,M,White,0,0,0
45.8,26.4,124.0,78.6,2.4,M,White,0,0,0
60.0,18.4,129.8,70.6,7.5,M,Black,0,0,0
47.1,22.5,131.1,89.6,8.7,F,Black,0,0,0
69.3,18.7,143.0,86.7,10.1,F,Hispanic,0,0,0
42.6,22.9,99.4,64.6,1.8,F,White,0,0,0
45.1,30.3,140.4,76.3,8.5,F,Black,0,0,0
44.5,20.7,139.3,80.8,1.8,M,Black,0,0,0
45.9,28.4,121.4,63.8,6.6,F,Black,0,0,0
72.6,38.3,128.6,85.9,6.0,F,White,0,0,0
65.1,32.3,85.0,51.7,2.7,F,White,0,0,0
82.4,27.9,115.8,75.2,4.9,M,Black,0,0,0
90.0,31.2,142.8,88.9,4.3,M,White,1,0,1
38.5,19.7,136.9,87.7,6.2,F,White,0,0,0
56.1,19.8,135.5,82.0,4.8,M,White,0,0,0
36.2,25.2,118.3,72.1,5.7,F,White,0,0,0
42.6,27.0,148.2,91.4,3.9,F,White,0,0,0
44.9,29.9,136.0,86.8,15.7,F,White,0,0,0
38.1,22.9,114.4,73.5,5.8,M,Black,0,0,0
38.2,25.9,150.5,110.2,3.5,M,Other,0,0,0
52.7,26.5,109.0,77.6,3.4,M,White,0,0,0
35.5,24.5,98.6,50.4,7.2,F,White,0,0,0
68.5,26.4,123.1,75.5,20.5,M,Hispanic,0,0,0
40.3,21.8,110.0,65.7,9.3,M,White,0,0,0
90.0,28.9,130.4,88.5,4.6,F,Other,0,0,1
47.8,26.4,134.0,81.2,1.7,F,White,0,0,0
56.2,24.3,124.9,80.2,2.8,F,White,0,0,0
34.3,27.6,118.7,59.6,3.2,M,White,0,0,0
82.3,31.5,134.0,74.0,1.6,F,White,0,0,0
72.9,29.6,98.0,73.3,4.2,F,Black,0,0,0
59.8,22.1,105.2,65.5,6.7,M,White,0,0,0
33.5,25.3,113.1,64.2,3.7,M,Hispanic,0,0,0
58.4,22.5,114.2,72.3,7.7,M,Black,0,0,0
37.1,25.5,116.4,65.8,3.4,M,Hispanic,0,0,0
78.4,23.5,151.7,92.3,2.0,F,Hispanic,0,0,0
67.9,31.8,127.8,70.5,3.0,M,White,0,0,0
56.5,29.2,106.9,61.6,2.8,F,White,0,0,0
18.0,28.8,102.8,61.2,1.8,F,Hispanic,0,0,0
39.3,29.4,144.2,96.1,2.5,M,White,0,0,0
66.0,25.5,149.8,95.6,1.5,F,White,0,0,0
74.4,25.3,139.2,90.1,1.5,F,White,0,0,0
72.7,33.9,108.4,67.1,3.6,M,White,0,0,0
29.5,24.1,121.7,80.4,3.2,F,Hispanic,0,0,0
59.8,20.8,131.8,76.5,13.7,F,White,0,0,1
71.2,30.8,130.2,76.3,2.6,M,Black,0,0,0
28.5,25.2,109.1,70.1,3.5,M,Asian,0,0,0
54.9,32.0,119.9,72.7,5.1,M,White,0,0,0
59.4,27.2,117.4,72.7,8.0,F,Black,0,0,0
50.2,25.7,107.5,65.7,9.9,M,White,0,0,0
25.4,30.6,135.2,91.4,5.2,M,White,0,0,0
49.8,19.6,135.8,92.0,4.2,F,White,0,0,0
49.8,23.4,119.4,70.3,2.9,F,White,0,0,0
52.6,22.3,129.2,69.6,4.8,F,White,0,0,0
46.0,16.8,127.8,74.9,9.4,M,White,0,0,0
47.9,29.1,155.7,91.1,4.7,F,White,0,0,0
54.4,23.7,137.0,89.9,5.9,M,White,0,0,0
62.1,30.0,138.8,91.6,7.5,M,Black,0,0,0
50.1,27.3,124.1,70.7,5.6,F,White,0,0,0
48.4,28.1,117.0,68.0,6.2,M,Hispanic,0,0,0
56.5,24.3,144.8,80.9,5.5,F,Asian,0,0,0
24.3,21.4,124.9,78.3,2.4,F,Black,0,0,0
62.6,26.7,115.7,71.4,4.9,M,Black,0,0,0
55.0,29.7,131.4,86.2,5.2,F,Black,0,0,0
55.6,25.8,136.9,87.9,11.7,M,Black,0,0,0
70.4,24.0,100.3,65.8,3.0,M,Asian,0,0,0
23.8,19.6,102.7,54.4,5.0,F,Asian,0,0,0
23.4,25.2,120.6,71.0,3.6,F,White,0,0,0
59.4,24.0,99.4,67.3,11.1,F,Black,0,0,0
54.9,25.7,100.2,58.9,8.6,M,Hispanic,0,0,0
57.7,25.2,122.0,65.9,5.0,M,White,0,0,0
47.6,23.9,129.7,85.2,1.1,F,White,0,0,0
65.6,27.7,135.7,80.7,8.9,M,Black,0,0,0
69.9,29.0,151.6,100.4,1.9,M,Black,0,0,0
62.7,34.2,128.5,79.5,1.5,M,White,1,0,0
50.8,28.8,118.5,71.8,7.7,F,White,0,0,1
21.3,30.7,96.6,68.1,6.0,F,White,0,0,0
67.3,23.3,123.3,68.6,5.7,F,White,0,0,0
74.5,20.6,140.8,95.9,3.1,F,Asian,0,0,1
65.3,26.5,138.6,82.1,1.7,F,Hispanic,0,0,0
40.9,28.7,124.5,78.2,1.2,F,White,0,0,0
65.8,29.3,135.9,85.3,5.7,F,White,0,0,0
68.8,31.5,147.0,88.6,2.1,F,Hispanic,0,0,0
79.9,17.1,133.5,78.2,6.3,F,Black,0,0,0
41.0,30.3,139.9,84.5,2.2,M,White,0,0,0
51.4,27.2,113.7,64.4,5.1,M,White,0,0,1
67.0,20.4,127.6,90.9,2.4,F,White,0,0,0
55.9,28.9,118.5,70.6,7.3,F,Hispanic,0,0,0
37.1,25.8,130.7,88.0,5.5,F,Black,0,0,0
61.6,27.9,112.8,76.1,4.8,M,White,1,0,0
64.3,30.5,123.3,78.6,2.6,M,Asian,0,0,0
56.4,27.8,99.4,60.8,1.8,F,Black,0,0,0
58.5,20.3,134.4,84.5,5.7,M,Asian,0,0,0
50.9,25.2,141.2,91.0,3.1,M,White,0,1,0
78.7,20.7,144.8,90.4,4.6,M,White,0,0,0
40.6,27.9,132.1,72.5,4.4,F,Asian,0,0,0
45.6,31.1,133.9,72.1,4.3,F,Asian,0,0,0
55.2,21.0,134.8,92.7,8.7,M,Asian,0,0,0
69.1,24.0,137.8,69.6,4.3,F,Hispanic,0,0,0
31.0,21.3,127.3,80.1,2.4,M,White,0,0,0
34.0,23.1,109.5,66.5,6.5,M,White,0,0,0
22.4,26.0,112.4,70.7,6.4,F,White,0,0,0
55.5,24.3,126.1,71.4,2.9,F,Asian,0,0,0
37.1,27.7,114.9,73.4,2.6,F,White,0,0,0
48.8,30.0,101.2,64.0,5.5,F,Black,0,0,0
65.6,30.9,110.9,85.3,2.1,M,Asian,0,0,0
44.7,21.0,125.1,78.4,5.5,M,Other,0,0,0
58.7,31.7,138.8,94.1,10.2,F,Asian,0,0,0
50.2,31.6,123.7,67.7,6.5,M,White,1,0,0
65.8,32.7,166.9,109.6,10.5,F,White,0,0,0
62.6,25.7,114.4,72.3,4.6,M,Other,0,0,0
43.9,22.4,127.9,80.9,4.6,F,White,0,0,0
52.3,21.9,142.3,89.9,4.9,M,White,0,0,0
71.7,22.4,144.9,100.1,5.9,M,Asian,0,0,1
61.3,26.4,136.1,85.9,5.7,F,Black,0,0,1
32.6,28.3,133.3,77.9,2.7,M,White,0,0,0
65.5,31.8,128.9,76.2,4.4,M,White,0,0,0
37.6,23.2,143.1,93.6,8.5,F,White,0,0,0
77.6,27.0,149.7,95.5,2.4,M,Asian,0,0,0
71.4,26.4,118.0,64.0,4.9,M,Black,0,0,0
59.6,23.7,130.9,84.2,5.8,M,White,0,0,0
57.5,29.1,104.1,58.0,5.8,F,White,0,0,0
51.7,27.3,145.3,92.7,1.8,M,Hispanic,0,0,0
65.9,27.1,131.4,76.6,2.3,M,Asian,0,0,0
49.1,27.1,142.1,86.4,8.3,M,White,0,0,0
58.8,28.7,124.6,74.0,8.2,F,Black,0,0,0
69.0,29.1,103.2,73.1,4.5,F,White,0,0,0
46.0,22.2,159.2,101.1,5.3,M,White,0,0,0
45.1,29.1,123.9,84.4,2.5,F,White,0,0,0
35.9,26.1,105.3,82.6,2.0,F,White,0,0,0
38.0,23.4,135.9,84.6,1.6,F,White,0,0,0
25.7,25.5,144.7,98.7,2.0,M,White,0,0,0
66.7,28.0,125.7,73.7,5.3,F,White,0,0,0
83.9,31.8,132.3,89.6,4.1,M,White,0,0,0
77.8,23.0,135.2,79.0,4.8,M,White,0,0,0
29.0,30.0,101.6,62.9,4.7,M,Black,0,0,0
66.6,26.7,118.8,76.9,2.3,M,White,0,0,0
77.8,25.1,156.8,101.4,5.5,F,White,0,0,0
47.7,23.5,121.0,67.4,9.0,M,Other,0,0,0
56.6,22.1,113.8,65.3,2.3,F,White,0,0,0
22.9,17.4,109.0,71.3,4.3,M,Hispanic,0,0,0
59.3,28.9,141.3,85.4,6.7,F,Black,0,0,0
38.0,33.1,92.2,48.8,8.2,M,Black,0,0,0
58.2,19.7,129.5,79.9,5.9,M,White,0,0,0
30.0,20.9,152.0,93.5,2.5,F,White,0,0,0
63.7,29.4,156.0,97.8,1.5,M,Hispanic,0,0,0
71.4,26.6,137.9,88.7,3.6,F,Hispanic,0,0,0
42.5,28.7,139.7,89.4,4.0,F,White,0,0,0
36.8,24.7,137.8,80.9,8.2,F,Black,0,0,0
20.5,22.0,112.9,67.5,3.4,F,White,0,0,0
50.7,24.9,136.7,90.3,2.3,M,Asian,0,0,0
45.7,16.0,147.2,88.0,2.8,M,Hispanic,0,0,0
30.2,20.2,99.9,59.5,5.9,F,White,0,0,0
62.2,30.2,135.2,74.8,4.5,M,Hispanic,0,0,0
47.8,30.4,127.9,79.1,4.0,M,Asian,0,0,0
37.8,30.8,121.3,77.3,8.4,M,Black,0,0,1
46.1,27.3,122.5,64.1,1.3,F,White,0,0,0
72.1,17.8,133.4,76.3,7.5,M,Hispanic,0,0,0
64.6,23.9,132.3,73.5,1.1,F,Black,0,0,1
52.9,31.2,140.0,91.6,7.2,M,White,0,0,0
64.9,33.0,134.6,72.0,4.9,M,Hispanic,0,0,1
36.4,30.5,116.9,72.0,4.7,M,White,0,0,0
55.5,25.1,113.4,74.6,4.8,F,Hispanic,0,0,0
57.4,20.9,119.1,75.0,7.2,F,Black,0,0,0
47.5,25.5,126.4,75.7,2.2,M,White,0,0,0
62.0,26.4,117.2,74.7,6.3,F,Other,0,0,0
42.5,31.6,134.5,89.6,7.3,F,White,0,0,1
63.2,27.3,133.5,82.1,4.2,M,White,0,0,1
63.8,26.5,143.7,75.6,3.0,M,White,0,0,0
18.0,24.4,105.0,72.0,1.6,F,White,0,0,0
74.0,28.6,119.1,76.2,18.4,F,Black,0,0,0
18.0,26.7,129.8,80.3,4.8,M,White,0,0,0
45.1,22.6,123.9,64.9,1.5,F,Asian,0,0,0
71.4,22.6,127.1,77.0,2.4,F,Asian,0,0,1
49.9,31.2,133.3,77.4,3.1,F,Black,0,0,1
31.5,18.3,127.2,71.6,7.4,F,White,0,0,1
37.5,31.7,102.2,62.5,2.4,M,Black,0,0,0
71.4,19.2,149.3,89.4,3.0,F,White,0,1,0
24.3,22.1,110.0,65.4,6.7,F,Hispanic,0,0,0
73.1,30.8,154.2,100.1,3.5,F,White,0,0,0
54.1,26.0,106.1,67.3,4.6,F,Asian,0,0,0
35.9,19.8,123.7,73.7,1.9,F,White,0,0,0
45.7,27.2,119.6,70.4,2.1,M,White,0,0,0
38.7,25.5,92.5,54.6,2.3,M,Other,0,0,0
68.9,25.8,138.4,84.3,4.3,F,White,0,0,1
66.7,24.1,101.6,66.5,4.6,F,Hispanic,0,0,1
27.5,24.5,112.7,63.6,4.9,F,Asian,0,0,0
48.5,23.3,138.5,94.6,8.3,F,White,0,0,1
41.2,35.0,113.4,73.8,3.0,M,White,0,0,0
75.7,26.1,118.6,57.1,1.7,F,White,0,0,0
33.4,23.4,129.7,80.9,6.8,M,Hispanic,0,0,0
80.7,25.1,129.2,86.4,5.0,M,Asian,0,0,0
54.5,33.1,119.2,76.2,6.6,F,White,0,0,0
36.4,18.5,137.3,82.6,5.0,M,Black,0,0,0
44.2,26.9,105.4,65.0,3.2,F,White,0,0,0
42.2,24.4,114.7,72.2,3.2,F,Black,0,0,0
34.6,19.3,131.0,85.8,2.8,M,Hispanic,0,0,0
56.5,22.8,108.2,58.6,9.2,F,Hispanic,0,0,0
35.4,26.3,144.0,85.6,14.2,M,White,0,0,0
20.1,20.8,111.5,79.0,6.1,M,White,0,0,0
48.9,26.7,135.4,84.2,3.8,F,White,0,0,0
26.2,31.5,128.6,88.9,2.9,M,White,0,0,0
43.0,26.1,119.3,91.9,5.5,F,White,0,0,0
40.5,19.5,113.9,67.7,1.9,M,Hispanic,0,0,0
41.1,21.9,120.2,67.4,6.0,F,White,0,0,0
87.0,26.5,144.6,88.0,2.8,F,White,0,0,0
55.9,24.6,111.5,75.7,1.1,F,Black,0,0,0
58.9,26.8,109.3,75.2,10.6,M,White,0,0,0
26.6,25.8,137.3,98.7,6.9,F,White,0,0,0
44.5,32.4,111.6,69.0,1.8,M,Asian,0,0,0
58.4,26.2,131.0,84.1,7.6,F,White,0,0,0
38.6,20.6,117.3,68.4,2.8,F,White,0,0,0
69.5,31.3,127.1,63.8,7.5,F,White,0,0,0
35.8,30.1,139.3,86.1,4.2,F,White,0,0,0
50.4,26.7,122.4,69.0,4.4,M,White,0,0,0
45.6,24.5,117.2,76.5,4.6,F,White,0,0,1
57.6,28.6,122.0,64.4,4.2,M,White,0,0,0
44.8,24.6,114.9,66.8,2.4,M,Hispanic,0,0,0
50.7,17.6,114.3,72.5,10.6,F,White,0,0,0
51.2,28.1,116.9,74.7,6.1,M,White,0,0,1
43.2,29.0,144.8,89.5,2.1,M,White,0,0,1
62.8,32.2,137.3,96.3,3.1,M,Asian,0,0,0
58.8,23.3,121.3,84.6,10.7,M,White,0,0,0
53.6,26.8,138.3,81.7,1.8,M,Hispanic,0,0,0
48.1,26.6,100.7,72.1,5.9,M,White,0,0,1
67.7,27.0,148.1,102.4,2.3,F,Asian,0,1,0
51.2,26.3,142.0,87.3,2.8,M,White,0,0,0
50.1,25.9,154.8,96.3,4.2,F,White,0,0,0
56.7,26.9,139.7,86.3,5.6,M,White,0,0,0
82.1,30.3,139.3,82.5,4.7,M,White,0,0,1
33.6,29.8,136.6,81.4,2.2,M,Black,1,0,0
67.3,23.6,119.9,82.3,10.4,M,Black,0,0,0
24.7,23.8,110.4,71.1,6.5,M,Black,0,0,0
58.5,24.5,125.1,74.3,8.7,M,White,0,0,0
80.2,25.0,151.7,88.5,4.1,F,Black,0,1,1
62.8,19.9,115.4,67.0,6.8,F,White,0,0,0
57.7,26.2,112.4,68.7,8.7,F,Other,0,0,1
46.0,27.5,125.6,83.4,5.3,F,Black,0,0,0
55.5,25.4,135.2,78.7,5.2,M,Black,0,0,0
51.0,25.8,113.9,76.1,5.9,M,Hispanic,0,0,0
42.4,27.0,130.6,82.2,5.9,F,Black,0,0,0
50.4,31.4,142.8,89.4,5.4,F,White,0,0,0
58.2,24.5,142.8,94.7,7.3,M,White,0,0,0
42.7,20.7,126.3,83.3,4.1,F,Black,0,0,0
42.1,25.0,119.9,65.9,10.0,M,White,0,0,0
33.2,32.4,142.8,82.0,1.4,M,White,0,0,0
61.3,21.7,127.1,77.4,6.7,F,Hispanic,0,0,0
63.7,29.0,140.8,89.4,9.6,F,White,0,0,0
58.7,30.8,153.5,103.4,3.0,F,Black,0,0,0
70.4,17.3,141.3,88.0,3.5,F,White,0,0,0
56.4,27.7,111.5,79.3,10.1,F,White,0,0,0
61.3,28.7,109.5,63.7,6.6,F,Hispanic,0,0,1
59.9,25.2,122.3,72.6,6.9,F,White,0,0,0
53.5,23.3,134.5,81.6,3.9,F,Black,0,0,0
46.5,23.2,128.7,74.9,3.7,F,Black,0,0,0
90.0,26.4,166.4,110.1,3.9,M,Hispanic,0,1,0
47.8,24.4,128.9,63.3,3.7,F,White,0,0,0
44.3,23.5,117.2,69.7,4.0,M,Hispanic,0,0,0
61.9,25.0,111.2,75.8,6.2,F,White,0,0,0
59.0,31.0,142.7,86.6,3.6,F,White,0,0,1
32.5,20.0,118.2,79.7,2.3,F,White,0,0,0
73.0,19.9,109.3,81.0,9.3,M,White,0,0,0
53.5,30.8,124.9,77.9,3.0,F,White,0,1,0
37.2,24.3,105.7,72.6,3.5,F,White,0,0,0
74.0,25.4,124.7,91.9,1.9,F,White,0,0,0
65.0,26.1,128.1,81.8,5.3,M,Black,0,0,0
34.8,25.8,106.3,65.6,3.0,F,White,0,0,0
83.4,25.3,126.7,84.0,2.2,F,White,1,0,1
65.5,28.6,117.7,80.1,7.7,M,White,0,0,1
54.8,22.1,114.9,71.0,11.8,F,White,0,0,0
80.4,26.1,118.5,70.6,3.2,F,Black,0,0,0
57.5,17.3,119.0,84.1,6.7,M,Asian,0,0,1
54.6,30.7,112.3,68.0,5.5,F,White,0,0,0
44.4,24.8,130.0,87.8,4.9,F,Black,0,0,0
64.3,29.1,130.6,82.6,2.2,F,White,0,0,0
62.6,28.3,144.0,100.3,5.2,F,Asian,0,0,0
55.2,28.2,151.5,88.8,6.9,M,White,0,0,1
42.4,25.3,130.7,75.9,13.9,M,White,0,0,0
57.1,27.7,131.9,86.9,1.4,M,White,0,0,0
53.9,22.1,135.0,76.9,6.6,F,White,1,0,1
33.7,20.2,125.1,78.3,4.9,M,Hispanic,0,0,0
31.5,24.4,118.6,82.8,4.0,M,White,0,0,0
64.0,23.7,127.3,68.2,9.4,F,White,0,0,0
18.0,29.9,99.6,64.2,3.2,M,White,0,0,0
58.3,27.7,137.7,92.7,11.7,M,Other,0,0,1
47.4,22.8,122.3,75.7,1.4,M,Hispanic,0,0,0
75.9,26.0,151.6,88.4,3.7,F,Asian,0,0,0
47.1,26.1,135.4,82.4,7.8,F,Hispanic,0,0,0
65.6,26.3,119.4,69.0,5.1,M,Asian,0,0,0
48.6,26.8,140.5,87.6,3.0,M,White,0,0,0
56.8,26.4,89.7,54.0,3.3,F,White,0,0,0
66.8,21.0,155.6,93.4,6.0,F,White,0,0,1
47.6,17.0,104.0,67.3,2.7,M,White,0,0,0
70.9,25.3,136.7,94.2,10.2,F,Black,0,0,0
39.1,27.4,126.2,80.2,4.3,F,White,0,0,0
59.7,24.8,142.1,96.2,4.1,M,White,0,1,0
69.8,31.7,124.8,86.9,5.6,F,Black,0,0,0
65.6,26.3,98.1,57.3,1.9,F,White,0,0,0
85.7,33.0,129.6,82.0,5.1,F,White,0,0,0
42.8,30.0,118.3,70.8,15.2,M,White,0,0,0
32.9,29.1,89.7,46.7,4.2,F,Black,0,0,0
39.1,20.4,120.9,77.1,5.0,M,White,0,0,1
65.6,26.6,113.1,63.8,7.1,M,White,0,0,0
63.0,31.3,136.5,87.5,10.1,M,White,0,0,0
56.6,27.2,122.0,66.3,5.1,M,Black,0,0,0
37.0,27.3,147.1,92.2,4.0,M,White,0,0,0
67.3,21.1,125.1,68.1,7.6,F,White,0,0,0
35.4,32.7,125.1,81.6,2.7,M,Asian,0,0,1
73.5,23.8,127.6,76.7,9.9,M,Hispanic,0,0,1
90.0,19.8,112.8,67.0,8.3,M,White,0,0,1
60.9,24.9,123.9,83.6,7.5,F,White,0,0,0
64.3,16.7,138.3,83.8,5.7,F,White,1,0,0
47.1,21.3,131.1,81.9,6.6,M,Black,0,0,0
26.0,34.8,112.2,68.4,6.6,F,White,0,0,0
45.4,24.0,101.7,66.1,5.4,M,Asian,0,0,0
37.5,19.4,128.8,86.1,3.2,F,Hispanic,0,0,0
31.8,24.9,123.9,81.8,6.7,M,Black,0,0,1
82.6,23.8,145.1,87.1,2.2,M,White,0,0,1
59.4,29.7,122.5,83.2,2.4,F,Hispanic,0,0,0
61.1,22.7,103.2,58.5,10.2,F,Black,0,0,0
50.1,26.8,131.0,76.8,2.4,M,Hispanic,0,0,0
52.2,21.3,124.0,76.1,8.9,F,White,0,0,0
70.4,37.2,149.1,98.7,2.3,F,Black,0,1,0
54.5,28.0,125.2,70.6,4.1,F,Hispanic,0,0,0
63.5,25.8,126.9,84.0,4.4,F,Asian,0,0,1
51.9,24.7,129.9,80.2,1.8,M,Black,0,0,0
49.5,23.5,115.0,68.7,6.2,F,White,0,0,0
32.5,21.8,109.2,74.3,2.0,F,White,0,0,0
23.4,21.3,114.1,65.9,2.1,M,Black,0,0,0
50.8,32.5,110.9,82.4,2.0,F,Asian,0,0,0
55.9,23.8,122.1,74.6,1.4,F,Black,0,0,0
34.4,16.5,146.0,91.4,7.4,M,White,0,0,0
54.4,21.3,139.4,95.7,3.3,M,White,0,0,0
55.9,29.8,129.6,81.4,3.8,M,Black,0,0,1
20.5,23.3,136.4,91.7,4.1,M,Hispanic,0,0,0
40.4,24.7,109.1,55.9,3.4,F,White,0,0,0
61.5,31.0,161.8,97.7,2.3,F,White,0,0,0
61.2,23.2,120.4,77.0,3.2,M,Asian,0,0,1
36.5,27.6,147.5,97.9,4.1,M,White,0,0,0
57.5,23.5,153.8,99.9,2.2,M,White,0,0,0
71.4,29.1,105.4,69.4,3.2,F,White,1,0,0
67.4,25.1,149.3,98.9,8.0,F,White,0,0,1
53.5,25.0,120.6,77.6,3.1,F,White,0,0,0
47.5,28.9,114.8,58.3,5.6,M,Black,0,0,1
44.9,28.5,129.3,88.8,6.1,M,Black,0,0,0
62.5,25.7,113.1,65.1,1.6,F,Black,0,0,1
58.1,24.3,133.0,84.3,6.2,F,Black,0,0,0
65.1,32.9,114.9,72.3,7.4,F,White,0,0,0
57.1,28.5,128.1,79.7,5.8,F,White,0,0,1
68.1,25.1,147.6,84.9,3.5,M,White,0,0,1
56.5,23.5,130.9,69.5,1.9,M,White,0,0,0
67.6,30.7,123.7,70.7,5.9,F,Black,0,0,1
68.9,27.2,136.8,89.7,3.2,M,White,0,0,0
42.1,24.7,101.4,54.2,3.8,M,Black,0,0,0
26.1,25.0,104.6,59.6,2.7,F,White,0,0,0
79.7,28.6,126.4,80.9,4.1,F,White,0,0,0
59.1,26.0,137.2,78.9,4.0,F,White,0,0,0
27.6,29.4,122.5,72.7,2.3,F,White,0,0,1
43.6,30.5,129.1,80.5,5.5,M,Black,0,0,0
67.3,28.7,128.3,81.3,10.2,M,Hispanic,0,0,1
50.5,31.3,112.6,63.5,7.8,F,White,0,0,1
46.8,25.6,143.4,89.7,10.7,F,Black,0,0,0
77.4,29.9,122.0,78.0,3.1,M,Black,0,0,1
38.2,29.2,125.8,70.4,2.5,F,White,0,0,0
42.2,29.4,119.6,75.4,1.5,M,White,0,0,0
58.4,29.8,133.9,78.7,3.6,M,White,0,0,0
61.2,28.8,118.4,74.1,3.9,M,White,0,0,0
62.9,34.2,142.1,92.5,4.4,M,Hispanic,0,0,1
69.6,24.6,148.7,91.1,2.3,M,White,0,0,0
58.2,25.5,139.8,92.2,4.9,M,White,0,0,0
62.8,25.5,129.6,85.1,4.3,F,Black,0,0,0
50.9,24.3,117.7,78.4,5.0,F,White,0,0,0
56.0,18.1,164.8,104.6,5.6,F,Black,0,0,0
56.7,31.6,111.6,75.8,4.6,F,White,0,0,0
58.4,22.1,138.4,88.1,7.7,F,White,0,0,0
67.4,27.3,133.4,72.7,5.4,F,White,0,0,0
63.9,20.8,126.8,73.9,4.3,F,White,0,0,0
55.7,28.5,127.8,78.0,2.9,F,White,0,1,0
42.1,22.2,114.0,70.1,3.7,F,Black,0,0,0
56.1,21.5,131.3,83.6,1.9,M,Black,0,0,0
54.6,26.8,129.3,75.3,6.8,M,Black,0,0,0
58.1,23.4,163.4,113.4,2.9,M,White,0,0,0
90.0,25.5,150.5,92.7,2.5,M,Other,0,0,1
46.6,26.3,129.7,80.4,2.0,M,White,0,0,0
61.8,29.5,135.1,79.7,2.8,M,Hispanic,0,0,0
72.1,23.6,155.9,90.6,3.2,F,Black,0,0,0
56.6,22.1,111.9,68.6,8.6,M,Black,0,0,0
90.0,27.8,132.9,82.6,2.8,F,White,0,0,0
49.0,27.9,96.5,59.3,9.8,M,Black,0,0,0
60.2,32.1,134.4,93.2,8.6,M,Black,1,0,0
42.2,21.1,133.0,81.7,8.4,F,White,0,0,0
49.4,24.4,109.4,67.3,6.0,M,Hispanic,0,0,0
59.0,30.9,146.3,95.6,1.7,F,White,0,0,0
68.5,34.6,119.0,72.8,7.9,F,White,0,0,0
60.1,22.3,121.7,78.7,1.8,F,Black,0,0,0
75.1,24.1,132.7,74.6,2.3,F,Hispanic,0,0,0
53.5,27.4,146.9,83.4,3.2,F,White,0,1,0
49.7,23.4,111.4,69.8,2.9,M,White,0,0,0
90.0,24.7,139.6,85.1,7.0,M,White,0,0,1
61.3,27.3,137.7,80.5,6.5,F,White,0,0,0
43.5,31.6,129.5,81.0,4.0,M,White,0,0,0
43.9,20.2,130.1,81.9,5.9,F,White,0,0,0
39.9,31.2,131.1,77.0,4.7,F,Hispanic,0,0,0
70.0,24.5,121.7,72.4,4.2,M,White,0,0,0
49.2,27.1,146.9,92.4,3.4,M,White,0,0,0
57.0,32.5,124.1,70.8,2.7,F,White,0,0,0
54.0,27.3,121.3,71.6,1.2,F,White,0,0,0
66.7,25.4,147.4,94.6,6.9,M,White,0,0,0
41.5,28.2,112.1,69.4,2.8,M,White,0,0,0
37.8,24.4,124.3,74.2,2.9,F,White,0,0,0
58.6,28.3,116.0,66.5,2.7,F,White,0,0,0
64.6,25.7,163.2,95.1,5.0,F,White,0,0,0
60.3,29.7,158.9,97.7,5.7,M,Hispanic,0,1,1
42.0,19.8,119.6,86.3,3.0,M,White,0,0,0
65.8,22.5,135.5,87.4,4.3,M,White,0,0,0
43.1,19.8,121.5,67.3,3.1,F,White,0,0,0
46.7,25.4,117.6,77.2,6.9,M,White,0,0,0
39.9,19.1,122.1,71.2,5.2,M,White,0,0,0
75.8,24.3,130.7,81.0,1.4,F,Black,0,0,1
65.1,22.1,106.8,62.7,5.6,M,White,0,0,0
64.7,32.4,131.6,93.7,4.5,F,White,0,0,1
75.0,23.0,130.4,74.0,2.6,F,White,0,0,0
90.0,22.6,139.9,88.6,2.4,M,White,0,0,1
27.7,25.6,115.7,67.6,6.4,F,Asian,0,0,0
43.2,32.2,116.4,76.6,6.7,M,White,0,0,0
45.1,25.0,134.3,85.0,4.6,F,White,0,0,0
41.4,25.2,128.4,87.1,3.1,F,White,0,0,0
37.8,30.3,139.4,90.7,2.6,F,White,0,0,0
50.2,29.3,130.5,76.7,2.7,M,White,0,0,0
35.5,26.7,116.4,89.7,3.5,F,White,0,0,0
60.4,23.9,135.2,87.2,7.6,M,White,0,0,0
55.8,27.9,97.5,57.2,1.6,F,White,0,0,0
62.7,20.9,156.8,98.4,4.3,F,Black,0,0,0
63.1,23.9,131.3,85.2,3.5,M,White,0,0,0
64.6,32.2,158.5,101.8,5.3,F,White,0,0,0
49.0,30.9,111.0,71.8,2.3,M,Hispanic,0,0,0
88.9,29.4,119.5,79.9,3.7,F,White,0,0,1
58.8,18.5,131.2,86.6,6.6,F,Asian,0,0,0
25.2,19.7,121.1,70.0,4.7,M,Asian,0,0,0
39.0,22.5,124.9,90.1,3.2,M,White,0,0,0
27.2,23.9,119.2,85.7,2.5,M,White,0,0,0
55.3,21.0,116.3,76.9,8.7,F,Hispanic,0,0,0
53.1,24.9,103.6,64.5,1.9,F,White,0,0,0
47.5,32.7,126.7,78.9,9.4,M,White,0,0,0
87.2,29.2,116.7,70.4,4.6,M,White,0,0,0
63.8,27.3,108.4,66.0,3.9,M,White,0,0,0
66.6,22.5,123.2,63.2,7.5,M,Hispanic,0,0,1
40.1,18.7,126.6,87.6,7.7,M,Black,0,0,0
39.0,20.3,148.0,98.8,4.4,F,Hispanic,0,0,0
55.6,19.3,138.9,76.0,5.4,M,Black,0,1,0
57.8,26.4,145.9,95.8,2.2,F,Black,0,0,0
25.3,26.1,125.2,77.6,3.7,F,White,0,0,0
52.1,22.0,129.3,79.0,2.8,M,Other,0,0,0
55.2,26.6,160.1,102.2,8.7,F,Asian,1,0,1
51.6,31.7,105.4,54.9,8.2,F,Hispanic,0,0,0
42.0,33.2,115.3,71.4,2.2,M,Black,0,0,0
46.4,28.7,117.7,73.5,2.1,M,White,0,0,0
52.2,25.2,136.7,85.2,3.8,M,White,0,0,0
56.5,29.0,111.7,61.1,9.6,M,Hispanic,0,0,0
64.7,31.9,138.6,88.6,3.3,F,White,0,0,0
72.3,18.8,138.3,92.1,13.6,M,White,0,0,1
50.3,31.7,135.0,86.1,2.0,F,White,0,0,0
47.7,23.5,133.9,81.7,2.8,F,Black,0,0,0
62.0,24.2,148.6,108.3,2.1,F,White,0,0,0
64.8,25.1,127.2,73.3,4.5,F,White,0,0,0
48.1,26.9,130.3,85.5,3.2,F,White,0,0,1
67.6,22.2,118.5,74.9,9.1,F,White,0,0,0
70.7,25.6,116.2,84.1,3.1,M,White,0,0,1
75.7,29.1,155.9,99.0,6.7,F,White,0,0,1
83.5,28.3,122.2,79.4,2.2,F,Black,0,0,1
41.1,26.8,129.8,83.5,3.6,M,White,0,0,0
55.2,24.7,132.5,75.8,1.5,M,White,0,0,0
55.2,28.8,141.5,82.5,9.7,M,White,0,0,0
53.4,30.1,101.3,61.2,3.8,F,White,0,0,0
44.6,29.5,134.4,89.0,6.7,F,Hispanic,1,0,0
31.2,26.5,117.1,74.0,1.7,M,White,0,0,0
56.5,29.8,117.0,71.3,1.9,M,White,0,0,0
42.7,28.9,117.8,81.3,2.2,F,Black,0,0,0
56.4,36.8,139.9,74.9,2.9,M,White,0,0,0
42.3,30.2,131.4,73.7,7.6,M,Hispanic,0,0,0
37.4,24.8,117.9,58.1,3.2,M,Asian,0,0,0
58.7,22.5,110.2,75.6,5.6,F,Black,0,0,0
57.4,25.1,110.8,68.1,11.1,M,Asian,0,0,0
64.3,25.1,138.3,91.6,3.5,F,White,0,0,0
90.0,29.8,117.6,72.3,1.8,M,White,0,0,1
59.4,23.4,124.7,83.4,2.3,F,White,0,0,0
62.8,31.2,164.9,101.5,5.9,F,White,0,1,0
37.8,19.6,126.3,80.7,2.9,F,White,0,0,0
34.4,18.4,129.2,81.7,1.7,M,White,0,0,0
80.3,26.7,117.7,75.0,17.0,M,White,0,0,0
40.2,21.9,103.4,74.2,8.0,M,White,0,0,0
38.3,20.1,131.1,71.6,2.5,M,Black,0,0,0
54.4,23.4,120.9,74.5,13.0,M,White,0,0,0
53.6,22.9,141.0,88.6,14.9,M,White,0,0,0
40.6,25.3,122.7,76.3,11.5,F,White,0,0,0
50.1,23.3,173.3,105.1,3.6,M,Black,0,0,0
74.7,24.8,124.3,73.9,4.1,F,White,0,0,0
42.1,25.3,126.6,87.7,5.7,F,Black,0,0,0
32.7,28.9,107.2,66.0,2.7,F,White,0,0,0
70.1,32.6,145.4,104.8,7.6,F,White,0,0,0
62.9,27.0,134.9,86.8,5.1,M,Asian,0,0,0
45.1,26.4,110.0,66.4,7.5,M,White,0,0,0
29.7,24.0,114.4,74.2,3.2,F,White,0,0,0
43.1,27.3,142.0,88.7,4.9,M,White,0,0,0
54.1,27.5,143.7,97.1,2.0,F,White,0,0,0
73.7,32.2,112.2,62.6,3.0,F,White,0,0,0
38.4,17.6,114.9,60.4,3.4,F,White,0,0,0
53.6,25.0,151.5,96.1,5.9,F,White,0,0,0
65.8,27.9,127.3,83.9,7.2,F,Asian,0,0,0
18.0,24.0,117.9,74.8,2.2,F,White,0,0,0
71.5,23.1,145.7,94.4,8.7,F,White,0,0,0
36.1,19.9,102.1,66.4,5.5,F,Hispanic,0,0,0
60.3,29.5,114.8,62.3,6.2,M,White,0,0,0
58.9,23.2,123.1,78.0,7.1,F,Hispanic,0,0,0
72.4,19.8,148.5,100.0,2.4,F,White,0,0,1
63.8,29.9,143.3,89.9,8.6,M,Black,0,0,1
18.0,26.0,125.4,69.9,2.9,F,Asian,0,0,0
42.4,24.9,120.7,72.8,3.9,F,White,0,0,0
57.2,22.5,142.9,91.9,3.6,F,Hispanic,0,0,0
51.9,25.4,123.3,87.2,13.0,M,Black,0,0,0
62.6,31.2,136.8,73.1,2.5,M,Hispanic,0,0,1
67.6,20.2,143.0,90.8,11.5,M,White,0,0,0
64.7,20.2,153.1,89.3,9.7,M,White,0,0,1
51.6,23.3,124.6,80.3,2.0,F,White,0,0,0
25.5,24.4,112.5,73.3,2.8,F,Asian,0,0,0
47.7,23.7,142.3,86.9,2.9,F,White,0,0,0
61.7,28.9,147.6,95.3,6.3,F,White,0,0,0
37.6,29.5,113.6,77.2,8.6,F,Hispanic,0,0,0
65.1,27.6,114.0,69.7,2.9,F,White,1,0,0
69.5,29.0,147.8,83.6,1.8,M,Black,0,0,0
57.0,27.2,104.0,73.0,6.3,F,White,0,0,1
18.0,24.2,91.6,61.8,4.5,F,Black,0,0,0
34.6,19.8,116.5,75.6,1.9,M,White,0,0,0
85.2,23.4,135.5,79.9,5.8,F,White,0,0,1
46.3,20.2,107.5,72.6,4.3,M,White,0,0,0
23.3,23.8,118.6,85.8,2.2,M,White,0,0,0
74.8,27.9,134.7,82.8,3.1,M,White,1,0,1
55.2,20.2,118.3,73.9,11.0,F,White,0,0,0
72.7,27.2,158.8,92.0,1.2,F,Black,0,1,0
59.4,22.7,132.3,77.7,2.4,M,White,0,0,0
62.3,22.1,143.0,82.2,1.8,M,White,0,0,1
60.8,23.8,106.4,66.7,3.6,M,White,0,0,0
66.2,22.1,107.8,64.8,4.7,F,White,0,0,0
90.0,30.2,141.9,90.2,4.0,F,Black,0,1,1
70.5,26.1,155.6,91.1,4.3,F,White,0,0,0
29.7,28.0,103.3,63.0,4.9,F,Hispanic,0,0,0
62.1,24.6,129.2,74.4,3.1,F,Black,0,0,1
73.3,25.3,113.2,71.3,15.5,M,Hispanic,0,0,1
74.2,34.5,120.7,65.0,4.5,F,Black,0,0,0
48.2,19.2,125.7,78.8,2.0,M,White,0,0,0
73.6,32.1,123.7,75.0,4.1,M,Other,0,0,1
69.8,33.4,111.2,70.0,6.3,F,Hispanic,0,0,0
90.0,30.8,116.9,62.6,6.9,M,White,0,0,1
43.0,24.1,95.0,62.8,5.8,M,White,0,0,0
46.9,31.3,129.2,78.3,4.7,F,White,0,0,0
50.1,24.5,131.9,83.1,2.4,F,Black,0,0,0
47.2,22.8,130.9,70.0,5.2,M,White,0,0,0
40.8,23.7,108.0,59.5,4.0,M,Black,0,0,0
18.0,21.9,128.0,77.0,2.8,M,White,0,0,0
48.0,21.9,132.8,90.6,4.5,M,White,0,0,1
60.9,30.7,126.9,81.8,7.1,F,White,0,0,0
47.1,22.5,120.4,75.5,1.7,M,White,0,0,0
86.0,27.4,125.2,72.1,2.4,M,White,0,0,0
55.2,20.2,127.8,72.6,6.5,M,Hispanic,0,0,0
75.7,27.2,153.8,97.0,2.1,M,White,0,0,0
59.2,21.6,142.2,92.4,8.3,M,Asian,0,0,0
68.2,21.9,125.4,79.0,3.7,M,Black,0,0,0
59.5,25.8,133.9,93.3,5.7,F,Black,0,0,0
76.9,31.3,116.2,67.9,6.4,M,White,0,0,0
55.9,27.8,135.5,85.1,4.2,F,Hispanic,0,0,0
62.9,28.4,115.7,61.6,8.7,M,Asian,0,0,1
60.9,25.8,136.4,85.8,4.6,M,Black,0,0,0
50.4,24.4,165.2,111.2,4.9,M,White,0,0,0
61.5,29.5,119.0,67.5,1.9,F,Black,0,0,0
90.0,25.5,176.4,114.4,11.3,F,White,0,1,1
50.7,29.1,130.6,89.6,7.1,F,White,0,0,0
61.7,31.3,116.5,68.1,2.3,F,Black,0,0,0
75.1,23.6,119.9,77.1,2.0,F,Hispanic,0,0,1
73.2,24.1,163.6,110.9,3.4,M,White,0,0,1
55.2,23.8,132.0,83.2,3.6,F,White,0,0,0
18.0,18.3,106.0,70.4,4.3,M,Hispanic,0,0,0
63.3,24.5,124.6,66.6,8.4,F,White,0,0,0
19.5,29.4,120.4,78.2,8.7,M,White,0,0,0
78.5,23.0,131.9,84.9,7.0,M,Black,0,0,0
57.7,31.4,130.7,73.0,1.4,M,Hispanic,0,0,0
71.0,25.1,154.6,90.1,10.3,M,White,0,0,0
40.6,33.7,104.9,68.6,7.6,M,White,0,0,0
30.2,22.0,126.6,76.7,6.0,M,White,0,0,0
59.2,25.6,125.2,84.3,3.7,M,White,0,0,0
54.5,22.3,117.9,74.9,5.7,F,Black,0,0,0
47.1,22.9,137.7,85.7,1.8,F,Hispanic,0,0,0
56.4,31.4,104.9,64.0,5.6,M,White,0,0,1
90.0,29.6,102.4,65.2,7.4,F,White,0,0,0
68.4,30.8,132.1,86.8,5.1,M,White,0,0,1
71.8,21.6,128.1,82.6,3.7,M,White,0,0,1
68.5,29.3,110.1,65.7,8.9,F,White,0,0,0
78.7,23.3,108.2,74.5,14.3,M,White,0,0,1
52.0,20.5,151.1,97.6,6.0,M,Hispanic,0,0,0
22.1,25.3,121.6,77.7,7.3,M,White,0,0,0
52.0,26.8,124.4,77.7,4.2,M,Black,0,0,0
68.0,26.9,159.6,102.0,3.3,M,White,0,0,0
39.5,28.1,134.7,72.5,7.6,M,Hispanic,0,0,0
52.2,29.4,148.9,93.8,12.2,M,Asian,0,0,0
43.9,31.3,105.2,75.0,2.9,F,White,0,0,0
79.0,22.4,115.2,72.7,2.3,M,White,0,0,0
67.0,32.6,137.2,85.6,3.2,M,Black,0,0,0
65.4,34.1,133.9,79.5,2.8,F,White,0,0,0
64.9,25.0,145.5,93.2,9.3,F,White,0,0,0
54.4,19.3,102.0,62.1,8.6,M,White,0,0,1
58.2,20.6,135.8,92.1,3.1,F,Hispanic,0,0,0
36.0,23.2,133.2,77.4,4.9,M,White,0,0,0
20.0,32.3,127.6,76.4,2.4,F,White,0,0,0
57.4,26.2,120.0,70.8,4.1,F,White,0,0,0
60.2,23.8,133.8,94.0,2.3,M,Black,0,0,0
74.3,24.2,119.9,73.2,3.7,F,White,0,0,0
80.1,22.0,128.4,76.3,2.3,F,Hispanic,0,0,0
80.1,30.8,117.9,60.6,8.8,M,Black,0,0,0
39.0,24.8,109.6,62.5,5.1,M,White,0,0,0
49.4,34.1,119.9,77.5,5.5,F,White,0,0,0
62.7,28.9,120.4,77.8,2.9,M,Hispanic,0,0,0
90.0,31.1,124.9,73.5,3.5,M,Black,0,0,0
78.7,26.2,113.9,67.1,4.8,M,White,0,0,0
72.9,22.5,157.8,109.0,12.2,F,White,0,0,0
48.8,22.2,116.1,88.2,4.5,F,White,0,0,0
40.9,19.8,125.4,84.6,9.8,M,White,0,0,0
67.6,30.3,104.2,73.9,3.6,M,White,0,0,0
37.4,23.6,138.7,96.6,4.6,F,White,0,0,0
51.2,29.6,126.2,91.5,8.4,M,White,0,0,0
53.2,26.5,118.2,71.5,6.8,F,Hispanic,0,0,0
80.5,26.1,126.6,73.2,2.8,M,Hispanic,0,0,1
49.3,21.0,135.5,95.0,5.6,M,Hispanic,0,0,0
18.0,25.4,85.0,46.9,5.8,M,Black,0,0,0
63.1,25.5,115.9,65.7,6.4,M,Black,0,0,0
43.8,29.0,120.0,68.4,2.9,F,White,0,0,0
55.7,23.2,123.4,75.7,2.1,M,Black,0,0,0
53.6,28.4,159.7,87.1,10.2,F,White,0,0,0
50.6,32.3,119.0,65.2,14.4,M,White,0,0,0
67.6,27.7,142.7,84.7,6.3,M,Asian,0,0,1
30.5,27.9,143.0,81.5,3.5,F,Hispanic,0,0,0
46.7,27.9,131.9,88.2,9.2,F,White,0,0,0
65.9,34.1,118.8,73.7,2.6,F,Black,0,0,1
45.2,27.0,104.1,68.0,2.7,F,White,0,0,0
29.3,27.5,127.7,82.0,10.6,F,White,0,0,0
65.7,26.4,151.2,92.5,13.7,M,White,0,0,0
73.0,23.8,138.0,91.5,3.3,F,White,0,0,0
54.3,21.1,142.1,90.8,2.9,M,Black,0,0,0
23.6,29.5,151.9,92.3,4.5,M,White,0,0,1
66.3,22.5,140.1,76.8,2.5,M,White,0,0,0
28.4,27.7,101.6,66.1,2.0,F,Other,0,0,1
59.9,27.9,127.2,71.3,2.0,M,White,0,0,0
40.8,29.0,139.9,89.0,5.5,M,White,0,0,0
36.4,23.0,115.9,72.4,4.4,M,White,0,0,0
47.9,22.5,144.0,81.1,8.4,M,White,0,0,1
52.1,27.4,123.2,77.9,10.6,M,White,0,0,1
44.7,24.3,126.6,79.6,6.1,M,Black,0,0,0
64.4,21.5,122.9,77.4,2.5,M,Hispanic,0,0,0
47.9,33.4,125.1,78.4,1.5,F,White,0,0,0
70.7,23.6,132.7,78.3,3.7,M,White,0,0,0
59.5,22.3,103.8,67.9,3.4,F,White,0,0,1
43.8,24.5,115.5,67.5,2.5,F,Hispanic,0,0,0
41.1,30.3,103.6,57.8,6.0,M,White,0,0,0
28.6,16.0,111.4,73.1,6.3,F,White,0,0,0
59.7,30.9,115.3,77.1,5.4,M,Other,0,0,1
49.3,22.1,137.5,88.9,14.1,F,Black,0,0,0
18.0,25.2,128.2,78.3,2.0,M,White,0,0,0
46.4,22.9,130.3,69.1,3.8,F,White,0,0,0
40.6,33.2,102.9,72.7,4.5,M,White,0,0,0
80.2,27.8,131.2,69.6,3.5,F,Other,0,0,1
27.8,21.8,98.0,64.3,3.2,F,White,0,0,0
31.9,23.6,116.0,84.6,6.9,F,White,0,0,0
72.8,27.2,139.4,87.3,2.9,M,White,0,0,0
76.7,27.8,145.4,91.9,2.6,M,White,0,1,0
43.1,27.2,128.0,81.7,6.3,M,White,0,0,0
44.9,25.5,139.6,87.7,6.2,F,Hispanic,0,0,0
64.9,21.0,131.6,95.7,1.9,F,White,0,0,0
18.0,22.8,110.6,63.5,8.5,F,Hispanic,0,0,0
25.2,26.9,128.3,73.7,12.7,M,Hispanic,0,0,0
50.5,23.1,136.3,82.6,1.6,M,White,0,0,0
79.8,29.9,125.1,88.0,7.0,F,Black,0,0,1
48.0,25.8,128.2,76.0,5.2,M,Black,0,0,0
56.6,25.2,121.4,77.8,4.9,M,Black,0,0,0
73.1,31.7,102.3,69.9,8.8,F,White,0,0,1
88.7,20.7,141.3,92.3,5.1,F,White,0,0,1
45.8,22.8,104.1,70.7,5.0,F,White,0,0,0
54.7,30.9,129.5,88.8,3.4,F,Black,0,0,0
84.2,34.8,112.3,71.4,9.0,F,White,0,0,0
30.6,33.9,107.6,64.0,1.8,M,White,0,0,0
71.4,27.0,123.9,77.7,7.8,F,White,0,0,1
38.7,27.0,136.9,82.9,2.8,M,White,0,0,0
56.6,29.4,118.0,88.3,4.4,M,Hispanic,0,0,0
51.1,30.9,108.8,64.3,2.5,M,Hispanic,0,0,0
39.7,26.5,125.5,80.7,3.6,M,Hispanic,0,0,0
39.3,28.9,117.2,63.7,2.7,F,White,0,0,0
59.4,28.1,137.4,86.0,3.8,F,White,0,0,0
70.9,28.9,115.6,70.0,8.1,F,Hispanic,0,0,0
52.9,22.2,127.3,83.0,3.3,M,White,0,0,0
56.1,24.7,159.9,103.4,6.0,M,Black,0,0,0
64.1,24.4,124.4,85.6,3.1,F,Black,0,0,0
39.5,20.5,123.0,84.3,2.7,F,White,0,0,1
66.8,20.0,105.3,64.9,4.6,F,White,0,0,0
68.1,25.0,117.0,66.9,1.3,F,Black,0,0,0
90.0,26.7,141.9,83.0,3.2,M,White,0,0,1
49.0,26.1,118.6,75.3,9.2,F,Hispanic,0,0,0
47.7,27.9,131.4,82.4,5.8,F,White,0,0,0
67.3,27.4,134.6,85.0,4.4,F,White,0,0,0
68.1,25.6,110.5,65.3,4.2,F,Black,1,0,1
46.4,21.9,136.6,93.3,8.1,F,White,0,0,0
48.5,29.2,105.7,56.7,3.1,M,White,0,0,0
63.7,26.0,116.9,68.9,3.7,F,Asian,0,0,0
41.8,23.6,124.2,70.6,1.3,M,Black,0,0,0
48.4,24.9,145.0,88.6,4.2,F,Black,0,0,0
56.4,23.1,111.4,76.5,6.0,F,Hispanic,0,0,0
70.9,24.7,131.8,80.0,3.3,F,White,0,0,0
45.3,23.3,124.3,77.7,5.5,F,White,0,0,0
25.5,23.4,125.4,81.7,3.7,F,White,0,0,0
24.3,27.1,132.4,80.1,5.6,F,White,0,0,0
34.8,26.6,113.3,72.5,4.8,M,White,0,0,0
34.0,31.1,132.9,83.9,2.9,M,White,0,0,0
52.5,30.7,142.9,81.8,3.8,M,Black,0,0,0
36.0,32.9,144.3,86.7,4.2,F,White,0,0,0
43.8,27.7,128.7,81.9,4.2,M,Black,0,0,0
42.6,27.6,123.5,84.3,10.7,M,Hispanic,0,0,0
48.0,23.7,116.2,79.8,4.1,F,Other,0,0,0
76.2,30.4,110.9,81.3,9.3,F,White,0,0,1
65.6,23.9,124.3,80.0,2.4,M,Asian,0,0,0
55.3,20.1,126.7,76.0,5.5,M,Hispanic,0,0,0
47.6,31.7,121.3,74.8,7.0,F,White,0,0,0
48.1,20.7,131.3,80.7,1.9,F,White,0,0,0
60.2,28.0,106.2,63.4,6.1,M,White,0,0,0
64.3,22.9,125.3,80.0,1.4,F,Black,0,0,0
40.5,29.8,148.6,94.7,3.1,M,White,0,0,0
55.6,31.1,139.1,79.2,4.5,M,White,0,0,0
22.5,26.5,123.9,83.3,10.8,M,Black,0,0,0
58.4,31.2,131.5,70.5,6.1,M,White,0,0,0
67.2,26.6,123.5,75.3,3.0,F,White,0,0,1
50.5,34.7,99.1,68.3,8.0,M,Hispanic,0,0,1
84.1,30.4,140.1,90.5,2.1,M,Other,0,0,1
40.9,21.7,86.5,51.5,1.6,M,Black,0,0,0
58.5,26.5,121.5,87.1,5.5,F,White,0,0,0
54.4,25.4,124.8,74.7,3.3,F,White,0,0,0
53.4,24.9,118.3,61.3,4.6,F,White,0,0,0
53.2,19.3,154.9,98.7,2.1,F,White,0,0,0
56.7,27.6,151.1,83.0,8.5,M,White,0,0,0
68.6,21.1,143.5,84.0,8.0,M,Asian,0,0,1
77.0,17.0,118.7,77.3,1.8,M,Black,0,0,0
55.0,24.6,151.9,91.4,2.4,M,White,0,0,0
68.0,23.6,137.6,88.8,9.4,F,White,0,0,1
43.8,22.0,108.4,60.3,3.2,F,White,0,0,0
67.3,15.0,129.1,85.2,2.1,F,White,0,0,0
42.8,22.0,134.8,73.4,5.0,F,Black,0,0,0
72.5,26.2,121.9,83.5,3.4,F,White,0,0,0
90.0,25.2,137.5,82.4,2.1,F,Hispanic,0,0,1
53.0,27.5,128.8,89.1,11.0,F,White,0,0,0
19.9,29.8,99.1,56.4,1.5,M,White,0,0,0
46.2,27.6,118.6,85.1,4.0,F,Other,0,0,1
74.7,31.1,116.6,66.5,7.1,F,White,0,0,1
63.8,30.9,139.8,75.9,8.9,F,White,0,0,0
59.0,22.1,113.5,70.6,6.2,M,Black,0,0,0
71.1,28.6,133.9,90.4,7.3,M,White,0,0,1
62.8,30.4,107.9,71.6,6.6,F,White,0,0,0
74.5,25.2,115.0,78.3,4.5,F,White,0,0,0
69.7,23.6,112.9,74.8,2.7,M,White,0,0,0
79.3,29.3,128.3,74.6,3.5,M,White,0,0,1
60.7,20.4,129.2,84.7,2.3,M,White,0,0,0
69.5,22.4,134.5,83.9,4.8,M,Black,0,0,0
50.1,23.1,98.7,56.9,2.6,M,Hispanic,0,0,0
45.4,27.3,119.8,75.3,4.0,M,White,0,0,0
82.3,28.2,122.7,75.7,3.8,F,White,0,0,1
58.5,30.3,133.5,91.3,5.3,M,White,0,0,0
67.9,23.0,125.1,74.5,4.0,F,White,0,0,1
57.0,22.2,124.5,73.8,4.2,M,White,0,0,0
45.6,27.6,111.8,65.1,2.0,F,Hispanic,0,0,0
55.2,22.8,149.2,103.9,3.0,F,White,0,0,0
78.0,24.7,113.9,66.8,1.0,M,White,0,0,0
63.9,19.0,122.1,83.5,6.0,M,Black,0,0,0
27.6,25.8,118.3,67.2,3.6,F,Hispanic,0,0,0
51.6,32.0,120.4,77.7,3.4,M,White,0,0,0
83.5,23.3,122.9,77.7,4.8,F,White,0,0,1
51.6,29.9,98.6,68.5,4.4,F,Other,0,0,0
26.2,24.3,106.7,72.7,4.8,M,White,0,0,0
85.3,20.5,120.7,75.3,5.3,F,Black,0,0,0
65.9,23.0,151.8,90.9,4.0,F,Black,0,0,0
53.9,22.1,156.4,106.7,2.3,M,White,0,0,0
49.1,24.4,122.5,72.1,2.1,F,White,0,0,0
72.3,28.5,110.5,54.9,2.9,F,White,0,1,1
46.3,33.0,132.7,71.1,10.2,F,White,0,0,0
73.4,21.2,116.8,62.7,4.3,M,White,0,0,1
63.7,24.5,119.9,77.9,5.7,F,Black,0,0,1
58.9,22.6,117.4,86.1,3.4,F,Black,0,0,0
57.3,21.0,118.7,61.3,3.8,M,Asian,0,0,1
52.2,26.2,119.2,69.2,2.7,F,Other,0,0,0
71.7,26.8,111.6,69.7,5.8,F,Black,0,0,1
41.2,18.1,111.0,78.1,3.6,M,White,0,0,0
29.0,24.8,131.5,76.8,6.2,M,White,0,0,0
64.8,21.7,127.5,82.6,1.3,F,Black,0,0,0
65.1,26.6,129.8,79.0,6.4,M,Black,0,0,1
62.7,31.5,96.1,75.2,2.4,M,White,0,0,0
61.5,28.2,140.2,87.8,2.7,F,Black,0,0,0
49.9,26.5,113.9,72.7,7.3,M,White,0,0,0
67.6,24.5,144.5,90.1,7.9,M,White,0,0,0
54.3,26.2,126.9,76.2,4.5,M,Hispanic,0,0,0
47.2,27.9,114.8,76.9,7.5,M,White,0,0,0
50.0,27.6,100.0,55.1,3.0,M,White,0,0,0
87.3,27.2,165.1,90.4,3.3,M,White,0,0,0
27.2,25.5,127.9,78.4,9.0,M,White,0,0,0
63.0,21.1,139.5,91.4,1.5,M,White,0,1,1
28.1,21.7,142.4,84.8,5.8,M,Black,0,0,0
53.3,28.7,127.6,80.2,3.9,M,White,0,0,0
48.1,29.0,141.9,80.6,4.9,M,Black,0,1,0
21.6,24.7,108.3,73.5,4.5,F,White,0,0,0
61.2,32.2,137.2,89.0,4.8,F,Other,0,0,1
48.9,27.7,114.4,71.0,3.9,M,Black,0,0,0
21.4,23.4,107.9,67.9,4.8,F,White,0,0,0
68.4,21.8,130.4,72.5,5.7,M,White,0,0,0
78.0,32.9,114.1,62.7,3.5,M,White,0,0,0
78.8,30.3,136.8,84.1,3.9,M,Black,0,0,0
60.7,33.5,122.4,78.9,4.7,F,Black,0,0,0
55.7,34.7,97.4,63.8,7.6,M,Black,1,0,0
76.3,21.9,125.0,75.3,1.7,F,Hispanic,0,0,1
81.9,22.2,128.2,84.0,2.4,M,White,0,0,0
73.1,15.5,142.4,96.8,11.2,F,Black,0,1,0
39.9,28.9,124.5,76.6,5.3,F,White,0,0,0
58.2,28.8,146.2,92.5,5.2,M,Black,0,0,0
62.0,26.7,134.4,82.1,14.8,M,White,0,0,0
26.0,19.6,108.6,66.5,5.2,M,Black,0,0,1
62.5,26.0,126.4,79.4,3.2,F,White,0,0,0
90.0,28.5,130.6,91.2,1.3,F,White,0,0,0
65.2,29.6,134.9,89.1,3.8,F,White,0,0,0
78.6,28.3,132.9,87.4,4.4,M,Asian,0,0,0
57.9,28.8,117.1,69.9,6.9,M,White,0,0,1
53.8,25.4,124.8,72.0,7.1,F,White,0,0,0
61.1,31.0,133.3,85.0,5.9,F,White,0,0,0
41.9,27.9,107.0,73.8,7.8,F,White,0,0,0
39.6,20.5,124.8,87.7,4.8,M,Hispanic,0,0,0
75.3,32.6,109.0,52.8,1.8,F,Asian,0,0,0
77.0,32.0,147.1,105.9,3.7,F,Hispanic,0,0,0
39.1,27.1,127.6,81.6,3.7,F,Hispanic,0,0,0
70.5,27.9,152.5,100.0,4.6,F,White,0,0,0
53.6,32.6,109.0,57.1,7.9,F,White,0,0,0
60.4,19.7,142.5,86.9,4.2,F,Black,0,0,0
62.4,31.3,140.3,91.9,4.2,M,Black,0,1,1
70.9,24.9,127.2,71.8,16.0,M,White,0,0,1
56.3,30.4,120.1,57.1,2.5,F,Black,0,0,0
77.6,27.6,116.6,74.3,5.1,M,White,0,0,0
60.0,21.3,107.6,66.4,3.1,F,White,0,0,0
65.0,24.5,117.5,81.5,5.4,M,White,0,0,1
41.7,29.4,103.4,63.2,8.5,M,Hispanic,0,0,0
89.5,26.9,157.7,97.3,6.4,F,Black,0,0,0
62.5,23.9,106.2,70.0,5.0,M,White,0,0,0
66.4,24.1,130.5,87.1,4.3,M,Hispanic,0,0,0
29.3,27.3,123.4,72.2,7.8,M,Hispanic,0,0,0
41.8,32.3,126.1,83.8,6.7,F,White,0,0,0
74.8,18.4,137.2,81.9,4.3,F,Hispanic,0,0,0
59.6,37.4,139.6,86.7,14.9,F,White,0,0,0
24.4,25.3,109.6,72.0,2.8,M,White,0,0,0
71.6,29.2,131.2,86.4,14.2,M,White,0,0,1
46.3,23.8,118.3,75.2,7.9,F,White,0,0,1
77.6,27.1,150.0,86.5,2.1,M,White,0,0,0
53.6,26.7,154.0,84.2,3.0,F,White,0,0,0
58.3,22.0,109.3,66.6,5.0,F,White,0,0,0
73.9,23.7,102.2,69.2,1.8,M,Black,0,0,0
40.6,30.0,128.7,82.5,6.8,F,Black,0,0,0
39.1,19.0,135.2,85.3,4.2,M,White,0,0,0
51.9,27.6,151.5,93.9,7.0,M,White,0,0,0
68.2,25.2,139.3,88.2,6.4,M,White,0,0,0
33.7,21.1,138.2,79.7,3.8,M,Hispanic,0,0,0
28.3,32.6,140.2,91.6,3.0,F,Hispanic,0,0,0
68.2,22.8,149.5,97.7,1.4,M,White,0,0,1
45.4,21.0,134.4,81.2,14.6,M,Black,0,0,0
48.7,24.9,105.2,67.8,6.2,F,White,0,0,0
25.3,21.4,116.0,61.6,2.2,F,Other,0,0,0
44.1,25.5,125.9,79.2,4.2,F,White,0,0,0
54.9,26.6,123.6,75.8,7.7,F,White,0,0,0
69.9,27.7,128.9,87.5,4.5,M,Black,0,0,0
42.7,24.9,143.2,87.6,2.0,F,White,0,0,0
81.5,24.5,122.4,81.1,6.6,M,White,0,0,1
44.0,28.0,132.9,80.1,2.0,F,White,0,0,0
44.1,25.0,126.2,64.5,7.2,F,White,0,0,0
79.6,25.2,120.4,73.3,5.5,F,Black,0,0,0
58.4,32.1,110.9,70.0,4.2,F,Black,0,0,0
46.2,25.1,98.5,62.0,4.1,M,White,0,0,0
52.5,30.2,131.1,82.2,3.7,F,Hispanic,0,0,0
76.6,32.0,130.6,77.9,6.2,F,White,0,0,0
78.5,32.3,120.5,72.8,2.2,F,Asian,0,0,1
41.9,28.1,94.8,52.0,3.2,F,White,1,0,0
54.3,26.0,130.9,69.2,9.6,M,Hispanic,0,0,0
56.4,25.8,123.0,75.6,13.6,M,Asian,0,0,0
39.2,24.2,110.3,63.9,3.9,F,Hispanic,0,0,0
54.1,17.3,111.2,75.4,4.7,M,Hispanic,0,0,0
55.1,28.9,121.7,62.4,2.4,F,White,0,0,1
73.2,27.9,137.1,86.7,2.8,M,Black,0,0,0
74.3,30.3,126.2,91.0,1.4,M,White,0,0,0
49.7,25.3,106.8,65.1,1.7,F,White,0,0,0
51.6,28.5,123.2,76.3,3.4,M,Other,0,0,0
65.6,21.0,142.8,91.1,7.4,M,White,0,0,0
45.6,20.9,122.8,79.1,4.3,F,White,0,0,0
64.4,16.6,128.8,77.4,9.3,M,Asian,0,0,0
53.6,25.4,120.0,68.4,3.2,M,White,0,0,0
39.5,22.1,107.9,70.8,8.3,F,White,0,0,0
39.7,21.6,107.5,55.2,16.3,M,White,0,0,1
78.2,28.5,108.7,72.4,5.4,M,Black,0,0,0
52.5,24.2,140.8,84.9,1.4,M,Hispanic,0,0,0
81.2,21.6,139.3,86.4,1.4,F,White,0,0,1
46.8,35.8,123.7,73.5,1.8,M,Black,0,0,1
59.7,26.1,130.5,89.5,2.7,M,White,0,0,0
90.0,23.4,140.3,88.5,7.1,M,Black,0,0,1
38.1,22.5,109.6,66.0,3.3,F,Black,0,0,0
24.6,23.8,111.3,66.9,8.3,F,Asian,0,0,0
75.6,26.3,124.5,76.3,3.0,M,White,0,0,0
41.8,30.5,156.2,111.2,15.9,M,White,0,0,1
54.7,25.7,139.2,78.4,9.6,F,Black,0,0,0
45.6,33.0,124.5,83.7,3.2,M,White,0,0,0
59.3,24.5,145.4,93.6,2.5,M,White,0,0,1
39.8,26.9,137.8,94.7,9.7,M,White,0,0,0
52.1,29.9,104.8,68.8,2.2,F,White,0,0,0
62.2,31.1,124.0,76.9,3.1,M,Asian,0,0,0
38.9,30.4,119.9,80.5,2.2,F,White,0,0,0
43.8,24.4,130.2,82.1,4.9,F,Black,0,0,0
49.4,25.7,120.2,79.1,8.6,M,Black,0,0,0
32.1,15.0,116.8,81.0,3.3,M,White,0,0,0
48.2,24.9,116.5,72.8,7.6,F,White,0,0,0
56.9,30.5,140.3,84.4,5.1,M,White,0,0,0
48.6,29.3,102.9,59.9,2.1,M,White,0,0,0
50.7,25.4,117.7,75.7,3.1,F,White,0,0,0
54.7,32.8,99.1,56.2,1.8,F,Black,0,0,0
44.5,23.9,107.4,64.5,11.5,M,White,0,0,1
66.1,23.7,132.8,76.5,4.6,M,White,0,0,1
78.0,25.3,136.6,87.7,4.2,F,White,0,0,0
47.6,21.1,118.4,68.9,4.6,M,White,0,0,0
62.8,28.9,143.1,81.0,2.5,M,White,0,0,0
51.2,27.0,142.8,81.9,3.4,M,Asian,0,0,0
60.8,28.7,125.8,74.6,5.4,M,White,0,0,1
80.1,25.6,136.0,81.5,1.6,F,White,0,0,1
63.1,26.2,121.1,76.6,1.3,F,White,0,0,0
26.6,15.9,125.3,76.7,3.0,F,Black,0,0,0
62.3,27.9,110.5,70.7,2.7,M,Black,0,0,0
74.7,27.4,156.1,99.5,9.0,M,White,0,0,1
51.5,21.4,139.9,91.2,2.5,M,Black,0,0,0
70.9,26.4,113.0,58.6,5.4,F,White,0,0,0
44.0,24.4,110.6,61.8,2.7,M,Black,0,0,0
31.2,31.9,123.8,80.1,5.2,F,White,0,0,0
57.3,21.9,120.9,76.3,4.7,F,Black,0,0,1
26.9,25.9,124.2,82.9,10.4,F,Black,0,0,0
51.2,21.4,118.8,64.4,2.3,M,Black,0,0,0
75.6,24.8,152.5,91.7,2.4,F,White,0,0,0
24.4,25.6,115.9,70.1,17.6,M,Black,0,0,0
34.5,24.1,152.7,95.7,8.4,M,Black,0,0,0
38.5,25.2,128.5,79.9,3.1,M,White,0,0,0
54.0,27.3,105.8,68.4,2.4,F,White,0,0,0
49.1,23.7,152.5,93.8,2.2,M,White,0,0,0
77.4,30.7,147.1,99.4,8.2,M,White,0,0,1
70.3,25.5,134.9,93.8,2.8,F,Black,0,0,0
62.9,26.0,136.4,77.9,2.5,M,White,0,0,0
57.3,27.6,109.1,67.9,2.5,M,Black,0,0,0
61.3,27.2,101.6,67.8,6.0,F,Black,0,0,0
41.2,27.9,120.3,78.1,3.6,M,Black,0,0,0
68.7,28.0,148.4,89.6,8.4,F,Black,0,0,0
37.2,27.0,125.2,79.2,13.0,F,Black,0,0,0
68.4,25.4,152.9,85.3,4.7,M,White,0,0,1
74.0,22.7,149.2,92.4,5.0,F,White,0,0,0
58.4,20.5,126.3,69.5,3.5,F,Hispanic,0,0,0
52.2,19.2,140.7,90.3,4.6,F,Asian,0,0,0
61.4,33.4,148.2,85.2,1.4,F,White,0,0,0
18.0,15.3,112.8,70.9,5.3,F,Asian,0,0,0
59.8,31.0,123.5,78.5,7.3,M,Other,0,0,0
53.2,22.6,126.4,78.8,2.2,F,White,0,0,0
54.2,30.7,91.0,52.6,11.6,F,Black,0,0,1
66.3,17.8,132.3,80.8,3.0,M,Black,0,0,0
53.8,25.0,134.7,90.6,9.7,M,White,0,0,0
36.8,30.9,121.6,72.8,6.3,F,White,0,0,0
52.7,28.7,129.1,80.2,2.0,F,White,0,0,0
56.1,24.7,124.7,74.0,8.1,F,Hispanic,0,0,1
56.8,18.3,97.6,66.6,4.2,F,White,0,0,0
57.6,20.8,149.1,92.9,5.6,F,Hispanic,0,0,0
71.6,32.4,124.8,72.8,3.6,M,Black,0,0,1
37.6,23.7,111.1,68.9,3.9,M,Black,0,0,0
57.8,25.9,144.9,88.4,1.6,F,White,0,0,0
75.6,28.2,144.9,98.2,5.9,M,White,0,0,0
27.2,19.4,120.5,74.4,4.2,F,White,0,0,0
57.9,27.8,136.6,76.4,5.0,F,White,0,0,0
45.6,23.9,106.0,68.7,5.7,F,White,0,0,0
49.1,26.9,122.1,86.4,5.5,F,White,0,0,0
40.5,23.0,138.8,93.2,6.0,M,White,0,0,0
52.3,19.6,114.7,64.5,1.6,F,Black,0,0,0
84.5,25.8,119.9,72.7,3.6,M,White,1,0,0
34.8,27.6,120.0,74.2,2.0,F,White,0,0,0
36.3,26.6,120.8,74.8,1.2,M,Hispanic,0,0,0
34.2,25.1,127.8,81.5,5.6,M,White,0,0,0
82.6,31.0,114.0,68.6,12.8,F,Asian,0,0,1
47.6,24.8,87.1,48.5,1.2,F,Black,0,0,0
54.6,26.2,137.8,91.1,5.9,M,White,0,0,0
48.6,23.8,107.9,60.2,3.4,M,Asian,0,0,0
39.9,29.1,111.9,64.6,3.9,F,Hispanic,0,0,0
51.2,27.0,93.3,51.1,5.8,M,Black,0,0,1
90.0,25.5,149.8,96.6,5.3,F,White,1,0,0
77.3,21.2,136.6,85.3,3.6,F,White,0,0,1
41.4,29.7,125.2,83.0,3.0,M,White,0,0,0
65.4,23.5,132.4,77.4,5.3,F,Black,0,0,0
41.7,25.6,92.2,49.6,1.3,F,White,0,0,0
26.6,34.0,102.7,61.0,5.8,F,White,0,0,0
71.3,30.0,123.6,75.5,3.4,F,White,0,1,0
73.6,33.4,120.1,75.7,9.1,F,White,0,0,0
71.7,24.7,126.2,68.2,4.1,F,White,0,0,1
47.5,29.9,126.2,81.1,8.9,M,White,0,0,0
52.3,26.0,138.3,80.4,2.3,M,Hispanic,0,0,0
67.0,28.1,107.9,63.0,2.2,F,White,0,0,0
61.3,34.4,126.8,85.6,2.6,F,White,0,0,0
48.7,24.6,133.1,69.4,10.2,M,White,0,0,0
29.1,24.8,104.3,66.6,4.0,F,White,0,0,0
56.8,22.5,122.8,78.1,2.9,F,Black,0,0,1
72.3,30.4,136.7,79.8,5.3,M,White,0,0,1
35.8,22.8,119.4,71.4,2.7,F,Asian,0,0,0
65.2,30.6,137.5,92.6,5.2,M,Other,0,0,1
60.3,19.7,127.9,91.1,4.0,M,Hispanic,0,0,0
67.0,28.8,124.2,83.4,2.9,M,Hispanic,0,0,1
69.0,24.1,112.8,81.2,4.1,F,White,0,0,0
43.9,28.4,125.1,73.4,4.2,F,White,0,0,1
29.1,24.7,118.6,64.1,6.8,F,White,0,0,0
46.5,23.4,108.5,67.0,2.0,M,Hispanic,0,0,0
69.2,25.2,137.4,90.0,3.1,M,White,0,0,1
46.3,22.2,140.1,75.8,4.8,M,White,0,0,0
43.9,28.8,112.4,64.1,2.5,F,White,0,0,1
25.9,20.3,106.1,60.9,3.7,M,Black,0,0,0
83.0,26.3,122.7,78.2,2.8,M,Black,1,0,1
68.2,28.0,105.5,66.8,3.3,M,White,0,0,0
67.3,33.1,156.8,92.5,2.2,M,White,1,0,0
70.5,26.7,123.4,77.6,12.9,F,White,0,0,0
64.2,25.5,115.7,64.9,1.3,F,Hispanic,0,0,0
51.1,26.9,108.1,64.4,2.8,M,White,0,0,0
52.4,17.6,118.8,66.1,4.1,F,White,0,0,0
48.2,20.9,113.2,69.3,4.1,F,Black,0,0,0
90.0,26.2,155.6,91.7,8.3,F,Black,0,0,1
63.9,23.6,110.2,72.5,1.9,F,Hispanic,0,0,0
47.6,19.2,101.2,62.6,1.6,M,Black,0,0,0
62.4,29.8,135.0,82.3,3.1,F,Asian,0,0,1
38.8,26.2,118.6,84.2,4.1,F,White,0,0,0
79.1,27.8,129.1,82.3,3.4,M,White,0,0,1
44.4,22.7,129.7,78.2,7.2,M,Other,0,0,1
63.0,26.7,129.3,76.7,2.1,F,White,0,0,0
72.1,28.9,129.5,73.2,2.9,F,Hispanic,0,0,0
61.2,25.2,107.2,66.0,5.7,F,White,0,0,0
56.5,27.9,102.1,65.1,4.2,F,White,0,0,0
55.2,22.8,115.2,60.0,8.4,F,White,0,0,0
54.1,26.3,109.5,59.7,4.2,F,Black,0,0,0
45.8,30.1,126.0,75.0,1.9,M,Hispanic,0,0,0
47.8,30.6,97.7,54.0,7.7,M,White,0,0,0
78.7,32.5,125.8,78.3,7.2,M,White,0,0,0
53.3,27.1,122.1,76.8,5.2,F,White,0,0,0
42.4,25.5,120.7,74.1,14.3,F,White,0,0,0
46.7,23.8,128.1,82.7,4.3,M,White,0,0,0
72.6,19.7,125.7,74.4,4.5,M,Asian,0,0,0
65.8,21.2,118.9,73.4,7.1,M,White,0,0,0
64.0,25.8,145.1,83.9,4.9,F,White,0,0,0
50.9,25.4,119.3,75.7,4.4,F,White,0,0,0
64.2,32.1,147.6,92.0,1.6,F,White,0,0,0
44.7,30.7,117.4,65.6,1.8,M,White,0,0,0
50.8,23.0,123.5,75.7,1.8,F,Black,0,0,0
70.5,30.0,127.7,79.0,3.3,M,Black,0,0,0
69.0,24.8,132.4,83.8,8.6,M,Hispanic,0,0,0
39.3,27.9,114.4,72.8,11.3,M,White,1,0,0
41.3,28.5,122.2,71.5,9.3,F,Black,0,0,0
56.7,31.1,147.0,95.7,9.6,M,Hispanic,0,0,0
82.6,25.4,148.0,94.9,2.4,M,Hispanic,0,0,1
24.4,28.5,130.6,76.6,4.2,F,Asian,0,0,0
59.5,18.7,107.5,59.8,2.2,M,White,0,0,0
33.0,30.1,101.9,59.3,5.1,M,Other,0,0,1
44.9,25.4,125.0,68.7,3.4,M,Hispanic,0,0,0
49.2,25.7,134.0,84.4,1.6,F,Hispanic,0,0,0
48.3,17.5,115.7,78.8,5.5,M,Black,0,0,0
46.5,24.0,112.7,78.4,2.7,F,Other,0,0,0
55.1,31.4,144.5,83.1,3.9,F,White,0,0,0
46.4,23.9,132.0,86.6,3.0,F,Black,0,0,0
31.6,27.7,132.8,82.8,6.0,F,Black,0,1,0
67.5,26.8,122.6,61.6,4.5,F,Black,0,0,0
67.0,30.9,121.3,73.2,4.1,F,Black,0,0,0
68.5,27.4,142.3,85.6,9.1,M,White,0,0,0
30.3,21.0,113.9,77.9,3.1,F,White,0,0,0
59.8,26.5,117.9,67.9,5.3,M,White,0,0,0
65.8,32.9,115.5,75.0,3.2,F,Black,0,0,0
38.5,27.2,112.9,69.4,16.2,M,Black,0,0,0
55.1,25.5,137.3,76.4,7.9,M,Hispanic,0,0,0
53.1,34.9,103.3,60.7,10.9,M,Hispanic,1,0,1
84.5,32.1,142.6,97.6,4.5,M,Black,0,1,1
85.8,30.8,124.3,76.0,8.1,M,White,0,0,1
28.4,25.9,114.1,76.2,2.1,F,Black,0,0,0
90.0,30.7,133.5,87.8,1.9,F,Hispanic,0,0,0
40.4,28.3,117.5,70.2,3.6,F,Black,0,0,0
70.7,18.1,125.7,70.2,5.0,F,Hispanic,0,0,1
70.5,28.4,123.4,69.6,8.7,F,Other,1,0,1
39.1,24.6,112.2,78.3,4.3,F,White,0,0,0
62.9,24.4,145.8,91.3,3.6,M,Black,0,0,0
53.3,25.1,124.8,67.0,6.7,M,White,0,0,0
63.9,20.2,125.9,83.1,10.6,M,White,0,0,1
58.7,19.0,117.1,61.9,7.0,M,White,0,0,0
74.1,31.9,125.0,72.6,5.5,F,White,0,0,0
56.2,27.9,116.4,72.6,8.1,F,White,0,0,0
52.3,16.2,134.9,98.8,7.7,M,Black,0,0,1
72.5,24.6,119.7,79.1,7.0,M,White,0,0,0
64.3,30.0,96.3,56.8,7.8,F,White,0,0,1
66.7,25.5,129.3,80.4,5.1,F,White,0,0,1
44.4,30.4,117.9,78.6,11.9,F,White,0,0,0
38.3,29.4,111.8,77.8,2.0,F,Hispanic,0,0,0
45.9,20.1,135.0,82.2,6.1,F,White,0,0,0
45.1,24.9,85.0,51.4,2.8,F,White,0,0,0
67.6,24.8,150.8,88.5,4.8,M,Other,0,0,1
70.6,21.2,144.5,93.6,2.0,M,Hispanic,0,0,1
52.5,20.1,115.5,77.7,3.3,M,Black,0,0,0
77.9,23.9,125.6,66.2,3.6,M,Black,0,0,1
76.9,24.5,138.6,83.6,5.7,M,White,0,0,0
58.9,27.3,133.6,75.6,3.1,F,Black,0,0,0
41.8,29.5,112.2,70.5,3.8,M,White,0,0,0
80.2,29.3,109.9,60.7,6.9,F,White,1,0,1
54.0,29.0,154.3,87.7,8.8,M,White,0,0,0
57.0,25.0,139.0,92.9,3.5,F,Black,0,0,0
49.6,28.1,125.6,76.9,9.6,M,White,0,0,0
40.8,24.7,123.2,76.0,6.6,M,White,0,0,0
31.5,23.1,126.6,81.1,9.6,F,White,0,0,0
65.1,34.1,138.4,91.6,4.6,F,Black,0,0,0
42.5,16.1,92.0,54.5,3.7,F,White,0,0,0
90.0,20.3,130.6,78.6,4.2,M,White,0,0,0
37.6,26.7,113.4,68.0,5.6,M,White,0,0,0
34.9,23.9,116.7,78.8,4.6,F,Black,0,0,0
63.2,20.7,138.2,85.3,4.6,M,White,0,0,1
79.5,23.0,107.3,64.8,6.6,F,Asian,0,0,1
56.0,22.4,106.4,68.3,3.2,F,White,0,0,0
64.2,30.0,118.2,84.3,4.9,F,White,0,0,0
25.5,29.4,118.3,73.8,2.0,M,White,0,0,0
44.2,32.0,133.4,81.1,4.4,F,White,0,0,0
37.8,18.8,142.7,100.1,3.5,F,White,0,0,0
24.7,19.0,111.9,77.4,3.6,F,White,0,0,0
56.9,20.4,137.2,92.2,2.3,M,Hispanic,0,0,0
19.1,29.4,124.2,74.0,3.1,F,White,0,0,0
33.8,26.6,126.2,74.7,5.7,M,White,0,0,0
46.4,25.9,122.1,64.7,2.5,M,White,0,0,0
41.7,26.3,115.4,77.3,1.5,M,White,0,0,0
61.3,26.1,112.0,69.9,6.2,F,White,0,0,0
59.9,21.8,110.6,57.8,13.7,M,White,0,0,1
69.3,28.8,134.1,90.4,3.0,F,White,0,0,0
67.0,25.9,127.8,77.2,11.8,F,White,0,0,0
73.3,22.1,124.7,76.0,1.5,F,Asian,0,0,0
55.0,28.3,134.3,74.2,6.0,F,Black,0,0,0
59.9,24.5,123.6,79.6,2.8,M,Asian,0,0,0
63.2,27.3,114.7,74.1,13.5,M,White,0,0,1
57.3,25.6,121.9,75.3,4.0,M,Hispanic,0,0,0
48.6,29.2,134.6,80.9,3.1,F,White,0,0,1
49.7,26.6,109.1,83.4,1.1,M,White,0,0,0
41.9,21.8,124.0,69.7,7.2,M,Hispanic,0,0,0
61.7,27.6,126.2,73.9,6.9,F,White,1,0,1
53.5,27.3,113.9,74.9,9.3,F,White,0,0,1
44.4,27.5,117.7,66.9,5.1,M,Hispanic,0,0,0
44.4,29.6,99.8,55.4,3.7,F,Black,0,0,0
35.6,22.6,120.7,81.6,8.4,F,White,0,0,0
70.7,29.5,110.6,72.2,3.3,M,White,0,0,0
56.3,19.2,140.4,89.9,1.9,F,White,0,0,0
41.2,24.8,119.6,75.2,5.9,F,Other,0,0,0
67.9,25.5,120.9,70.8,7.8,M,White,0,0,0
46.0,31.3,138.6,84.4,1.7,M,White,0,0,0
32.5,24.2,103.8,63.9,4.9,M,White,0,0,0
71.3,29.2,119.4,79.1,7.2,M,Asian,0,0,0
46.4,18.5,96.8,62.6,3.2,M,Black,0,0,0
48.5,24.3,141.4,82.1,11.7,M,White,0,0,0
55.7,22.6,151.4,98.6,3.0,M,Asian,0,0,1
73.3,36.8,107.1,56.3,3.0,M,White,0,0,0
55.3,23.3,113.7,68.6,3.3,F,Hispanic,0,0,0
35.8,25.3,120.2,67.7,2.4,M,White,0,0,0
63.7,26.9,120.4,69.5,3.0,M,White,0,0,0
47.2,19.3,122.2,87.3,4.8,F,White,0,0,0
85.2,25.4,132.4,73.3,2.6,M,Other,0,0,1
55.0,27.6,130.7,76.1,6.2,M,Asian,0,0,0
19.2,24.6,100.8,65.6,1.8,F,Black,0,0,0
60.7,17.1,129.4,77.4,2.6,F,White,0,0,0
86.1,25.3,118.7,74.5,11.8,F,White,0,0,1
80.2,31.3,126.8,87.2,2.9,F,White,0,0,0
84.3,29.8,109.5,71.8,4.3,F,White,0,0,1
38.7,30.1,114.4,68.1,4.5,F,White,0,0,0
69.6,22.8,121.4,74.4,2.3,F,Black,0,0,0
43.4,30.5,134.7,86.7,2.8,F,Black,0,0,0
58.6,26.0,125.2,81.5,5.4,M,Asian,0,0,0
34.6,31.4,120.6,74.9,2.9,M,White,0,0,0
44.7,25.5,121.6,77.6,2.8,F,White,0,0,0
44.2,17.3,91.9,59.2,2.8,F,White,0,0,0
69.4,30.1,101.4,62.3,9.3,F,White,0,0,1
67.8,24.9,124.4,73.5,8.1,F,Black,0,0,0
59.4,24.7,130.2,85.2,4.8,F,Black,0,0,0
33.4,19.1,115.2,73.2,3.9,F,White,0,0,0
50.0,32.2,111.4,56.6,4.7,F,White,0,0,0
43.1,23.3,118.1,68.2,5.7,M,Hispanic,0,0,1
68.9,33.0,124.6,74.4,5.7,F,White,1,0,0
73.9,25.2,141.6,86.6,2.9,M,White,0,0,0
71.9,23.1,140.2,94.1,3.5,F,Black,0,0,0
42.9,30.7,113.6,89.7,3.3,F,White,1,0,0
18.0,23.9,113.2,55.4,5.1,M,White,0,0,0
26.7,24.3,120.4,76.5,9.0,F,Hispanic,0,0,0
77.7,22.0,137.8,85.8,4.3,M,Asian,0,0,0
48.6,23.8,146.2,89.6,4.6,M,White,0,0,0
43.0,27.1,121.0,78.3,2.6,M,White,0,0,0
81.3,22.1,149.2,93.4,1.7,F,Black,0,0,0
75.2,24.9,114.8,69.0,3.4,M,Black,0,0,0
55.4,24.3,116.2,72.2,6.4,F,White,0,0,0
50.3,26.0,93.7,61.4,2.7,F,White,0,0,0
52.9,31.8,126.5,81.2,1.5,F,Black,0,0,0
58.6,25.0,135.2,84.9,5.8,M,White,0,0,0
80.6,24.5,96.9,56.6,5.5,M,White,0,0,0
61.8,37.3,129.7,97.3,3.0,F,White,0,0,0
66.6,24.8,136.9,87.1,2.8,F,White,0,0,1
73.7,26.2,138.3,90.3,3.6,M,Asian,0,0,0
36.3,23.6,102.6,60.6,3.1,M,White,0,0,0
67.1,25.5,139.4,87.6,10.4,F,White,0,0,0
50.3,26.1,123.7,77.8,3.5,F,Asian,0,0,0
18.0,27.8,122.2,64.3,5.2,M,White,0,0,0
20.9,25.9,113.0,65.8,3.8,M,White,0,0,0
38.7,29.5,125.4,73.4,5.3,M,White,0,0,0
63.5,30.6,143.1,85.1,3.1,F,Black,0,0,0
56.8,26.9,122.7,69.6,3.0,F,Black,0,0,0
57.9,27.7,129.9,80.8,4.3,F,Hispanic,0,0,0
86.2,32.0,151.9,102.5,2.8,F,White,0,0,1
34.7,20.5,117.0,73.3,3.4,M,White,0,0,0
54.6,36.0,109.1,60.6,6.2,F,White,0,0,0
59.9,24.2,135.9,78.1,8.3,M,Asian,0,0,1
43.2,24.0,141.6,85.5,12.5,M,White,0,0,0
55.5,21.2,143.2,80.3,5.9,M,Black,0,0,0
29.4,20.0,127.3,80.8,5.1,M,Black,0,0,0
77.6,31.0,98.9,69.5,2.5,M,White,0,0,0
44.1,34.5,112.8,66.5,7.7,F,White,0,0,0
87.5,25.4,126.6,78.9,10.1,F,White,0,1,1
54.5,27.4,125.5,75.2,3.3,F,White,0,0,0
71.4,27.7,153.6,91.4,11.8,M,Other,0,0,1
54.1,30.0,109.6,69.1,8.2,M,White,0,0,0
54.5,34.9,156.2,92.9,6.0,F,Other,0,0,0
45.7,31.6,116.8,67.6,3.9,F,White,0,0,1
56.9,25.1,114.8,61.5,2.1,F,White,0,0,0
60.1,28.4,138.4,86.2,10.4,F,Asian,0,0,0
42.5,27.9,134.2,89.6,2.0,M,Hispanic,0,0,0
53.0,25.8,133.5,87.0,10.7,F,White,0,0,0
45.2,21.1,111.3,78.0,11.4,M,Black,0,0,0
90.0,24.6,142.5,84.3,2.5,M,Hispanic,0,0,0
53.6,30.5,110.1,73.4,2.0,F,Black,0,0,0
79.7,32.2,121.3,68.6,3.3,F,Black,0,0,0
51.9,25.0,122.7,80.3,4.1,M,White,0,0,0
59.1,27.3,114.8,81.0,3.1,M,White,0,0,1
33.9,29.7,133.4,85.7,3.2,F,Black,0,0,0
47.8,18.8,114.8,81.1,4.2,F,White,0,0,0
58.4,24.4,122.9,72.6,10.2,M,White,0,0,0
80.4,35.3,120.3,73.8,3.9,M,White,0,1,0
58.6,27.4,140.6,81.7,6.3,M,White,0,0,0
77.1,22.6,122.3,76.0,2.1,M,White,0,0,0
65.3,27.0,144.1,90.9,4.5,M,White,0,0,0
81.0,31.4,147.8,91.8,3.4,F,White,0,0,0
54.1,15.8,118.5,70.6,6.2,M,White,0,0,1
90.0,28.5,135.9,81.3,2.0,F,Hispanic,0,0,1
47.2,24.1,116.0,74.0,8.8,M,Black,0,0,1
42.7,18.8,129.0,79.0,3.3,M,White,0,0,0
35.6,25.4,116.5,65.3,2.7,M,White,0,0,0
90.0,27.2,129.7,69.0,11.4,F,White,0,0,0
68.1,26.6,129.6,76.8,5.0,M,Black,0,0,0
49.7,24.3,101.2,54.5,4.1,M,Black,0,0,0
