age,bmi,sbp,dbp,los,sex,race,diabetes,hypertension,readmission
59.5,22.1,138.1,91.4,1.5,F,White,0,0,0
68.4,29.9,130.4,88.0,5.7,F,White,0,0,0
52.0,23.2,142.6,88.0,3.3,F,White,0,0,0
89.4,25.8,128.3,74.6,6.2,M,Other,0,0,1
66.2,28.8,119.0,75.2,4.7,M,White,0,0,0
59.4,28.8,105.7,63.8,3.3,F,Hispanic,0,0,1
26.8,23.6,119.9,77.9,6.6,M,Hispanic,0,0,0
33.8,20.6,106.4,69.0,4.7,M,Hispanic,0,0,0
61.8,23.7,122.3,73.8,2.1,M,Hispanic,0,0,0
65.1,26.0,122.3,75.4,1.7,F,Black,0,0,0
48.9,31.1,118.3,77.7,2.5,F,Black,0,0,0
61.4,27.3,118.8,65.2,4.5,F,White,0,0,0
38.1,26.0,123.6,85.4,7.1,M,White,0,0,0
48.7,20.2,133.0,81.5,1.8,F,White,0,0,1
61.2,22.3,98.0,62.0,2.6,F,Black,0,0,0
52.4,21.8,101.6,60.0,4.2,M,White,0,0,0
39.0,22.5,151.5,89.9,7.0,F,White,0,0,0
44.2,27.3,115.7,64.6,2.0,M,White,0,0,0
75.7,27.8,125.3,84.9,5.6,M,White,0,0,1
82.5,26.4,128.1,88.6,2.2,F,White,0,0,0
60.0,32.0,128.0,83.4,1.4,F,Black,0,0,0
68.9,21.3,130.6,78.0,3.5,M,White,0,0,0
51.4,26.8,126.7,72.3,4.6,M,White,0,0,0
30.2,22.6,123.1,84.0,2.8,F,Asian,0,0,0
40.6,25.1,97.5,52.0,13.7,F,Black,0,1,0
49.0,27.1,148.0,86.8,3.7,M,White,0,0,0
51.2,24.8,127.7,75.9,5.7,M,White,0,0,0
43.1,26.7,120.4,87.8,10.2,M,Black,0,0,0
62.1,19.3,141.9,90.9,2.2,F,White,0,0,0
50.9,26.4,145.4,74.9,3.8,M,White,0,0,0
82.5,21.0,146.4,89.4,4.1,F,Hispanic,0,0,1
73.4,28.7,155.6,99.3,7.1,F,White,0,0,0
67.0,25.7,146.1,94.9,11.4,M,Asian,0,0,0
78.7,29.7,122.1,69.8,4.5,F,Black,0,0,1
18.0,25.7,115.7,74.3,10.4,F,Hispanic,0,0,0
60.5,29.8,118.7,78.4,8.1,M,White,0,0,0
52.5,27.5,139.3,80.1,4.0,M,Black,0,0,0
55.2,31.4,137.6,90.7,6.0,M,White,0,0,0
56.5,31.4,103.2,56.6,1.8,F,White,0,0,0
18.0,24.7,107.9,69.8,6.6,M,White,0,0,0
52.1,26.6,136.6,82.5,5.9,F,White,0,0,0
29.9,15.9,109.2,72.4,3.6,M,White,0,0,0
56.3,22.7,117.5,64.3,2.5,F,White,0,0,0
37.8,27.2,118.6,63.0,7.5,F,Hispanic,0,0,0
52.0,27.2,129.9,88.8,3.5,F,White,0,0,0
52.9,27.3,152.4,107.7,4.5,M,White,0,0,0
59.7,22.9,104.3,53.5,2.2,F,Hispanic,0,0,0
60.2,24.7,122.9,77.4,6.2,F,White,0,0,1
58.5,32.0,127.4,82.7,4.2,F,Black,0,0,0
71.8,28.3,126.2,81.1,3.6,M,Asian,0,0,0
76.7,30.7,121.1,66.3,1.1,F,White,0,0,0
28.9,23.8,119.6,73.8,6.9,M,White,0,0,1
38.9,21.9,140.6,86.6,9.3,F,White,0,0,1
49.1,22.1,117.5,75.6,1.7,M,Hispanic,0,0,0
26.7,21.6,121.1,74.3,3.7,F,White,0,0,0
60.8,28.6,131.4,93.6,4.2,F,Black,0,0,0
53.8,27.3,125.5,73.5,7.4,M,White,0,0,0
30.5,24.8,122.2,70.8,4.8,F,White,0,0,0
18.0,19.7,110.1,62.6,6.6,M,Black,0,0,0
34.7,26.1,146.0,80.9,2.0,F,Hispanic,0,0,0
62.6,24.1,146.4,87.6,2.9,M,White,0,0,0
37.8,26.2,100.8,64.9,2.7,F,White,0,0,1
47.9,25.8,127.1,75.2,5.7,F,Hispanic,0,0,0
80.2,37.3,126.4,66.8,3.7,F,Other,0,0,0
29.8,27.9,147.6,92.7,3.5,F,White,0,0,0
84.2,26.5,156.8,91.8,6.0,M,Black,0,0,0
26.6,24.8,104.8,63.1,4.2,F,Asian,0,0,0
67.0,27.7,118.7,65.9,7.1,M,White,0,0,0
67.4,29.2,147.1,88.7,3.3,F,White,0,0,0
59.7,25.2,140.9,74.0,2.6,F,Asian,0,0,0
72.4,25.7,115.9,71.5,7.9,F,Black,0,0,1
54.8,28.9,110.3,68.1,3.9,F,Asian,0,0,0
53.4,30.6,92.2,50.4,2.5,M,White,0,0,0
61.6,26.5,135.5,83.1,5.1,M,White,0,0,0
70.5,31.6,115.0,60.5,4.6,M,White,0,0,0
55.2,24.8,111.0,81.1,11.3,M,Black,0,0,0
74.7,29.5,142.1,91.9,5.3,F,White,0,0,1
82.5,32.6,137.1,92.7,4.4,M,Black,0,0,0
54.1,25.6,150.8,99.1,4.3,M,White,0,0,0
42.6,20.5,129.8,83.1,1.6,F,White,0,0,0
41.1,21.1,126.5,81.1,8.8,M,White,0,0,0
51.7,23.6,128.3,76.5,3.0,M,Hispanic,0,0,0
47.2,31.6,106.1,54.4,1.5,F,White,0,0,0
60.9,32.5,110.8,66.4,2.8,F,Hispanic,0,0,0
85.2,27.4,157.8,98.5,4.6,M,White,0,0,1
49.1,23.8,137.1,85.7,5.1,F,White,0,0,0
38.7,19.5,120.2,75.2,2.8,M,Black,0,0,0
59.2,22.2,137.5,86.2,1.5,F,White,0,0,0
58.5,30.1,110.2,61.6,2.3,M,White,0,0,0
41.2,23.3,115.7,72.2,3.6,M,Black,0,0,0
60.8,26.6,124.8,87.6,3.0,M,Other,0,0,0
42.5,27.1,130.0,76.8,7.7,M,White,0,0,0
49.8,22.3,125.6,74.7,3.9,M,Other,0,0,0
55.1,27.9,142.4,97.8,5.2,M,Black,0,0,0
58.3,29.8,133.1,90.3,5.2,F,White,0,0,0
26.2,26.6,123.9,70.2,2.8,M,Hispanic,1,0,0
80.3,27.6,118.6,72.7,4.3,F,Hispanic,0,0,0
50.4,25.4,127.2,82.9,2.3,F,White,0,0,0
61.9,20.1,131.3,86.4,5.3,M,Black,0,0,0
68.2,32.5,154.8,103.4,4.1,M,White,0,0,1
54.1,23.1,119.2,77.8,4.3,M,White,0,0,0
34.5,31.1,112.3,60.0,2.3,F,White,0,0,0
60.1,27.5,132.8,86.6,1.4,F,Asian,0,0,0
73.6,27.6,123.6,79.6,3.1,F,White,0,0,0
39.1,29.4,130.9,82.0,2.8,F,Hispanic,0,0,0
34.4,24.4,121.1,90.3,1.9,M,White,0,0,0
52.5,31.9,117.9,79.9,3.0,F,Black,0,0,0
51.9,21.4,121.3,66.0,2.4,M,White,1,0,1
58.7,25.5,132.8,83.0,4.6,F,Black,0,0,0
45.2,25.6,133.9,84.7,2.9,M,White,0,0,1
72.7,29.3,139.4,90.0,2.2,M,Black,0,0,1
78.6,25.9,115.9,70.6,4.6,M,White,0,0,0
61.7,26.2,116.7,71.1,3.9,F,White,0,0,0
40.3,24.4,111.5,77.3,3.9,M,White,0,0,0
82.4,17.8,105.4,62.5,4.3,M,White,0,0,1
57.8,30.1,130.1,77.2,6.6,M,White,0,0,0
35.5,23.8,116.2,63.5,2.4,F,White,0,0,0
36.1,17.5,118.7,67.7,4.1,F,Black,0,0,0
33.0,28.7,107.6,70.6,4.3,F,Other,0,0,0
79.0,31.2,128.9,84.4,12.3,M,Black,0,0,0
33.0,23.2,125.1,77.2,2.9,F,Black,0,1,0
68.4,24.7,126.8,74.5,1.2,F,Asian,0,0,1
54.3,31.3,130.9,86.3,2.5,M,White,0,0,0
46.0,21.1,106.1,66.4,5.2,F,White,0,0,1
75.1,22.9,155.6,93.6,7.8,M,Hispanic,0,0,0
69.9,32.7,118.2,74.9,2.8,F,White,0,0,0
70.5,27.0,141.9,85.6,4.2,F,Black,0,0,0
79.2,32.8,126.8,80.9,3.0,F,Black,0,0,0
73.7,18.1,103.1,68.1,4.4,M,Black,0,0,1
57.5,24.4,120.5,62.6,5.0,M,Asian,0,0,0
55.7,17.6,135.0,88.8,3.6,F,Black,0,0,0
35.5,28.6,110.0,70.7,6.0,M,White,0,0,0
42.4,23.3,121.5,66.3,5.0,M,White,0,0,0
23.9,20.4,129.7,82.3,5.5,M,White,0,1,0
41.8,27.2,127.9,76.2,2.3,M,White,0,0,0
50.9,28.1,105.6,67.3,12.1,M,Hispanic,0,0,0
48.9,29.6,99.2,66.3,3.5,M,Black,0,0,0
29.5,28.4,123.7,67.3,4.3,M,White,0,0,0
74.2,15.8,127.1,77.9,1.6,M,White,0,0,0
43.9,31.6,114.2,73.5,1.5,M,White,0,0,0
73.5,25.4,128.1,76.4,3.0,M,White,0,0,0
48.2,34.6,101.2,69.7,9.4,F,White,0,0,0
51.5,25.0,130.2,89.6,4.8,F,White,0,0,0
50.6,22.1,111.9,60.0,5.0,F,Hispanic,0,0,0
44.1,27.0,102.8,72.1,4.0,M,White,0,0,0
49.7,27.9,122.1,73.5,9.7,F,White,0,0,0
69.8,23.8,117.9,75.7,7.6,F,Black,0,0,0
56.5,30.7,125.2,64.5,3.9,F,White,0,0,1
61.6,28.7,129.2,82.2,6.9,F,White,0,0,0
44.9,25.5,113.9,64.3,3.5,F,White,0,0,0
45.8,23.2,142.3,90.5,3.8,M,Asian,0,0,0
56.0,28.3,138.7,74.1,1.7,M,Black,0,0,0
33.9,15.0,116.6,71.5,3.3,M,White,0,0,0
63.2,27.7,142.4,81.3,12.9,F,White,0,0,1
50.8,29.3,127.4,78.3,9.3,F,Asian,0,0,0
28.6,22.1,109.8,66.2,1.9,F,Black,0,0,0
48.7,26.2,111.9,62.9,2.4,F,Black,0,0,0
55.3,25.1,130.6,81.1,1.9,F,White,0,0,0
73.7,26.1,139.2,82.2,4.0,F,Asian,0,0,0
31.7,19.4,116.7,68.0,5.4,M,White,0,0,0
54.1,30.7,143.1,80.4,3.6,M,White,0,0,0
59.4,25.2,126.1,78.7,2.9,M,White,0,0,0
63.7,26.5,139.3,93.2,4.8,M,Asian,0,0,1
34.8,21.9,121.9,75.6,5.1,M,Asian,0,0,0
30.0,27.0,85.0,56.3,1.8,F,White,0,0,0
46.7,30.9,130.6,78.6,3.8,F,White,0,0,0
90.0,23.2,135.4,94.6,8.4,F,White,0,0,0
53.5,19.5,127.2,81.9,3.7,F,White,0,0,0
29.7,20.9,110.9,76.2,2.9,M,Hispanic,0,0,0
46.3,19.3,103.7,61.4,2.0,M,Hispanic,1,0,0
36.4,23.3,122.1,62.6,5.0,M,Hispanic,0,0,0
45.6,16.6,132.4,81.8,2.3,M,Black,0,0,0
71.2,21.1,121.0,87.1,8.2,M,Black,0,0,0
53.5,25.8,121.8,67.0,3.2,M,Black,0,0,0
48.7,31.8,130.7,73.2,6.5,F,Hispanic,0,0,0
42.1,23.1,112.8,66.5,8.1,M,White,1,0,0
35.6,22.2,111.1,62.9,2.3,F,Black,0,0,1
47.7,26.0,104.9,74.9,8.2,M,Black,0,0,1
67.4,26.9,95.9,53.6,6.6,M,White,0,0,1
27.2,24.9,121.5,73.8,1.5,F,Hispanic,0,0,0
54.4,27.8,120.6,72.5,4.6,F,White,0,0,0
22.6,16.9,120.5,74.9,4.7,F,White,0,0,0
20.1,27.7,132.9,86.9,2.5,M,White,0,0,0
66.3,26.7,113.1,72.5,6.0,M,White,0,0,0
45.4,25.6,135.4,75.0,2.0,F,White,0,0,0
44.4,26.5,118.2,77.2,5.7,F,White,0,0,0
64.9,22.1,148.6,98.7,5.1,M,Other,0,0,0
68.3,24.4,120.6,67.6,2.3,F,White,0,0,0
65.8,32.2,121.8,76.1,1.5,M,Black,0,0,0
70.8,23.6,114.1,58.1,3.7,F,Asian,0,0,0
46.0,30.1,131.4,80.8,6.2,F,White,0,0,0
42.0,27.6,129.8,63.3,8.5,F,Hispanic,0,0,0
37.1,29.5,93.3,64.2,4.3,F,Hispanic,0,0,0
26.3,23.3,105.3,72.9,2.0,M,White,0,0,0
33.8,25.5,102.4,51.6,3.5,F,Black,0,0,1
55.8,27.0,100.8,58.5,5.0,F,White,0,0,0
57.4,23.6,122.2,74.6,2.8,M,White,0,0,0
51.2,24.7,125.7,88.8,2.0,M,Asian,0,0,0
57.5,23.9,126.6,77.1,2.7,F,White,0,0,0
60.8,28.6,130.6,87.1,4.6,M,White,0,0,1
47.7,23.1,129.9,82.2,1.9,M,White,0,0,0
34.0,32.3,128.8,79.8,10.4,M,White,0,0,0
55.2,22.9,127.6,78.7,2.0,F,White,0,0,0
75.7,24.9,141.5,85.7,4.6,M,Hispanic,0,0,0
69.0,29.4,156.2,92.8,1.9,F,White,0,0,0
66.8,21.7,146.1,108.3,5.3,M,Hispanic,0,0,0
30.6,32.0,122.1,78.0,3.6,F,White,0,0,0
49.4,20.1,97.2,58.1,4.5,F,White,0,0,0
61.1,27.9,110.7,69.6,7.8,M,White,0,0,0
57.9,28.8,128.2,84.7,4.6,M,White,0,0,1
58.8,19.3,116.6,77.0,3.6,F,White,0,0,0
60.8,28.3,140.5,88.8,5.8,F,White,0,0,0
63.2,26.5,116.3,72.5,4.3,M,White,0,0,1
56.4,35.1,119.9,76.2,2.7,F,White,0,0,1
53.5,24.7,163.0,103.4,2.8,F,Black,0,0,0
54.0,29.0,113.0,63.8,5.0,M,White,0,0,0
46.5,22.0,142.3,92.1,6.1,M,White,0,0,0
40.9,21.1,117.4,65.8,5.3,M,White,0,0,0
89.1,28.4,108.5,61.5,1.6,F,Hispanic,0,0,1
65.9,22.8,114.6,71.4,4.8,F,Other,0,0,0
46.3,24.9,124.0,80.9,8.0,F,Hispanic,0,0,0
67.1,30.6,147.5,101.5,2.5,F,White,0,0,0
56.3,23.0,127.2,74.3,2.2,M,White,0,1,0
62.2,22.1,109.3,77.2,2.4,F,White,0,0,0
74.3,23.7,111.4,74.6,5.8,F,Asian,0,0,1
37.8,25.0,130.4,66.7,7.9,F,White,0,0,0
18.0,21.3,116.4,71.3,5.7,M,White,0,0,0
61.2,22.0,136.8,90.7,4.6,F,Black,0,0,0
74.4,26.8,147.1,92.7,5.7,M,White,1,0,0
61.6,31.0,144.8,87.7,8.4,M,White,0,0,0
47.1,22.2,85.0,51.2,5.4,F,White,0,0,0
67.6,27.7,148.5,92.6,5.8,M,Hispanic,0,1,0
61.2,31.4,143.6,89.6,1.3,M,Asian,0,0,0
40.1,19.1,125.1,77.6,3.2,M,White,0,0,0
78.5,26.1,103.3,62.9,7.0,F,Other,0,0,1
64.9,29.0,127.8,80.6,2.1,F,White,0,0,1
79.7,23.1,127.9,82.4,15.7,M,White,0,0,1
37.0,24.4,118.7,83.4,3.5,F,White,0,0,0
50.5,29.1,102.5,60.4,6.6,F,Asian,0,0,0
22.4,27.6,92.7,59.7,2.5,F,Hispanic,0,0,0
47.8,29.8,127.0,74.7,2.6,F,White,0,0,0
40.1,31.8,97.6,52.1,8.3,M,Black,0,0,0
24.3,23.7,139.3,84.1,4.6,M,White,0,0,1
29.4,29.2,103.7,64.9,3.8,F,Black,0,0,0
56.0,28.4,111.6,73.7,7.1,M,Hispanic,0,0,0
46.3,24.1,130.9,76.2,3.4,M,White,0,0,0
34.1,19.8,117.7,66.1,2.8,F,Hispanic,0,0,0
47.6,24.0,128.1,83.2,2.5,F,Asian,0,0,0
83.8,23.7,137.3,85.4,4.1,F,White,0,0,0
67.4,23.8,140.7,82.8,8.0,M,Other,0,0,1
63.2,27.4,142.8,91.6,8.6,M,White,0,0,0
45.1,32.4,125.1,82.7,4.7,F,White,0,0,0
51.6,32.9,120.8,64.4,12.1,M,White,0,0,0
73.0,29.0,134.0,84.3,3.9,M,Black,0,0,0
62.1,28.0,122.8,81.1,4.2,F,Hispanic,0,0,0
26.8,24.5,111.4,57.1,5.5,F,Asian,0,0,1
60.3,26.4,146.3,100.1,8.2,F,White,0,0,0
90.0,30.3,156.2,98.7,4.2,M,Black,0,0,1
38.6,29.3,119.2,76.0,5.7,M,White,0,0,0
41.2,34.1,127.8,83.8,1.7,F,White,0,0,0
46.2,31.4,121.1,76.4,8.5,F,Black,0,0,0
26.9,28.3,108.9,65.3,1.5,F,White,0,0,0
43.8,22.8,144.8,91.3,3.1,F,White,0,0,0
56.3,22.2,125.0,77.7,8.2,M,Hispanic,0,0,0
63.8,26.0,114.3,65.3,9.6,F,White,0,0,1
37.6,17.6,139.6,81.9,4.2,F,White,0,0,0
38.4,22.5,115.9,63.7,3.3,M,Hispanic,0,0,0
65.4,32.2,121.5,78.2,3.8,M,White,0,0,0
74.3,25.9,145.7,86.7,1.8,M,Asian,0,0,0
33.8,21.0,118.7,71.7,9.3,M,White,0,0,0
68.1,22.2,142.1,94.9,4.8,F,White,0,0,0
54.2,28.9,123.7,70.1,4.0,F,White,0,0,0
57.6,31.4,101.7,63.9,3.1,F,Black,0,0,0
35.8,19.9,145.1,88.0,4.2,F,Black,0,1,1
40.9,28.0,109.3,57.5,7.9,M,White,0,0,0
60.8,24.7,104.1,65.3,8.1,F,White,0,0,1
43.6,19.0,114.8,76.5,3.1,F,Asian,0,0,0
69.9,29.1,126.2,77.3,3.4,M,White,0,0,0
78.7,24.4,140.0,92.9,5.4,M,White,0,0,0
78.5,26.5,120.9,72.1,8.2,M,White,0,0,0
50.8,29.9,136.8,78.8,2.6,M,White,0,0,0
44.5,24.2,116.4,69.1,4.3,F,Black,0,0,0
29.2,26.1,127.9,73.3,4.3,F,White,0,0,1
39.8,29.4,134.9,77.7,5.8,F,White,0,0,0
52.3,30.4,132.7,87.2,2.9,F,Hispanic,0,0,0
52.4,31.8,144.2,91.1,2.7,M,White,0,0,0
30.0,27.6,107.2,85.2,2.2,F,White,0,0,0
24.4,22.1,102.2,52.6,4.6,F,Black,0,0,0
59.5,29.9,137.6,92.2,4.3,M,White,0,0,0
41.4,27.2,120.1,70.7,2.9,F,White,0,0,0
45.8,19.9,138.0,82.6,3.3,F,White,0,0,0
47.2,33.1,122.5,63.0,5.5,M,White,0,0,0
43.1,26.4,103.8,60.7,2.9,M,White,0,0,0
42.6,29.1,139.0,92.3,2.8,F,Asian,0,0,0
80.6,32.2,133.1,80.9,4.1,M,White,0,0,1
35.8,28.3,115.5,57.1,1.4,F,White,0,0,1
33.9,25.1,123.6,72.5,4.4,F,White,0,0,0
70.9,26.4,130.0,76.9,4.6,M,Black,0,0,1
53.5,32.2,121.7,77.0,2.0,F,White,0,0,1
64.7,32.9,127.1,92.9,3.3,F,Black,1,0,0
74.7,29.7,157.8,90.2,3.7,F,Asian,0,0,1
90.0,26.1,130.6,81.7,7.6,F,Black,0,0,0
34.6,31.3,124.8,73.1,4.0,F,White,0,0,0
53.4,28.3,107.2,68.3,8.2,M,White,0,0,0
74.8,26.3,118.6,70.7,4.9,F,White,0,0,1
70.5,23.0,117.2,72.3,3.3,F,Hispanic,0,0,0
73.4,27.6,164.8,103.6,3.6,F,White,0,1,0
68.1,27.4,106.7,70.8,8.8,F,White,0,0,1
47.5,21.2,126.6,75.6,3.2,M,Black,0,0,0
74.4,24.2,144.9,85.7,11.4,F,White,0,1,1
38.2,23.3,132.1,88.8,4.2,F,White,0,0,0
58.6,31.2,149.2,97.3,5.2,M,Black,0,0,0
60.0,26.9,137.0,88.7,5.0,M,White,0,0,0
65.1,23.8,129.6,76.5,3.1,F,White,0,0,1
52.0,37.5,120.4,76.2,3.5,M,White,0,0,0
59.0,22.5,132.9,81.9,3.0,F,White,0,0,0
54.1,28.2,133.0,87.1,2.9,M,Black,0,0,0
71.4,29.6,144.6,90.2,6.9,F,White,0,0,0
38.6,19.3,110.9,72.3,6.4,F,Black,0,0,0
31.2,21.8,120.1,67.5,4.0,M,Black,0,0,0
45.6,30.5,118.2,79.9,5.7,F,White,0,0,0
55.5,25.8,135.9,78.1,7.8,M,Black,0,1,1
77.9,27.3,108.2,56.6,5.1,F,Black,0,0,0
47.7,31.9,107.5,71.9,3.3,M,White,0,0,0
72.4,23.4,134.5,85.5,5.7,M,Black,0,0,0
73.0,26.5,110.6,74.3,3.5,M,Black,0,0,0
56.5,21.8,131.0,91.1,3.2,M,Asian,0,0,0
71.8,25.4,128.0,77.1,1.5,F,White,0,0,0
82.6,30.4,125.1,85.9,2.8,M,Black,0,0,0
51.5,26.9,117.1,75.9,3.1,M,White,0,0,0
63.1,34.6,141.3,93.2,18.0,M,White,0,0,0
46.7,28.3,120.3,75.5,8.1,M,White,0,0,0
28.0,23.7,120.2,79.4,7.3,M,White,0,0,0
55.2,25.8,99.1,59.2,4.5,F,Hispanic,0,0,0
49.3,28.9,147.7,96.3,1.9,F,White,0,0,0
55.9,27.8,137.6,80.7,3.5,F,Hispanic,0,0,0
54.1,17.0,129.0,74.5,5.7,F,White,0,0,0
50.9,19.6,103.6,61.0,4.3,F,White,0,0,0
58.5,27.5,153.1,91.6,4.2,M,White,0,0,0
37.3,18.3,109.3,62.0,6.0,M,Black,0,0,0
60.9,29.7,116.8,78.6,1.8,F,White,0,0,0
18.6,16.6,117.5,71.1,2.2,F,White,0,0,0
55.1,25.5,141.1,81.7,17.3,M,White,0,0,1
28.0,30.7,113.0,70.7,2.0,M,Hispanic,0,0,1
86.2,27.5,135.7,82.1,8.2,F,Hispanic,0,0,0
28.4,27.8,146.0,94.8,9.7,F,White,0,0,0
56.5,20.4,107.3,58.8,5.7,M,White,0,0,0
29.1,23.8,133.9,87.1,2.0,M,Asian,0,0,0
46.9,29.4,137.1,92.7,7.2,M,White,0,0,0
34.9,21.3,115.9,73.5,9.6,F,White,0,0,0
51.1,31.3,133.0,75.4,4.8,M,White,0,0,0
62.5,20.7,119.0,80.5,5.3,F,White,0,0,0
43.0,25.6,117.6,63.7,2.5,M,White,0,0,0
79.6,26.2,151.5,96.0,5.7,F,White,0,0,0
57.6,27.6,123.7,79.2,3.7,F,White,0,0,0
42.7,20.7,137.2,74.9,7.4,F,Other,0,0,0
65.7,26.9,110.7,67.4,9.3,M,White,0,0,1
65.8,29.8,133.8,82.8,3.0,F,White,0,0,0
64.8,34.6,129.2,79.7,5.3,M,Black,0,0,0
54.2,31.5,150.5,96.1,3.5,M,Hispanic,0,0,1
69.9,36.1,109.3,76.3,4.6,M,Asian,0,0,0
64.8,23.4,120.2,72.0,1.5,M,White,0,0,0
59.9,23.8,114.4,77.1,4.2,M,White,0,0,0
65.9,31.4,119.0,73.1,4.0,F,Other,0,0,0
29.1,31.8,116.4,68.2,3.7,F,White,0,0,0
77.9,28.0,144.6,93.8,6.2,M,Other,0,0,0
55.2,27.7,119.0,75.7,4.0,F,White,0,0,0
62.2,28.5,135.9,72.7,2.0,M,Black,0,0,0
44.5,27.9,124.0,74.5,2.3,M,Black,0,1,1
65.7,26.1,101.6,55.4,8.9,F,Black,0,0,0
54.2,22.4,114.7,66.5,5.9,F,Other,0,0,0
62.0,29.1,125.1,78.1,2.7,F,White,0,0,0
55.6,28.9,139.2,91.9,4.1,M,White,0,0,0
42.8,28.4,161.1,98.8,4.5,F,Hispanic,0,0,0
28.2,22.0,95.0,62.3,17.2,F,Asian,0,0,1
50.4,23.3,121.5,80.2,3.8,F,White,0,0,0
47.8,28.9,127.6,82.8,4.2,M,White,0,0,0
47.9,20.3,129.9,84.1,8.0,F,Black,0,0,0
60.6,18.7,114.1,78.7,11.4,F,Hispanic,0,0,0
47.3,32.0,117.5,77.0,1.9,F,Asian,0,0,0
49.8,22.8,120.7,76.8,7.6,F,Black,0,0,0
59.0,25.0,119.0,72.5,8.3,F,White,0,0,0
69.8,31.7,129.0,78.4,3.6,F,White,0,0,0
39.0,34.1,117.9,68.2,9.7,M,White,0,0,0
31.8,24.8,123.1,88.0,4.5,F,White,1,0,0
63.8,23.5,109.0,65.5,4.6,F,Black,0,0,0
34.8,28.1,103.1,73.4,1.6,F,White,0,0,0
55.2,22.0,118.7,66.5,2.0,M,Black,0,0,0
47.1,31.4,127.5,86.9,2.8,F,Black,0,0,0
34.8,19.5,87.0,50.0,6.2,F,Black,0,0,0
64.7,29.2,106.3,64.6,1.7,M,Asian,0,0,0
76.4,36.3,124.1,69.1,1.3,F,Hispanic,0,0,0
59.8,25.0,111.2,72.8,4.3,M,White,0,0,0
37.6,28.4,125.1,84.8,5.5,M,White,0,0,1
56.6,24.9,114.1,74.8,8.7,F,White,0,0,0
43.0,34.9,120.4,72.3,4.5,F,Black,0,0,0
75.7,32.2,138.9,83.5,3.8,F,Black,0,0,0
28.8,25.8,121.3,86.1,2.9,M,White,0,0,0
59.9,25.2,121.8,67.3,2.7,F,Black,0,0,0
59.3,22.1,122.4,72.1,6.1,F,White,0,0,0
58.8,29.9,130.5,94.1,9.6,F,Other,0,0,1
60.4,27.3,137.2,95.0,4.8,F,White,0,0,0
58.0,27.6,106.7,57.2,2.5,F,Black,0,0,0
34.6,23.4,128.3,83.5,2.8,M,White,0,0,0
56.3,25.4,125.2,69.2,2.4,F,Other,0,0,0
68.5,26.1,135.4,80.9,6.0,M,White,0,0,0
58.7,30.6,116.9,68.6,4.9,M,Black,0,0,0
51.5,25.2,122.0,84.5,2.1,F,Asian,0,0,0
72.3,30.4,131.6,79.3,7.9,F,Black,0,0,1
90.0,27.8,124.8,70.6,6.0,F,White,0,0,0
63.4,27.0,116.8,83.8,3.5,M,Asian,0,0,0
63.2,28.7,118.7,76.7,2.7,F,White,0,0,0
44.4,28.7,107.9,68.9,6.8,F,White,0,0,0
70.7,23.7,135.5,83.9,2.3,F,White,0,0,0
52.5,38.7,128.1,77.0,9.7,F,White,1,0,0
48.6,31.7,128.9,74.7,2.9,F,White,0,0,0
32.7,19.7,127.0,71.2,3.7,M,Black,0,0,0
71.4,29.3,131.4,76.9,2.3,F,White,0,0,0
74.0,27.1,110.7,82.8,4.3,M,White,0,0,1
70.5,30.1,138.4,79.9,8.9,F,White,0,0,0
41.6,17.3,130.0,93.3,9.2,F,White,0,0,0
55.5,27.3,133.3,82.2,4.1,M,White,0,0,0
80.4,29.4,174.9,103.6,2.8,M,White,1,0,1
73.1,29.8,116.8,80.9,8.7,M,White,0,0,1
55.4,22.6,110.7,64.4,4.9,F,White,0,0,1
50.7,24.1,131.3,70.6,2.7,M,Asian,0,0,0
59.4,30.9,119.8,79.4,2.9,F,Black,0,0,0
33.8,20.8,125.1,89.5,5.4,F,White,0,0,0
77.6,16.9,144.2,87.2,3.3,M,Black,0,0,0
47.8,19.3,111.3,76.6,4.5,M,Hispanic,0,0,0
47.8,30.3,113.0,66.4,4.4,F,White,1,0,0
59.9,26.3,127.6,80.7,4.3,F,White,0,0,1
43.1,25.9,101.2,63.2,2.5,F,White,0,0,0
84.1,22.4,155.8,102.8,6.0,F,White,0,0,0
20.9,29.3,114.5,68.0,3.1,M,Black,0,0,0
51.8,21.2,125.9,69.6,2.3,F,White,0,0,1
60.3,27.6,121.5,72.0,1.3,M,White,0,0,0
29.1,22.6,102.6,73.9,7.2,F,Black,0,0,0
85.8,28.7,141.6,83.8,6.6,F,Hispanic,0,0,1
57.8,31.4,110.5,63.2,2.2,M,White,0,0,0
54.2,24.1,115.4,81.0,4.1,M,Hispanic,0,0,0
77.9,26.4,143.0,84.4,3.9,F,White,0,0,1
73.1,30.0,110.1,64.3,2.4,M,White,0,0,0
54.1,19.3,133.1,85.5,11.7,M,Hispanic,0,0,0
60.0,17.5,126.8,72.7,4.5,F,White,0,0,0
42.2,24.5,103.1,66.1,6.1,M,Black,0,0,0
60.7,26.0,143.0,85.5,7.6,M,White,0,1,0
59.5,23.3,152.1,99.7,2.8,M,White,0,0,0
58.4,25.9,132.6,84.0,4.5,F,White,0,0,0
82.7,23.6,123.1,70.7,5.2,F,Hispanic,0,0,0
29.9,29.5,99.9,66.4,2.9,M,White,0,0,0
50.7,25.2,142.8,84.3,4.6,M,White,0,0,0
37.6,26.5,118.5,74.0,7.9,F,White,0,0,1
68.8,27.8,155.3,88.0,4.3,M,Black,0,0,0
71.4,27.9,103.8,58.9,6.0,F,Asian,0,0,0
70.5,24.0,120.2,76.7,11.2,M,White,0,0,0
64.8,23.5,133.1,81.5,5.8,M,Asian,0,0,0
53.3,32.5,129.2,82.8,8.0,M,Black,0,0,0
49.2,29.1,125.5,86.2,3.6,M,White,0,0,0
67.9,32.7,132.5,80.5,6.9,M,Hispanic,0,0,1
66.2,26.6,128.2,83.0,4.1,M,Black,0,0,0
56.4,34.1,119.2,70.0,3.2,M,Asian,0,1,0
36.8,25.1,121.1,80.4,11.5,M,Hispanic,0,0,0
25.6,18.5,104.9,58.5,5.2,F,Asian,0,0,0
78.8,24.6,145.4,90.5,4.2,F,White,0,0,0
39.2,29.5,126.8,76.0,4.8,F,Black,0,0,0
27.7,23.5,125.9,74.2,15.7,M,White,0,0,0
18.0,22.5,121.5,76.4,5.1,M,White,0,0,0
80.3,27.5,123.7,73.2,2.9,F,Black,0,0,0
72.3,27.9,134.3,78.8,4.1,M,White,0,0,0
67.1,24.6,103.4,65.6,6.6,M,White,0,0,0
61.3,24.1,143.6,84.1,3.0,M,White,0,0,0
18.0,20.5,112.2,67.4,5.0,M,Other,0,0,0
52.4,24.8,156.2,84.4,3.4,F,Black,0,0,0
50.6,25.4,122.5,75.6,3.9,M,White,0,0,0
68.2,27.6,136.8,76.2,11.3,F,White,0,0,0
57.7,37.4,130.1,90.5,8.7,M,Black,0,0,1
58.1,15.9,121.9,79.8,3.7,M,Black,0,0,0
49.3,30.9,111.4,71.0,4.6,F,Black,0,0,0
26.2,15.0,128.8,79.4,8.1,F,White,0,0,0
55.3,28.3,124.9,83.8,3.3,F,White,0,0,0
55.9,24.5,125.3,77.7,4.8,F,White,0,0,0
47.5,23.0,144.8,86.8,6.7,F,Hispanic,0,0,0
33.0,17.3,104.2,60.1,1.7,F,Asian,0,0,0
57.8,22.2,104.6,58.4,4.2,M,White,0,0,0
49.8,25.0,152.8,85.2,3.7,M,Black,0,0,0
28.1,27.3,127.4,82.3,2.5,F,Black,0,0,0
35.4,25.9,101.2,55.7,2.3,F,White,0,0,0
46.2,26.7,114.0,68.8,5.7,F,White,0,0,1
63.2,20.5,112.8,65.0,2.5,F,White,0,0,0
20.5,24.9,116.0,73.2,13.5,M,White,0,0,0
42.1,27.5,126.6,72.3,8.6,M,Asian,0,0,0
49.5,29.2,126.2,70.7,1.9,M,White,0,0,0
65.3,22.8,153.5,98.7,3.4,F,White,0,0,0
60.5,24.2,123.3,72.2,3.9,M,White,0,0,0
72.7,23.5,130.0,69.7,8.2,M,White,0,0,0
44.1,28.1,125.6,75.1,2.9,M,Hispanic,0,0,0
52.1,20.2,139.4,70.2,3.3,F,White,0,0,0
63.8,27.2,103.7,75.4,1.9,M,White,0,0,0
29.0,24.7,110.0,64.4,5.6,M,Hispanic,0,0,0
50.8,24.7,114.3,73.5,5.0,F,Asian,0,0,0
67.0,21.4,109.1,77.6,5.3,F,Black,0,0,1
42.1,30.0,115.8,65.7,3.4,F,White,0,0,0
73.1,30.3,148.2,92.1,7.8,F,White,0,0,0
55.1,22.7,131.1,70.7,1.3,M,White,0,0,0
61.2,26.8,143.1,84.9,4.4,F,Hispanic,0,0,0
37.7,28.7,106.2,64.8,3.7,M,Asian,0,0,0
47.3,25.4,150.5,92.2,8.7,F,White,0,0,0
38.7,22.8,122.2,74.7,6.6,M,Black,0,0,1
59.5,28.2,107.5,66.5,5.9,F,White,1,0,0
40.5,32.0,136.1,83.9,4.5,F,White,0,0,0
52.0,24.9,124.5,82.4,10.5,M,White,0,0,0
57.5,20.4,121.7,75.0,3.1,M,White,0,0,0
39.3,25.4,121.1,67.0,3.1,F,White,0,0,0
52.1,15.0,118.3,80.1,1.6,M,White,0,0,0
80.4,26.7,133.6,91.3,6.3,F,Black,0,0,0
54.1,20.0,148.3,93.4,2.4,F,Asian,0,0,1
65.9,26.1,122.4,70.5,13.1,F,White,0,0,0
44.0,25.2,121.3,93.2,2.2,M,White,0,0,0
56.5,28.2,130.6,84.8,9.5,M,White,0,0,0
58.8,24.3,113.5,63.4,1.7,F,Asian,0,0,0
60.7,29.3,119.0,71.4,6.0,F,Black,0,0,0
69.1,18.6,149.2,95.1,7.6,M,White,0,0,0
68.2,20.2,121.9,88.5,2.9,F,Black,0,0,0
67.9,23.8,141.1,92.3,7.9,M,White,0,0,0
53.4,31.8,148.7,100.9,6.9,F,White,0,0,0
62.7,30.1,134.8,87.3,2.4,F,Black,0,0,0
68.3,31.2,120.2,78.0,2.9,F,White,0,0,1
29.4,26.5,104.0,69.9,5.2,M,Black,0,0,1
62.1,22.7,132.7,96.7,4.6,M,Black,0,0,0
42.2,22.3,136.4,92.0,9.8,M,White,0,0,0
38.7,21.2,128.2,78.5,4.2,M,White,0,0,0
65.4,20.3,119.6,69.2,4.3,M,White,0,0,0
60.8,27.9,131.6,91.9,8.2,F,White,0,0,1
57.9,26.9,128.0,67.3,4.2,F,Black,0,0,0
45.8,26.8,137.2,80.3,4.3,M,Asian,0,0,0
46.8,26.1,150.4,91.9,5.1,M,Hispanic,0,0,1
66.4,27.8,127.9,75.6,4.5,M,White,0,0,1
74.2,24.2,121.5,77.7,9.9,M,Black,0,0,0
80.2,21.3,109.9,63.5,5.1,M,White,0,0,1
49.9,28.8,105.0,65.1,5.0,M,Asian,0,0,0
67.0,31.8,120.9,80.7,9.3,F,White,0,0,0
69.5,21.9,127.6,78.8,6.5,F,Black,0,0,1
29.6,26.2,103.2,69.8,2.4,F,Hispanic,0,0,0
54.9,20.7,136.4,84.6,8.3,F,Asian,0,0,0
51.8,22.4,149.5,87.6,2.8,M,Asian,0,0,0
63.2,25.7,113.0,69.0,2.4,M,White,0,0,1
50.1,23.9,131.0,78.9,5.1,F,Black,0,0,0
65.1,24.4,129.1,88.9,6.9,M,White,0,0,0
50.9,16.6,121.6,72.5,6.7,M,Black,0,0,0
47.1,16.9,108.0,62.9,4.5,F,Hispanic,0,0,0
61.0,26.3,105.4,61.7,3.4,F,White,0,0,0
65.2,29.1,116.8,77.4,4.0,F,White,0,0,0
43.1,28.0,121.1,76.2,5.4,F,Black,0,0,0
56.9,27.6,134.6,76.3,4.2,M,White,0,0,0
65.8,25.8,137.1,81.3,3.9,M,White,0,0,0
80.4,37.1,139.2,78.0,2.8,M,White,0,0,0
68.2,25.2,107.1,70.0,8.2,F,White,0,0,1
60.8,28.3,148.3,86.6,3.1,M,Hispanic,0,0,0
55.9,26.7,139.4,89.3,5.7,M,White,0,0,0
81.6,32.5,142.4,90.7,4.2,F,Other,0,0,0
69.0,23.9,120.0,83.4,6.8,F,White,0,0,0
90.0,28.6,146.9,81.1,3.2,M,White,0,0,1
21.6,30.9,85.0,53.7,4.4,F,White,0,0,0
48.4,18.2,133.8,93.6,8.1,F,Black,0,0,0
60.8,20.5,139.0,90.2,3.1,F,Asian,0,0,0
60.6,27.3,123.2,78.1,7.7,F,White,0,0,0
46.0,27.2,123.0,74.6,3.6,F,Asian,0,0,0
46.4,33.1,116.9,67.2,2.4,F,White,0,0,0
83.8,25.8,130.3,89.7,6.3,M,White,0,0,0
50.4,30.6,132.4,82.5,2.4,M,White,0,0,0
68.2,15.0,135.8,99.4,1.8,F,White,0,0,0
57.2,29.4,126.1,97.1,4.8,M,Asian,0,0,0
19.0,24.7,135.1,84.4,3.5,F,White,0,0,0
66.7,31.2,137.3,89.5,5.9,M,Asian,0,0,0
60.8,27.6,143.2,95.6,2.5,M,Black,0,0,0
90.0,30.0,128.0,91.1,3.5,M,Hispanic,0,0,1
73.9,29.3,130.3,87.8,16.0,M,White,0,0,0
50.4,19.6,107.4,63.9,4.2,M,White,0,0,1
72.7,26.8,124.1,84.0,2.4,M,White,0,0,0
47.5,20.0,133.5,90.2,3.5,F,Black,0,0,0
84.9,29.2,142.7,93.5,6.8,F,White,0,0,0
48.8,20.4,125.9,77.0,1.5,M,White,1,0,0
36.8,26.0,122.9,71.6,3.9,F,White,0,0,0
45.5,24.5,122.4,78.9,9.6,M,White,0,0,0
70.6,31.1,139.5,77.6,2.6,F,White,0,0,1
73.8,31.8,115.9,74.6,3.0,F,Hispanic,0,0,1
57.6,35.6,128.4,79.6,2.1,M,Hispanic,0,0,1
72.8,25.3,130.2,80.4,6.8,M,White,1,0,0
67.6,33.3,156.6,103.9,4.4,F,White,0,0,0
55.7,24.8,123.3,77.3,10.9,F,White,0,0,1
80.4,27.9,141.6,87.1,5.9,M,White,0,0,0
51.1,32.6,161.2,93.8,2.1,F,White,0,0,0
62.8,23.6,124.2,77.1,1.7,F,Black,0,0,0
24.4,18.7,126.6,62.6,8.6,F,White,0,0,1
18.0,27.3,89.7,57.8,3.9,M,Black,0,0,0
48.4,20.0,146.9,91.1,11.7,M,Black,0,0,1
61.5,27.0,124.3,76.9,9.0,F,Hispanic,0,0,0
42.5,31.7,118.6,77.7,1.2,M,White,0,0,0
19.8,28.4,118.7,72.0,2.4,F,White,0,0,0
58.5,25.9,139.2,90.3,1.1,M,Black,0,0,0
27.3,27.8,128.8,80.3,2.5,F,White,0,0,0
53.4,19.0,123.1,80.3,1.9,M,White,0,0,0
60.2,32.7,147.4,93.8,3.6,F,Other,0,0,0
89.2,27.2,116.0,64.1,6.9,F,White,0,0,0
42.8,24.0,105.0,76.9,4.1,M,Hispanic,0,0,0
46.5,22.2,125.2,81.0,10.4,M,White,0,0,0
37.2,19.9,132.2,84.1,4.5,F,White,0,0,0
41.6,16.7,127.2,72.6,2.2,F,White,0,0,0
58.4,21.0,121.8,72.6,5.7,M,White,0,0,0
49.7,23.0,116.0,82.6,5.2,M,Other,1,0,0
50.5,25.0,126.2,74.2,5.6,M,Black,0,0,0
87.0,31.4,147.8,90.6,3.7,F,White,0,0,0
52.6,26.6,137.7,76.5,6.7,F,Black,0,0,1
81.2,28.7,159.9,99.5,7.5,F,Hispanic,0,0,1
44.4,22.4,105.7,64.5,11.1,M,Asian,0,0,0
59.3,23.7,128.0,76.5,10.3,M,White,0,0,1
76.0,19.4,127.6,72.1,10.7,M,Black,0,0,0
55.5,29.5,98.4,58.5,7.8,F,White,0,0,0
52.2,29.4,105.5,64.2,3.3,F,White,0,0,0
78.6,23.7,134.7,82.6,4.2,F,White,0,0,0
44.7,30.6,136.7,86.4,6.8,F,White,0,0,0
78.6,25.7,132.7,87.3,4.4,F,White,0,0,0
55.1,29.6,123.6,88.1,4.0,F,White,0,0,0
72.8,26.6,123.6,84.3,10.2,M,Black,0,0,0
50.7,28.8,138.7,82.8,5.0,M,Black,0,0,0
45.8,27.6,118.2,69.4,4.5,F,White,0,0,0
60.6,18.1,135.4,102.1,4.0,F,White,0,0,0
63.4,36.5,136.7,77.6,5.3,F,White,0,0,0
46.1,31.7,123.7,73.7,2.2,F,Black,0,0,0
79.8,24.2,129.7,74.0,7.6,M,Asian,0,0,0
63.5,31.4,129.1,83.4,11.2,M,White,0,0,1
31.9,24.1,120.4,72.0,5.1,M,White,0,0,0
78.0,27.7,128.8,69.0,1.7,F,White,0,0,0
51.1,22.5,133.3,78.0,2.3,M,White,0,0,0
60.7,23.0,156.3,94.1,10.1,F,White,0,0,0
71.7,34.1,126.2,78.4,3.2,F,White,0,0,1
64.3,34.8,121.3,75.8,3.0,M,Asian,0,0,0
48.7,22.2,134.1,76.3,5.8,M,White,0,0,0
53.8,20.3,131.0,81.5,11.8,F,White,0,0,0
71.8,22.9,131.1,73.1,3.9,M,Hispanic,0,0,0
82.7,27.5,119.0,72.1,1.7,F,White,0,0,0
54.4,28.7,87.4,55.5,4.3,M,White,0,0,0
40.0,26.1,118.3,82.8,5.3,M,White,0,0,1
64.1,27.1,146.2,90.5,4.4,M,White,0,0,1
67.3,27.9,124.2,79.1,4.3,F,White,0,0,1
75.4,30.9,127.2,83.6,4.6,F,White,0,1,1
65.6,27.5,131.1,75.3,1.6,F,White,0,0,0
51.6,23.3,119.6,85.0,6.3,F,White,0,0,0
70.7,25.0,114.5,70.8,4.6,F,White,0,0,1
74.7,32.6,167.6,111.0,4.8,M,Hispanic,0,0,0
44.2,22.8,128.7,78.9,1.5,F,Black,0,0,0
71.4,29.9,145.8,93.9,4.9,M,White,0,0,0
50.2,24.6,141.0,96.6,1.9,M,Black,0,0,0
29.0,27.6,127.8,86.1,3.3,F,White,0,0,0
55.1,21.7,121.9,74.9,2.9,F,White,0,0,0
54.9,19.0,132.4,79.6,8.7,M,White,0,0,0
43.4,30.7,143.2,82.2,3.3,F,White,0,0,0
22.8,23.0,118.7,76.2,4.0,F,White,0,0,0
60.7,33.1,138.4,92.7,3.0,F,White,0,0,1
68.4,25.3,139.1,88.0,6.6,F,White,0,0,0
18.0,19.9,113.3,70.8,10.6,M,White,0,0,0
52.6,21.6,145.5,92.5,2.8,F,White,0,0,0
60.0,24.8,120.4,66.8,4.5,F,Hispanic,0,0,0
63.2,25.4,119.9,68.0,3.0,F,Black,0,0,0
67.5,24.7,117.3,66.3,5.6,M,Hispanic,0,0,0
86.0,37.2,96.8,58.6,2.9,F,Hispanic,0,0,0
52.2,28.0,107.5,57.1,12.9,F,White,0,0,1
63.7,20.3,108.6,65.1,3.6,F,White,0,0,1
51.0,27.6,106.4,69.8,3.2,F,Other,0,0,0
41.9,32.4,102.9,73.0,2.4,F,Hispanic,0,0,1
73.7,25.2,133.6,78.3,2.4,F,Hispanic,0,0,0
78.7,31.7,123.6,68.2,5.8,F,White,0,0,0
69.0,26.1,124.7,69.3,6.1,M,White,0,0,0
32.0,31.2,107.5,75.4,6.0,M,White,0,0,0
65.5,25.9,117.1,76.2,4.2,M,Hispanic,0,0,1
68.4,25.0,125.1,86.4,3.5,F,White,0,0,0
62.6,34.6,127.8,77.6,2.2,M,Black,0,0,1
73.1,26.6,114.3,80.1,3.5,F,Asian,0,0,0
66.2,25.0,133.9,78.8,4.5,M,Hispanic,0,0,1
47.3,30.0,121.1,78.7,6.5,F,White,0,0,0
60.2,24.4,127.9,72.9,5.0,M,Hispanic,0,0,0
52.9,22.0,157.1,103.9,5.0,M,Asian,0,0,0
51.2,26.6,137.6,78.5,5.5,F,White,0,0,0
83.1,24.1,144.8,89.9,3.5,M,Hispanic,0,0,1
74.3,34.4,130.6,73.2,3.4,F,Black,0,1,0
54.8,20.8,147.7,92.3,3.6,M,Black,0,0,0
53.3,30.7,121.7,74.7,2.1,M,Black,0,0,0
26.6,24.0,129.1,77.8,3.8,M,White,0,0,0
37.6,23.8,101.5,67.9,4.1,F,White,0,0,0
37.4,30.9,109.5,70.8,2.6,M,Black,0,0,1
64.5,24.1,138.6,98.7,1.7,F,Other,0,0,0
77.5,21.2,129.6,87.1,4.2,F,Black,0,0,0
31.5,28.4,120.2,75.7,9.6,F,Black,0,0,0
41.2,17.3,114.0,72.8,4.6,M,White,0,0,0
82.3,34.5,146.9,94.9,3.9,F,Hispanic,0,0,0
18.0,31.5,110.9,71.5,9.8,M,White,0,1,0
58.2,32.0,109.2,66.0,9.7,F,White,0,0,0
80.2,24.8,126.5,71.4,2.2,M,Black,0,0,0
46.4,27.0,118.8,74.0,6.6,M,Hispanic,0,0,0
30.3,21.5,108.4,66.2,2.7,M,Asian,0,0,0
30.5,22.6,113.2,67.7,4.7,F,White,0,0,0
56.7,31.1,117.0,77.1,4.5,M,White,0,0,0
52.1,32.6,125.1,75.2,3.3,F,White,0,0,0
56.8,30.9,96.5,70.8,3.4,F,White,0,0,1
62.6,33.3,135.0,95.1,7.4,F,White,0,0,0
71.4,24.0,139.7,85.6,10.2,M,White,0,0,0
58.5,30.1,120.9,75.3,8.5,F,White,0,0,0
74.2,31.1,129.2,85.6,7.2,F,Black,0,0,0
37.8,18.5,132.8,79.3,5.2,M,Black,0,0,0
74.4,21.5,139.9,92.7,3.8,F,White,0,0,0
38.7,29.4,137.5,86.9,1.8,F,White,0,0,0
64.0,27.0,104.8,66.8,4.2,M,Hispanic,0,0,0
55.2,26.6,122.5,73.7,3.5,M,Black,0,1,0
31.8,28.6,105.7,71.1,3.9,F,White,0,0,0
47.8,28.2,140.8,88.6,11.4,M,White,0,0,0
53.5,26.8,118.9,75.7,4.4,M,White,0,0,1
52.6,25.5,119.9,71.5,10.1,M,White,0,0,0
52.0,27.3,118.2,74.7,4.9,M,Black,0,0,0
46.4,21.3,137.9,80.0,2.8,M,Black,0,0,0
67.9,29.7,137.2,85.8,3.2,F,White,0,0,0
50.1,21.3,126.6,76.2,2.4,F,Asian,0,0,0
64.9,26.1,136.9,84.0,2.7,M,Black,0,0,1
49.5,30.2,107.5,62.9,5.5,M,White,0,0,0
72.1,23.0,136.9,71.1,2.2,M,Black,0,0,0
38.9,23.5,107.1,66.0,4.6,F,White,0,0,0
56.0,30.9,142.1,85.9,6.0,M,Hispanic,0,0,0
63.5,29.2,106.8,68.9,2.3,F,White,0,0,1
39.2,23.6,139.3,87.1,1.8,M,Hispanic,0,0,0
83.2,23.8,131.2,84.0,2.5,M,Hispanic,0,0,0
57.4,23.8,118.4,72.7,4.2,F,White,0,0,0
40.8,32.1,121.2,76.2,3.3,F,Black,0,0,0
18.0,19.7,134.8,89.4,8.9,M,White,0,0,0
55.9,35.8,119.9,86.6,4.0,M,White,0,0,0
34.6,27.9,116.6,72.7,6.0,F,White,0,0,0
76.8,26.4,102.1,63.3,4.9,F,White,0,0,1
45.8,24.0,116.2,79.5,4.2,F,Hispanic,0,0,0
65.3,29.0,108.8,62.6,3.9,F,Black,0,0,0
53.9,22.8,126.2,75.8,8.1,F,White,0,0,0
34.5,24.8,109.0,70.0,2.0,F,White,0,0,0
57.8,32.3,104.9,59.8,17.3,F,Asian,0,0,0
67.4,22.9,122.4,81.8,1.6,F,Hispanic,0,0,0
58.4,25.5,134.3,85.0,4.9,F,White,0,0,1
43.1,31.1,142.8,92.8,2.4,F,White,0,0,0
40.7,23.8,129.2,73.5,4.1,M,White,0,0,0
18.0,19.9,125.5,68.8,3.5,M,White,0,0,0
60.2,25.5,142.5,83.8,4.6,M,Hispanic,0,0,0
57.9,27.7,117.0,68.7,8.7,M,Black,0,0,0
69.8,26.1,131.7,64.0,3.4,M,White,0,0,0
32.7,24.4,101.8,52.6,2.2,M,Hispanic,0,0,0
69.3,17.8,122.1,75.6,4.9,F,Asian,0,0,0
69.9,21.9,134.5,84.9,7.5,F,White,0,0,0
18.0,25.7,119.0,76.8,3.2,M,Hispanic,0,0,0
49.8,23.2,103.1,72.8,5.6,M,White,0,0,0
38.8,23.8,115.0,67.8,1.9,M,White,0,0,0
59.1,29.0,128.7,84.0,6.8,M,White,0,0,0
61.2,23.9,115.9,69.8,3.2,F,Black,0,0,0
18.0,26.8,105.3,67.8,4.3,F,White,0,0,0
71.8,30.7,140.1,76.0,8.3,F,White,0,0,1
39.1,30.1,122.2,73.5,4.3,F,White,0,0,0
58.8,20.2,139.4,86.9,3.1,M,Other,0,0,0
53.6,24.4,142.4,85.6,1.8,F,White,0,0,1
66.3,25.4,126.4,80.6,2.6,F,White,0,0,0
70.9,19.3,124.9,74.8,7.5,F,White,0,0,0
49.2,29.3,104.6,60.1,5.7,M,Asian,0,0,0
18.0,17.8,111.5,68.8,6.2,F,Black,0,0,0
41.9,29.2,112.8,64.8,3.1,M,White,0,0,1
58.3,31.2,141.3,84.2,4.5,F,White,0,0,0
50.3,28.0,122.1,64.9,2.8,F,White,0,0,0
58.7,24.3,110.3,72.8,7.0,M,Black,0,0,0
46.6,24.8,89.5,54.0,4.6,F,White,0,0,0
45.8,29.9,143.8,85.6,2.8,F,White,0,0,0
33.1,25.8,127.0,66.6,3.6,M,Other,0,0,0
50.2,25.3,110.3,63.0,9.9,F,White,0,0,0
45.1,27.9,94.2,60.5,1.2,F,White,0,0,0
43.7,26.2,94.2,57.8,5.3,F,White,0,0,0
56.9,22.3,118.0,76.0,9.4,F,White,0,0,0
74.3,24.7,127.8,86.1,4.1,F,White,0,0,0
59.0,25.4,123.8,75.5,2.2,M,Hispanic,0,0,0
47.7,19.4,121.2,72.8,8.3,F,Hispanic,0,0,0
63.3,30.4,125.5,69.8,2.0,M,Black,0,0,0
62.0,22.6,114.0,74.8,2.9,F,White,0,0,1
55.2,30.1,127.5,89.0,2.3,F,White,0,0,0
87.9,35.5,138.9,89.6,8.6,F,Black,0,0,0
55.2,16.6,123.1,72.2,7.2,M,White,0,0,0
64.4,31.5,156.9,88.8,3.5,F,White,0,0,1
37.0,21.1,105.8,63.8,2.1,F,Other,0,0,0
71.4,25.9,130.3,77.3,4.3,M,Hispanic,0,0,1
45.6,29.1,123.3,86.1,2.2,F,Hispanic,0,0,0
55.0,24.1,119.9,71.0,10.5,F,Black,0,0,1
46.4,29.1,138.6,83.0,2.8,M,White,0,0,0
63.9,25.3,125.7,67.9,2.2,F,Black,0,0,1
54.7,30.6,113.4,60.5,3.6,F,White,0,0,1
46.3,19.0,136.4,80.4,8.0,F,Hispanic,0,0,0
53.5,28.1,135.7,85.8,4.0,F,White,0,0,1
31.1,31.8,118.2,75.0,3.5,F,White,0,0,0
18.7,18.3,145.1,84.0,9.4,F,White,0,0,0
56.1,27.9,121.7,79.4,10.2,F,White,0,0,0
37.4,26.1,120.3,69.8,5.4,M,White,0,0,0
57.0,23.6,163.4,93.8,3.0,F,White,0,0,0
60.0,31.3,144.5,87.2,4.9,F,White,0,0,0
61.0,19.4,130.0,73.3,2.5,M,White,0,0,0
78.6,21.1,143.5,86.6,2.4,M,White,0,0,0
62.7,27.6,135.7,85.8,7.1,F,White,0,0,1
47.3,26.1,133.9,71.0,3.2,M,Asian,0,0,0
60.6,29.9,130.2,84.3,3.6,M,Black,0,0,1
48.4,22.0,142.4,91.8,5.2,F,White,0,0,1
80.4,30.0,113.2,71.3,13.7,F,White,0,0,1
42.8,21.6,140.0,79.9,3.8,F,White,0,0,0
74.0,38.7,140.3,87.8,2.1,F,White,0,0,1
74.6,26.1,114.0,78.5,4.2,F,White,0,0,0
53.2,29.0,117.3,67.7,6.7,F,White,0,0,0
58.8,30.0,118.7,68.7,9.3,F,White,0,0,0
41.5,24.7,103.3,58.6,6.3,M,Black,0,0,1
63.5,30.8,134.7,89.9,2.0,F,White,0,0,0
60.8,25.5,116.6,78.9,5.3,F,White,0,0,0
45.6,32.1,105.8,69.8,14.2,M,White,0,0,0
43.8,22.6,117.7,72.5,5.7,F,Black,0,0,1
58.6,19.6,132.8,86.3,4.0,F,White,0,0,0
63.9,33.1,136.1,81.1,8.3,F,White,0,0,0
60.5,19.4,134.7,78.7,8.8,F,Black,0,0,1
55.0,25.4,133.9,77.1,2.0,M,Black,0,0,0
34.3,22.7,106.7,76.8,7.3,F,White,0,0,0
61.7,25.9,131.2,82.0,3.9,F,Hispanic,0,0,0
35.5,21.2,125.7,87.5,4.7,F,White,0,0,0
44.0,24.9,114.7,79.0,3.9,M,White,0,0,0
29.1,25.9,117.4,73.8,4.4,M,White,0,0,0
62.1,28.2,165.0,108.3,8.2,F,Black,0,0,0
61.0,25.4,121.9,74.6,6.6,M,Black,0,0,0
51.9,32.2,118.3,74.3,6.2,F,White,0,0,0
72.4,24.4,139.2,88.6,1.9,M,Black,0,0,0
33.4,25.6,132.6,77.6,3.0,M,White,0,0,0
65.5,25.9,102.7,67.1,3.1,M,Hispanic,0,0,1
35.4,34.2,151.5,103.3,9.0,F,White,0,0,1
72.7,26.6,113.3,66.5,1.6,M,Asian,0,0,0
58.7,24.8,138.9,78.4,2.7,F,Asian,0,1,0
41.3,24.3,134.0,80.4,5.0,F,Hispanic,0,0,0
61.7,24.5,129.7,89.1,3.9,M,Asian,0,0,1
22.4,24.4,137.3,80.8,3.8,M,White,0,0,0
49.1,22.8,120.5,67.8,5.7,F,Black,0,0,0
47.3,30.5,117.2,76.4,4.9,M,White,0,0,0
67.0,29.4,117.9,67.4,6.4,F,White,0,0,0
59.3,24.7,130.3,88.5,4.2,M,White,0,0,1
56.1,26.9,115.7,70.8,5.2,M,White,0,0,0
38.6,30.9,142.0,90.0,6.6,M,White,0,0,1
71.4,24.7,115.7,74.7,3.6,M,White,0,0,0
46.4,26.2,103.8,63.0,6.6,M,Black,0,0,0
61.0,24.3,131.9,91.0,4.9,F,White,0,0,0
51.3,26.2,126.9,86.2,4.6,M,White,0,0,0
59.1,34.4,132.8,86.9,3.4,F,White,1,0,0
55.5,26.8,114.7,62.8,2.2,F,Hispanic,0,0,0
35.8,23.8,115.4,67.8,7.4,F,Asian,0,0,0
46.3,22.1,122.9,73.8,10.1,F,White,1,0,0
64.8,29.5,132.4,83.5,4.6,F,White,1,0,0
68.1,23.1,125.7,84.0,9.7,F,Hispanic,1,0,1
58.2,27.1,121.8,81.4,9.2,F,Hispanic,0,0,0
70.6,31.3,123.3,77.7,2.1,F,White,0,0,0
37.5,27.1,92.4,52.1,1.5,M,Asian,0,0,1
25.0,26.0,103.2,57.1,4.1,M,White,0,0,0
42.5,22.2,123.0,75.3,4.0,F,White,0,0,0
61.0,29.7,119.0,73.5,8.4,F,White,0,0,0
90.0,25.4,128.8,77.4,4.6,F,Other,0,0,0
71.0,32.0,127.2,84.0,2.2,M,Black,0,0,1
57.8,32.2,115.0,77.6,3.0,M,White,0,0,0
68.4,33.5,120.6,64.1,5.9,F,White,0,0,0
53.4,32.0,124.8,70.2,2.1,M,Black,0,0,0
49.0,26.9,126.2,82.2,6.2,F,White,0,0,0
66.4,26.8,150.1,99.8,4.0,F,Asian,0,0,0
57.2,29.0,146.2,90.8,14.5,M,Black,0,0,0
39.2,24.2,118.7,71.2,7.0,M,White,0,0,0
31.7,20.2,119.2,81.5,3.0,F,White,0,0,0
32.5,22.8,136.4,85.6,2.8,M,Hispanic,0,0,0
29.7,34.2,123.3,74.6,7.7,M,White,0,0,0
65.1,26.3,132.5,81.6,3.7,F,White,0,0,0
61.4,26.3,105.6,57.8,2.7,F,White,0,0,0
24.7,24.8,145.4,86.6,7.2,F,White,0,0,0
77.7,27.1,147.6,88.1,9.4,M,White,0,0,0
47.8,29.7,120.1,65.7,1.7,F,White,0,0,0
54.0,27.7,127.2,63.1,3.6,M,White,0,0,0
28.6,31.2,132.3,84.5,4.8,M,White,0,0,0
66.8,29.9,125.9,76.0,8.3,M,Black,0,0,0
46.5,33.1,128.9,83.1,11.3,F,White,0,0,0
66.3,28.2,124.5,76.7,6.8,F,White,0,0,0
26.9,24.5,101.6,71.3,2.2,F,White,0,0,0
21.6,20.5,108.1,72.0,8.8,M,White,0,0,0
74.3,28.8,114.1,67.3,12.3,F,Black,0,0,0
78.9,29.0,126.8,72.0,13.1,F,White,0,0,0
78.0,32.8,105.0,68.0,4.1,F,White,0,0,0
46.9,25.4,108.5,76.6,5.8,M,White,0,0,0
52.1,28.9,106.6,70.5,6.1,M,White,0,0,0
88.8,21.3,114.9,74.7,10.3,M,White,0,0,0
67.0,20.3,111.1,72.1,7.9,F,White,0,0,0
63.4,28.9,141.1,89.7,2.1,M,White,0,0,0
68.5,20.9,115.6,69.8,10.3,M,Asian,0,0,0
18.0,24.1,130.0,90.5,2.5,M,Asian,0,0,0
75.6,30.9,111.9,74.4,5.9,F,Asian,0,0,0
51.6,27.3,123.0,67.0,11.8,M,Hispanic,0,0,0
59.8,20.9,126.1,71.4,2.2,M,White,0,0,0
61.9,27.1,97.7,61.4,5.5,M,Black,0,0,0
66.1,15.9,122.9,85.4,4.3,M,Asian,0,0,0
56.5,21.7,127.6,72.4,8.4,M,White,0,0,0
79.5,23.0,127.6,83.3,9.7,F,Hispanic,0,0,0
61.2,27.0,156.8,100.1,8.3,F,White,0,0,0
55.6,35.3,145.8,97.2,6.9,M,Black,0,0,0
63.3,31.4,111.3,65.9,4.6,F,White,1,0,0
33.3,23.9,105.9,68.3,5.7,F,White,0,0,0
68.5,31.8,135.6,90.6,2.9,M,White,0,0,0
67.6,16.1,137.2,91.6,3.0,F,Black,0,0,0
42.8,24.5,118.0,84.8,3.4,M,Hispanic,0,0,0
35.0,25.9,135.2,73.4,3.1,F,Other,0,0,0
78.2,28.9,121.1,76.0,2.6,M,White,0,0,0
63.0,29.8,134.7,81.9,7.5,F,Black,0,0,0
60.9,18.3,118.5,76.3,2.3,M,Black,0,0,1
56.3,22.8,119.3,77.9,2.3,F,Hispanic,0,0,0
62.7,30.4,102.5,65.4,8.2,M,Hispanic,0,0,0
56.4,25.3,110.3,71.1,5.7,M,White,0,0,1
42.8,30.1,139.7,85.3,10.6,M,Black,0,0,0
37.6,24.8,123.3,73.7,14.9,M,White,0,0,0
26.9,23.1,132.8,92.1,2.7,F,White,0,0,0
46.1,17.7,104.9,65.1,1.5,F,Black,0,0,0
58.8,22.3,122.2,87.2,3.2,F,Black,0,0,0
54.3,23.4,137.9,92.6,1.9,M,Black,0,0,0
48.4,25.5,126.3,73.0,3.8,F,Black,0,0,0
61.4,26.7,155.6,83.9,5.7,F,White,0,0,0
42.7,28.0,96.5,63.6,4.3,F,Other,0,0,1
74.1,24.6,140.6,91.4,2.4,F,White,0,0,0
63.6,26.5,148.0,84.0,14.9,F,Asian,0,0,0
53.7,25.2,113.2,72.7,3.6,M,Other,0,0,0
33.9,19.7,127.3,68.4,9.4,M,White,0,0,0
43.8,26.3,98.8,52.1,2.2,M,White,0,0,0
53.2,22.2,130.7,80.9,2.9,F,White,0,0,0
56.1,22.9,111.3,67.5,6.6,M,Hispanic,0,0,0
67.2,18.9,109.1,64.9,13.7,M,White,0,0,0
46.0,22.4,125.0,74.9,7.2,F,White,0,0,0
36.6,25.9,117.0,68.6,3.3,F,Black,0,0,0
80.1,28.8,127.2,79.9,2.3,F,Hispanic,0,0,0
49.2,23.5,164.8,99.4,1.4,F,White,0,0,0
66.2,25.7,124.9,78.7,7.2,M,Black,0,0,0
68.2,28.9,133.2,83.5,7.3,M,White,0,0,0
50.0,36.2,102.0,68.2,2.6,F,White,0,0,0
41.0,29.1,113.9,74.3,2.0,F,White,0,0,0
37.8,26.9,112.2,60.7,13.0,F,White,0,0,0
41.3,24.2,118.4,77.9,2.1,M,Black,0,0,0
40.6,21.6,115.6,66.0,6.5,F,Black,0,0,0
53.4,20.2,109.0,60.2,8.9,M,Black,0,0,0
61.8,25.2,156.6,104.4,8.9,M,Hispanic,0,0,1
61.0,27.3,129.2,90.8,1.9,M,Other,0,0,0
64.9,22.3,131.2,88.7,2.9,F,Black,0,1,0
50.7,23.4,123.6,77.5,3.3,M,Black,0,0,0
65.9,26.4,103.1,64.4,1.7,M,Hispanic,0,0,0
21.3,21.7,99.3,72.2,4.3,M,Other,0,0,0
59.6,22.1,150.0,91.9,3.2,F,White,0,0,0
45.6,24.2,129.7,84.4,3.8,M,White,0,0,0
58.6,19.9,112.2,57.8,3.9,M,Other,0,1,0
42.3,23.0,121.9,72.1,3.1,M,White,0,0,0
63.9,31.1,164.9,100.1,3.4,M,Black,0,0,0
56.7,25.3,144.6,90.2,2.0,F,Asian,0,0,0
69.0,18.6,126.6,75.7,7.5,M,White,0,0,1
37.8,21.0,131.7,72.7,6.0,M,White,0,0,0
44.1,22.8,129.5,80.3,3.4,F,White,0,0,0
54.3,28.7,137.2,86.2,7.6,M,White,0,0,0
32.9,27.8,130.4,90.6,8.9,M,White,0,0,0
46.0,26.4,123.4,79.5,4.1,M,Asian,0,0,1
66.0,33.1,131.0,81.3,6.0,F,Black,0,0,0
55.2,24.6,117.4,75.8,6.8,F,Black,0,0,0
80.3,33.5,143.2,92.8,14.4,F,Hispanic,0,0,1
54.4,26.5,121.1,72.2,3.1,M,Black,0,0,1
36.4,18.4,120.3,92.2,8.7,F,White,0,0,1
52.3,25.5,124.7,84.8,2.7,F,White,0,0,0
63.7,30.7,137.0,99.2,3.0,M,Hispanic,0,0,1
46.4,31.4,131.3,81.3,6.0,M,White,0,0,0
26.7,28.3,100.2,60.7,6.4,M,Asian,0,0,0
76.3,23.7,102.9,68.1,3.1,F,Other,0,0,1
41.1,25.8,104.1,64.9,4.0,F,White,0,0,0
83.8,31.8,116.3,73.3,1.5,M,Asian,0,0,0
50.8,32.0,134.1,87.6,2.1,M,Black,0,0,0
70.9,15.0,128.2,86.7,7.2,F,Hispanic,0,0,0
72.7,31.7,123.5,79.8,3.9,M,Black,0,0,0
53.1,25.1,129.0,76.0,11.7,M,White,0,0,0
61.6,29.4,101.7,52.8,4.2,F,White,0,0,0
54.8,20.6,131.3,70.5,5.3,F,Hispanic,0,0,0
43.9,19.5,99.1,62.0,5.9,M,White,0,0,0
47.9,20.4,111.5,69.8,4.0,M,Black,0,0,0
49.3,29.3,117.0,71.5,3.4,F,Black,0,0,0
51.2,24.9,100.2,65.1,2.8,M,White,0,0,0
60.2,25.0,118.9,77.1,5.8,F,Asian,0,0,0
57.2,18.5,127.7,82.6,6.2,M,Asian,0,0,0
41.9,26.3,131.5,78.6,7.1,F,Black,0,0,1
87.7,28.4,125.6,76.5,5.7,F,Black,0,0,0
55.2,27.2,116.4,72.6,6.2,M,White,0,0,0
32.9,26.1,134.7,86.3,4.1,F,White,0,0,0
48.7,23.0,127.2,81.9,5.6,F,Asian,0,0,1
84.8,34.9,120.2,77.8,7.3,M,Hispanic,0,0,0
29.3,27.6,114.4,73.8,5.0,M,White,0,0,0
63.5,23.2,109.1,61.9,5.1,F,Asian,0,0,0
52.3,30.3,136.0,90.7,1.1,M,White,1,0,0
55.1,24.9,134.9,90.5,4.1,F,White,0,0,0
74.8,31.3,128.9,66.9,4.0,F,White,0,0,0
33.7,30.3,105.4,65.3,7.6,M,White,0,0,1
61.3,18.8,120.1,78.7,2.9,M,White,0,0,0
57.6,29.9,105.0,63.5,7.1,F,White,0,0,0
68.2,25.8,135.3,88.8,2.6,F,White,0,0,0
51.1,27.5,123.8,73.8,8.8,F,Other,0,0,0
59.8,28.7,134.7,95.8,2.8,F,Black,0,0,0
74.7,32.9,138.4,98.4,3.5,F,White,0,0,0
53.3,25.2,108.0,66.9,7.7,F,Black,0,0,0
60.1,23.1,97.1,61.9,2.5,M,Black,0,0,1
66.4,27.0,133.9,72.7,2.2,F,White,0,0,0
29.1,24.1,144.1,90.6,3.1,F,White,0,0,0
33.8,24.7,122.3,73.0,6.8,M,White,0,1,0
40.1,21.3,118.5,63.5,5.1,F,White,0,0,0
90.0,23.3,134.1,78.9,2.5,F,White,0,1,1
38.4,23.9,109.1,72.6,1.7,F,Hispanic,0,0,0
62.8,26.0,139.6,79.7,1.5,M,Black,0,0,0
69.3,30.1,132.4,79.4,4.6,F,Other,1,0,0
43.4,29.8,132.8,87.5,5.0,M,White,0,0,0
40.1,22.5,120.4,64.6,7.0,F,Hispanic,0,0,0
53.9,25.7,118.7,69.0,8.1,F,White,0,0,0
46.9,25.2,138.7,88.6,2.1,F,White,0,0,0
48.8,36.2,117.0,75.2,2.8,M,White,0,0,0
36.2,29.5,111.9,55.7,11.3,F,White,0,0,0
34.6,18.6,117.7,75.2,5.1,F,White,0,0,0
86.1,27.3,120.9,74.7,3.6,M,White,0,0,0
76.9,27.3,143.7,94.9,5.1,F,White,0,0,1
47.6,24.9,121.5,75.0,8.4,F,White,0,0,0
43.0,24.1,148.2,98.4,6.0,M,White,0,0,0
31.5,27.3,118.0,64.9,5.6,F,White,0,0,0
46.9,24.0,115.5,78.4,3.6,M,White,0,0,0
49.4,22.3,115.5,69.2,8.9,M,White,0,0,0
63.3,29.8,142.5,87.1,4.8,M,Hispanic,0,0,0
65.0,31.7,108.9,64.0,3.6,M,Hispanic,0,0,0
52.3,23.3,120.9,82.1,2.3,F,White,0,0,0
54.4,24.6,137.4,92.2,8.0,F,White,0,0,0
67.7,28.8,125.2,83.0,4.7,F,Black,0,0,0
67.9,24.7,151.9,86.7,3.9,F,Black,0,0,0
41.9,18.1,98.4,57.5,2.9,F,Asian,0,0,1
23.6,21.6,104.6,65.9,2.1,M,White,0,0,0
61.0,23.3,107.8,63.5,14.0,M,White,0,0,0
28.6,22.7,146.5,101.8,3.2,F,Asian,0,0,0
68.9,25.8,137.8,81.5,5.9,F,White,0,0,1
28.5,20.7,114.4,62.8,3.4,F,White,0,0,0
46.3,26.1,133.3,90.4,4.0,F,Asian,0,0,1
63.9,23.9,112.7,75.7,2.2,F,Black,0,0,1
71.1,26.7,145.0,86.4,1.6,F,Black,0,0,0
64.3,33.2,103.4,56.6,2.7,M,Other,0,0,1
54.7,22.7,129.6,78.9,3.7,F,White,0,0,1
61.8,24.3,142.8,91.6,16.3,M,White,0,0,0
59.4,28.4,143.3,91.1,3.3,F,Black,0,0,1
59.1,27.4,124.7,72.7,2.4,M,White,0,0,0
61.3,26.4,110.9,67.4,6.1,F,Hispanic,0,0,0
62.4,25.3,118.6,72.0,6.4,M,White,0,0,1
46.1,27.7,130.1,75.7,1.8,F,White,0,0,0
57.2,31.7,131.3,74.9,5.7,M,Hispanic,0,0,0
72.6,25.1,155.5,84.2,4.6,M,Black,0,0,0
58.7,21.0,125.0,81.0,3.8,F,White,0,0,0
39.1,27.6,124.5,82.4,3.6,F,White,0,0,0
45.7,29.8,112.4,74.4,1.3,F,White,0,0,0
71.4,23.8,124.9,78.4,1.8,F,White,0,0,0
63.7,29.6,119.9,83.8,9.1,M,Black,0,0,0
25.5,26.8,135.6,88.1,2.9,F,White,0,0,0
72.1,22.2,133.9,81.1,4.1,M,White,0,0,0
50.9,18.8,144.0,88.0,5.7,M,Black,0,0,0
45.6,25.1,138.6,91.7,1.9,M,White,0,0,0
62.1,20.4,124.3,95.8,4.3,F,Black,0,0,1
58.8,31.3,114.2,71.7,5.2,M,White,0,0,0
18.0,27.9,109.0,66.2,7.1,M,White,0,0,0
58.7,21.0,140.8,72.7,3.0,M,Black,0,0,1
43.8,23.7,104.1,68.6,3.7,F,White,0,0,0
49.0,33.7,123.2,80.9,3.2,M,Black,0,0,0
74.7,24.4,142.1,96.9,4.2,M,White,0,0,1
44.5,21.8,108.0,72.9,8.2,F,Asian,0,0,0
57.7,24.1,141.3,90.1,6.0,M,White,0,0,0
67.1,31.3,134.9,77.8,2.7,F,White,0,0,0
20.1,15.0,114.4,85.5,11.1,F,White,0,0,0
51.4,25.1,128.1,83.7,3.5,F,Black,0,0,0
49.5,18.2,123.2,69.2,10.5,F,White,0,0,0
63.2,26.8,133.1,74.7,6.0,F,White,0,0,0
64.7,29.3,149.3,92.6,4.8,M,Hispanic,0,0,0
35.0,27.2,140.5,77.3,7.8,F,Other,0,0,0
66.7,19.6,130.5,81.6,11.5,F,Hispanic,0,0,1
55.3,23.8,118.3,70.0,3.2,F,Hispanic,0,0,0
58.7,24.0,124.3,90.6,13.6,F,Black,0,0,0
58.7,34.2,125.8,82.4,6.0,F,White,0,0,0
47.3,21.3,110.1,65.9,1.2,F,Hispanic,0,0,0
47.6,24.8,144.8,85.5,2.8,F,Black,0,0,1
71.0,36.1,129.0,78.1,2.0,M,White,0,0,0
58.2,26.7,116.4,79.3,13.0,F,White,0,0,0
46.4,20.4,120.1,79.7,1.5,F,Hispanic,0,0,0
47.5,32.0,133.1,77.0,3.7,F,Hispanic,0,0,1
48.8,25.3,125.4,91.5,4.3,M,Hispanic,0,0,0
51.7,29.6,113.0,70.0,6.6,F,White,0,0,0
48.9,27.3,148.2,95.6,8.2,F,White,0,0,0
66.0,27.6,123.8,71.2,11.3,M,White,0,0,0
60.9,29.3,115.9,63.3,4.6,F,Hispanic,0,0,1
22.9,33.9,112.8,71.9,1.9,M,White,0,0,0
67.9,25.5,146.4,97.5,2.9,M,White,0,0,0
18.0,23.6,94.9,67.6,10.2,M,White,0,0,1
43.6,16.4,137.6,94.4,10.4,M,White,0,0,0
64.3,25.8,125.5,72.3,2.3,M,White,0,0,0
64.8,33.4,106.1,68.2,6.0,M,White,1,0,1
56.2,23.6,130.0,85.1,4.9,F,Hispanic,0,0,0
61.2,30.4,114.8,67.6,10.2,F,White,0,0,1
72.4,26.8,118.2,85.1,7.2,F,White,0,0,1
39.7,27.8,132.3,97.6,2.8,M,White,0,0,0
37.5,26.5,134.0,85.2,3.1,F,White,0,0,0
31.5,22.8,121.3,82.3,8.9,M,White,0,0,0
37.3,25.1,163.1,103.2,2.5,M,Hispanic,0,1,0
60.2,24.7,122.4,85.7,5.2,F,White,0,0,1
62.0,29.4,121.2,67.7,5.2,M,Black,0,0,0
48.4,24.3,122.4,66.7,3.1,M,White,0,0,1
68.9,26.0,120.6,74.9,6.1,M,White,0,0,1
68.4,26.4,117.6,67.6,2.9,M,White,0,0,0
40.1,27.2,116.6,67.9,4.5,M,Black,0,0,0
27.2,18.7,112.2,62.1,3.5,M,Black,0,0,0
49.0,25.1,130.1,91.1,3.1,F,Black,0,0,0
39.9,29.9,113.9,72.8,1.7,F,Black,0,0,0
52.9,38.0,111.0,75.6,1.8,F,Black,0,0,0
72.1,24.5,135.4,89.4,1.8,F,White,0,0,0
49.8,22.3,129.1,78.2,3.6,F,White,0,0,0
18.0,21.6,96.6,66.2,3.3,F,White,0,0,0
48.2,24.0,109.0,61.2,4.5,M,Black,0,0,0
59.5,28.9,156.8,96.2,2.3,F,White,0,0,0
49.7,30.9,105.3,54.5,14.2,M,White,0,0,0
41.1,25.8,89.8,54.4,3.5,F,Hispanic,0,0,0
50.1,20.2,125.0,76.0,3.2,F,White,0,0,0
48.7,30.5,131.1,88.6,5.3,M,Asian,0,0,1
46.7,26.7,126.1,85.7,4.0,M,Asian,0,0,0
65.1,30.2,118.6,70.2,4.1,M,White,0,0,1
50.9,24.3,122.2,70.2,3.9,F,White,0,0,0
85.1,21.0,117.4,69.1,8.9,M,Hispanic,0,0,1
67.3,32.1,134.5,67.5,2.1,M,Hispanic,0,0,0
61.8,28.4,118.4,74.4,2.0,F,Asian,0,0,1
25.2,19.8,120.2,85.8,4.8,M,Hispanic,0,0,0
65.8,20.0,142.3,88.9,3.8,F,Black,0,0,0
40.5,25.3,102.2,63.9,5.4,M,Black,0,0,0
50.3,33.4,109.9,74.6,2.2,M,White,0,0,0
44.9,27.7,106.8,66.8,1.9,F,Black,0,0,0
44.2,21.9,103.8,70.9,3.5,F,Hispanic,0,0,1
40.8,27.5,136.4,87.7,1.9,F,White,0,0,0
57.0,20.5,117.7,67.7,4.9,M,White,0,0,0
38.0,29.8,118.7,71.7,5.7,F,Asian,0,0,0
26.8,26.2,109.3,63.0,2.2,M,Asian,0,0,0
63.2,23.0,149.8,85.7,5.0,M,Black,0,0,0
24.4,26.1,110.9,75.6,4.2,M,White,0,0,0
62.0,17.1,114.1,79.0,2.0,M,White,0,0,0
88.1,24.0,123.7,71.0,8.6,F,Black,0,0,0
34.7,30.0,119.7,65.1,1.6,F,Black,0,0,0
47.6,32.5,118.9,72.7,5.9,F,White,0,0,1
68.9,22.3,135.3,79.2,5.6,F,Black,0,0,0
68.1,28.1,131.9,78.7,7.0,M,White,0,0,0
56.1,28.0,124.0,72.2,5.5,F,White,0,0,0
59.6,31.6,118.9,74.8,4.2,F,Black,0,0,1
54.9,24.4,136.9,80.4,8.0,M,White,0,0,0
60.7,24.1,146.7,94.4,2.5,M,White,0,0,1
83.8,31.4,152.2,101.2,6.0,M,White,0,0,1
78.2,26.1,127.8,82.2,2.9,F,White,0,0,0
75.1,30.4,127.8,72.2,3.6,M,White,0,0,1
54.3,27.8,111.0,84.3,3.7,M,White,0,0,0
39.8,27.2,98.4,70.9,6.9,M,Asian,0,0,1
73.7,31.1,138.6,80.9,7.7,F,Black,0,0,0
56.5,26.0,109.5,64.3,3.0,F,Hispanic,0,0,0
33.4,24.0,146.3,85.5,5.6,M,White,0,0,0
56.1,25.6,106.8,73.7,8.0,F,Other,0,0,0
43.9,24.2,102.3,64.3,8.4,M,White,0,0,0
61.3,34.1,115.0,55.1,2.3,M,White,0,0,0
34.4,27.3,113.9,66.7,2.8,M,White,0,0,0
37.9,22.4,114.9,84.0,1.9,F,White,0,0,0
51.2,29.2,149.8,100.9,4.0,F,White,0,0,0
58.2,25.9,108.2,67.3,1.5,F,Black,0,0,0
78.1,29.7,147.9,102.6,2.8,F,White,0,0,0
45.2,32.2,106.4,70.0,6.0,F,Black,0,0,0
53.6,20.0,157.1,99.1,5.7,F,Black,0,0,0
34.9,23.6,110.7,63.1,4.4,F,Other,0,0,1
45.2,24.7,114.2,70.6,9.0,M,White,0,0,0
79.8,30.4,134.7,86.1,1.6,M,Asian,0,0,0
54.9,26.5,128.0,74.0,7.3,F,White,0,0,1
69.9,23.5,122.1,70.0,2.9,F,Other,0,0,0
51.5,30.3,115.3,67.9,2.6,F,White,0,0,1
76.1,20.2,141.7,89.6,3.2,M,Asian,0,0,0
45.5,18.7,118.6,70.9,2.0,M,White,0,0,0
54.7,21.7,116.2,70.5,5.0,F,White,0,0,0
90.0,26.1,142.4,103.9,4.8,F,Black,0,0,1
47.3,24.9,103.2,71.8,3.7,F,White,0,0,0
62.0,17.4,138.4,85.7,3.5,F,Asian,0,0,0
57.3,30.6,114.2,79.3,7.6,F,Black,0,0,0
73.9,24.1,118.3,74.7,2.8,F,White,0,0,0
26.6,26.4,119.7,79.7,6.2,F,White,0,0,0
61.9,24.8,151.1,105.5,7.2,M,Asian,0,0,0
51.8,19.3,141.9,100.1,8.7,M,White,0,0,1
49.2,24.0,140.0,93.8,2.5,F,Hispanic,0,0,0
71.9,27.1,163.0,103.2,4.1,M,Hispanic,0,0,0
28.1,24.7,89.5,53.8,5.0,M,Hispanic,0,0,0
55.8,22.4,129.9,82.3,3.9,M,Other,0,0,0
65.3,23.8,120.4,71.7,2.4,F,Hispanic,0,0,1
66.4,28.7,155.6,96.0,4.5,F,White,0,0,0
41.5,27.6,127.4,77.9,6.0,F,White,0,1,0
45.2,20.0,142.1,86.5,2.6,M,White,0,0,0
58.6,27.5,132.5,89.4,4.5,F,White,0,0,0
69.0,32.7,111.3,69.5,3.5,F,White,0,0,0
52.6,21.4,136.6,82.4,3.3,M,White,0,0,0
49.9,26.0,106.1,57.8,4.9,F,Black,0,0,1
55.4,27.2,122.2,60.4,2.2,F,White,0,0,0
58.6,26.0,137.3,91.8,5.7,M,Hispanic,1,0,0
68.7,29.8,136.7,89.2,1.4,M,Other,0,0,0
45.8,27.9,127.1,81.2,2.3,F,White,0,0,0
33.8,25.5,156.2,108.3,1.1,F,White,0,0,0
63.1,21.8,145.4,90.4,2.4,M,Asian,0,0,1
43.8,17.0,114.4,73.8,6.7,M,White,0,0,1
49.0,23.2,117.9,65.8,3.2,F,White,0,0,0
58.2,26.4,118.5,70.7,5.5,M,Black,0,0,0
54.8,25.8,106.4,66.9,4.4,M,Black,0,0,1
75.1,22.2,138.4,83.1,5.1,F,Asian,0,0,0
61.0,27.1,133.0,86.2,3.7,F,White,0,0,0
51.5,24.2,127.5,76.1,4.0,F,White,0,0,0
63.8,26.8,114.0,75.1,1.9,M,White,0,0,0
45.9,22.7,121.0,72.4,1.5,M,Hispanic,0,0,0
33.2,25.6,111.0,65.8,2.2,F,White,0,0,0
68.5,19.9,130.0,74.9,2.2,M,Black,0,0,1
23.0,18.7,125.0,76.1,9.7,M,White,0,0,0
75.6,28.7,119.6,78.8,14.3,F,White,0,0,0
55.0,26.1,151.1,83.5,3.6,M,Other,0,0,0
24.7,22.3,103.3,64.7,2.7,F,Hispanic,0,0,0
56.2,30.5,127.4,75.4,4.1,F,White,0,0,0
48.4,29.9,139.3,80.9,3.2,F,White,0,0,0
45.2,31.2,122.1,70.8,3.9,M,Hispanic,0,0,0
65.0,23.0,140.8,89.9,2.5,F,Hispanic,0,0,0
62.8,26.4,128.3,78.5,2.6,M,Hispanic,0,0,0
51.3,31.3,98.5,67.9,2.6,M,Hispanic,0,0,1
51.5,27.2,124.8,88.5,1.4,M,Black,0,0,1
44.2,28.8,139.6,87.0,4.7,F,Black,0,0,0
56.9,34.8,119.2,83.8,4.8,M,Black,0,0,0
74.1,28.4,148.2,88.8,2.6,F,White,0,0,1
49.1,31.6,123.4,80.7,6.0,F,White,0,0,0
65.4,27.7,131.4,85.2,6.8,F,White,0,0,1
42.8,19.9,133.6,74.6,1.5,M,White,0,0,0
35.5,24.2,102.3,65.0,3.3,M,White,0,0,0
57.8,27.0,91.9,60.6,4.8,M,Black,0,0,0
31.5,21.3,126.6,74.9,2.4,M,White,0,0,0
51.7,23.3,126.9,75.6,3.3,M,White,0,0,0
24.4,27.7,105.7,64.1,1.6,F,Black,0,0,0
74.4,29.7,107.8,70.5,4.7,F,White,0,0,0
73.5,24.0,116.2,71.8,2.2,F,Hispanic,0,0,0
19.6,26.3,116.6,68.3,4.8,M,Black,0,0,0
40.6,24.7,133.6,75.7,6.0,F,White,0,0,1
31.5,27.0,143.7,93.2,2.0,F,Black,0,0,0
40.6,22.2,118.8,86.2,2.4,F,Black,0,0,0
49.1,22.6,128.3,95.6,5.9,F,Black,0,0,0
47.5,30.7,123.2,81.2,5.2,F,Black,0,0,0
61.5,22.0,139.2,88.7,2.1,F,White,0,0,0
89.2,24.8,142.8,90.4,3.0,M,Hispanic,0,0,0
68.6,26.8,145.4,93.6,4.2,F,Hispanic,0,0,0
82.3,29.4,120.7,66.4,3.9,M,Hispanic,0,0,1
28.0,31.5,102.2,67.6,3.7,F,White,0,0,0
77.5,28.3,155.9,97.7,8.0,M,Hispanic,0,0,0
61.2,29.9,126.6,61.5,10.7,F,Black,0,0,0
42.8,22.8,129.9,92.5,6.9,M,Hispanic,0,0,0
48.1,29.3,139.2,87.1,2.1,F,Black,0,0,0
58.7,27.9,130.3,73.7,3.7,M,White,0,0,0
51.9,30.7,142.0,95.9,5.7,M,Hispanic,1,0,1
49.8,29.3,144.5,83.3,4.0,F,White,0,0,1
82.3,21.3,142.1,92.6,3.5,M,White,0,0,0
56.4,23.3,114.6,70.7,7.2,F,White,0,0,0
63.8,23.3,155.6,87.3,10.7,M,White,0,0,0
63.9,33.9,114.9,84.2,5.6,F,Black,0,0,0
50.7,21.6,135.2,82.9,2.9,F,White,0,0,0
54.2,21.4,121.1,78.7,6.0,F,White,0,0,0
78.6,27.7,128.6,89.4,3.6,M,Hispanic,0,0,0
41.7,35.5,125.4,80.8,3.4,F,White,0,0,0
76.4,25.4,138.0,86.2,8.9,F,White,0,0,0
55.2,25.5,111.2,61.6,3.1,M,Black,0,0,0
70.8,29.6,129.0,81.5,2.6,M,White,0,1,0
34.3,22.3,116.5,86.7,3.6,F,Black,0,0,0
24.0,20.2,142.1,92.3,4.4,M,White,0,0,0
50.3,19.8,103.3,54.9,8.0,F,White,0,0,0
28.6,30.3,138.2,80.4,3.6,F,White,0,0,0
45.6,28.5,119.5,72.3,2.5,F,White,0,0,0
58.7,23.3,121.5,75.4,3.1,M,White,1,0,0
73.1,25.9,158.3,108.9,3.2,M,Black,0,0,1
68.5,26.8,163.9,100.0,1.7,F,White,0,0,0
47.7,22.5,130.4,80.4,5.6,M,Hispanic,0,0,1
78.5,32.4,122.1,75.7,2.7,F,Black,0,0,0
49.9,28.9,115.5,72.2,5.6,M,White,0,0,0
28.9,24.5,130.1,72.5,5.1,M,Asian,0,0,0
24.0,27.4,105.8,69.8,2.9,F,Hispanic,0,0,0
35.6,27.2,122.1,66.4,7.7,F,White,0,0,0
50.2,30.1,125.3,81.1,5.6,M,White,0,0,0
42.4,21.3,92.1,50.1,12.6,F,White,0,0,0
55.1,33.5,147.4,92.9,2.2,F,Black,0,0,0
50.1,32.1,109.5,68.0,5.8,F,Hispanic,0,0,1
56.6,25.0,117.4,72.8,3.1,F,White,0,0,0
49.8,24.1,135.0,73.3,10.2,M,White,0,0,0
37.9,24.4,130.8,77.7,6.2,F,Hispanic,0,0,0
44.2,15.0,108.5,73.8,3.0,F,Asian,0,0,0
33.3,22.6,119.0,66.8,1.4,F,White,0,0,0
55.8,25.0,124.2,75.9,2.9,F,White,0,0,0
47.8,24.1,112.6,72.8,2.7,F,White,0,0,0
44.0,23.7,126.6,69.6,4.9,F,White,0,0,0
53.3,21.2,124.4,63.9,1.8,M,White,0,0,0
58.1,24.8,148.2,91.5,4.5,F,Hispanic,0,0,0
59.9,32.3,129.0,87.1,6.3,M,Hispanic,0,0,0
67.1,27.0,142.1,85.0,7.2,M,White,0,0,0
58.1,27.3,107.2,69.2,2.1,F,White,0,0,0
41.4,27.8,110.5,82.3,4.1,F,Black,0,0,0
68.0,24.9,139.2,92.0,5.1,M,Asian,0,0,1
83.6,32.4,122.0,71.6,2.7,F,White,0,0,1
27.0,25.1,102.5,61.7,3.0,F,White,0,0,0
40.6,28.2,118.3,70.6,2.7,F,White,0,0,0
47.5,26.8,114.4,78.6,3.0,M,Black,0,0,0
90.0,26.4,139.9,97.9,1.8,F,Black,0,0,1
62.7,34.4,142.8,90.8,9.3,M,Hispanic,0,0,0
57.6,17.5,123.4,76.9,5.9,M,White,0,0,0
40.6,29.0,141.6,78.4,6.0,M,White,0,0,0
62.7,28.0,90.3,54.4,7.0,M,White,0,0,0
55.7,28.7,135.6,85.1,8.2,F,Black,0,0,0
34.0,32.3,129.6,78.4,2.5,M,Black,1,0,1
52.0,32.2,113.9,70.7,7.1,M,White,0,0,1
43.4,27.9,118.8,74.9,4.6,F,Other,0,0,1
70.6,27.9,119.0,68.7,12.7,F,White,0,0,0
42.0,23.4,111.7,77.1,4.3,F,White,0,0,0
33.8,30.0,119.0,73.7,2.9,F,Asian,0,0,0
29.1,21.3,113.1,67.9,4.0,M,White,0,0,0
65.5,24.7,141.5,89.4,10.2,M,White,0,0,0
29.6,31.1,129.0,77.8,9.1,F,Asian,0,0,0
58.2,27.7,138.7,90.0,6.0,F,White,0,0,0
49.3,20.5,113.9,70.7,3.1,M,White,0,0,1
68.8,22.1,120.0,77.3,5.3,F,White,0,0,0
36.4,23.2,112.7,70.8,3.9,F,Black,0,0,0
59.0,23.8,129.7,95.3,8.4,F,Hispanic,0,0,0
46.2,19.8,106.5,68.6,4.1,M,White,0,0,0
20.3,19.6,110.7,75.2,11.6,F,Hispanic,0,0,0
90.0,25.0,166.2,110.6,2.3,M,White,0,0,1
63.9,26.3,111.4,68.3,4.8,F,White,0,0,0
49.9,33.5,126.6,85.2,4.1,F,White,0,0,0
56.0,30.5,139.2,95.6,11.0,F,Black,0,0,0
47.1,24.8,128.9,71.2,2.0,F,White,0,0,0
69.7,23.7,113.8,60.5,1.9,F,Hispanic,0,0,0
90.0,20.6,138.7,87.5,2.3,M,White,0,0,0
41.1,31.5,134.1,87.1,8.8,F,White,0,0,1
58.0,17.3,132.3,77.9,8.3,M,Black,0,0,0
52.5,28.0,119.2,72.1,4.5,F,Asian,0,0,0
25.5,18.2,123.5,75.5,3.6,F,Black,0,0,0
69.9,25.6,103.6,60.0,4.1,F,Black,0,1,0
55.0,20.7,143.7,94.3,6.8,M,Hispanic,0,0,0
18.2,26.3,106.5,71.6,5.6,F,White,0,0,0
78.6,28.8,132.6,89.6,14.3,M,White,0,0,0
90.0,24.5,151.9,93.8,1.8,F,Black,0,0,0
78.4,31.5,154.5,97.3,4.3,M,Hispanic,0,0,0
56.8,24.4,122.4,78.2,8.8,F,Hispanic,0,0,0
51.9,28.3,129.2,73.8,9.0,M,Black,0,0,0
60.3,26.1,134.9,85.3,3.5,F,White,0,0,0
49.3,30.0,126.3,79.4,4.0,M,Black,0,0,0
45.5,23.8,115.3,72.1,2.0,F,White,0,0,1
52.3,31.3,123.7,86.9,3.3,F,White,0,0,0
59.9,30.3,125.2,93.4,3.2,M,White,0,0,1
57.1,27.5,103.0,67.3,5.2,F,White,0,0,0
47.5,34.4,136.0,78.4,13.1,F,White,0,0,0
45.6,26.4,128.1,78.9,4.0,M,White,0,0,1
57.6,24.1,99.4,53.9,3.3,F,Black,0,0,0
64.2,32.0,112.2,71.0,1.5,F,Hispanic,0,0,0
55.5,26.1,114.4,82.9,3.7,F,Hispanic,0,0,1
42.3,30.0,129.7,86.7,4.2,F,White,0,0,0
53.3,16.4,102.8,61.5,2.2,M,Black,0,0,1
45.0,27.4,125.1,83.4,7.1,F,Asian,0,0,0
42.8,30.3,121.8,70.2,3.3,M,White,0,0,0
43.8,26.2,119.7,71.4,3.5,F,White,0,0,0
76.9,26.1,124.0,82.8,2.4,F,Black,0,0,0
54.8,30.6,151.6,94.7,7.8,M,Hispanic,0,0,0
76.9,29.2,117.7,74.7,13.7,M,Hispanic,0,0,0
73.9,29.9,106.4,68.5,4.0,F,White,0,0,0
54.1,24.2,101.7,62.5,11.5,F,White,0,0,0
31.1,19.5,138.4,80.3,3.1,M,Black,0,0,0
32.7,22.3,123.6,88.8,2.7,F,White,0,0,0
46.4,26.5,141.3,86.7,4.3,F,White,0,0,0
56.2,20.0,96.9,66.5,4.5,M,Black,0,0,1
44.8,28.4,124.8,76.8,11.6,F,White,0,0,1
59.4,25.8,146.8,98.7,8.5,F,White,0,0,0
58.9,29.0,122.4,85.5,6.9,M,White,0,0,0
70.4,27.3,156.6,103.6,3.0,M,Asian,0,0,1
58.8,23.0,122.8,72.1,3.6,F,Black,0,0,0
27.2,26.1,125.0,82.3,6.0,M,White,1,1,0
18.6,24.5,122.2,75.6,6.6,F,Hispanic,0,0,0
47.1,24.6,131.5,80.6,8.2,F,Black,0,0,0
76.3,34.5,122.1,85.0,1.3,M,Black,0,0,0
41.6,24.7,147.8,91.6,13.5,F,White,0,0,0
79.2,27.8,103.1,56.3,2.3,M,White,0,0,1
36.4,27.1,125.1,76.2,5.5,M,White,0,0,0
59.8,28.7,124.9,83.2,4.5,F,White,0,0,0
47.7,26.3,113.3,73.2,4.5,F,White,0,0,1
77.4,29.4,127.5,70.6,4.9,M,White,0,0,1
50.1,29.9,132.8,78.3,8.9,F,White,0,0,0
75.7,32.0,142.1,77.7,2.0,M,White,0,1,0
63.0,30.5,128.8,94.9,2.4,F,Black,0,0,0
40.7,31.1,126.2,87.2,4.2,M,White,0,0,0
62.3,29.5,142.2,92.1,4.0,M,White,0,0,0
60.8,29.5,110.5,62.1,2.0,F,Hispanic,0,0,0
73.5,34.8,137.2,80.9,6.4,F,Other,0,0,0
67.3,28.7,155.2,100.0,5.6,F,Black,0,0,0
38.4,31.9,125.4,75.6,5.6,F,White,0,0,0
48.4,31.0,126.8,70.4,15.1,F,White,0,0,0
64.6,31.7,122.3,70.0,5.8,M,White,0,0,0
52.1,30.3,155.8,98.0,4.3,M,Hispanic,0,0,0
68.7,26.6,115.7,73.9,5.0,M,White,0,0,0
60.4,28.2,131.4,81.1,7.7,F,White,0,0,0
66.9,25.1,107.7,60.8,5.9,F,Black,0,0,0
47.0,19.7,130.5,76.2,3.1,M,Hispanic,0,0,0
56.1,24.0,111.0,68.7,5.7,M,White,0,0,0
55.6,26.1,144.6,84.5,4.4,M,White,0,0,0
88.0,28.7,126.5,80.7,2.4,F,Black,0,0,0
70.8,22.7,138.3,91.7,4.3,F,White,0,0,1
78.1,18.3,126.2,78.4,5.6,F,Asian,0,0,0
36.8,26.8,108.4,68.5,2.4,F,White,0,0,0
78.4,29.5,148.2,89.3,4.5,M,Hispanic,0,0,0
33.0,27.4,123.4,75.5,5.7,F,Hispanic,0,0,0
45.2,24.9,114.7,80.4,5.2,F,Black,0,0,0
66.9,28.1,94.2,57.0,4.7,F,White,0,0,0
59.2,15.0,115.2,60.5,3.6,M,Hispanic,0,0,0
51.6,29.7,131.1,83.2,4.0,F,White,0,0,0
78.0,28.9,118.2,76.2,2.9,F,Hispanic,0,0,0
36.4,21.0,124.0,79.2,2.8,M,White,0,0,0
49.6,31.0,137.8,86.2,6.5,M,White,0,0,0
42.1,22.8,117.8,68.7,1.8,M,White,0,0,0
57.8,21.9,107.1,69.6,1.8,F,Hispanic,0,0,1
28.0,28.6,85.0,59.5,1.4,M,Hispanic,0,0,0
49.1,22.4,135.3,81.7,2.6,M,Black,0,0,0
47.1,32.0,119.9,72.2,4.0,M,Black,0,0,0
83.5,33.0,121.9,68.6,5.0,F,White,0,0,0
53.2,31.2,119.9,75.9,8.2,F,Black,0,0,0
71.4,25.5,109.8,55.0,17.6,M,White,0,0,0
82.6,30.0,122.2,68.3,3.2,F,White,0,0,0
58.9,21.0,132.7,90.2,4.6,F,Hispanic,0,0,0
40.2,33.1,132.3,71.4,1.6,F,White,0,0,0
51.6,20.9,129.9,79.4,3.7,M,White,0,0,1
48.9,28.7,136.1,81.6,7.1,M,Black,0,0,0
77.1,29.9,130.8,85.1,1.4,F,White,0,0,1
68.2,24.7,127.6,81.7,3.3,M,Black,0,0,0
46.3,25.3,134.6,80.7,2.3,M,White,0,0,1
72.4,23.9,137.7,82.2,3.3,F,Hispanic,0,0,0
29.4,33.4,122.3,71.2,5.8,M,White,0,1,0
51.7,21.3,114.1,72.5,1.4,F,White,0,0,0
49.5,23.4,106.8,69.4,6.1,F,Black,0,0,0
78.4,26.7,114.8,73.5,3.9,F,White,0,0,0
87.8,32.2,146.9,92.0,2.4,M,White,0,0,0
71.4,29.6,132.8,82.3,2.9,F,Black,0,0,0
67.4,26.0,149.2,88.7,4.0,F,White,0,0,0
40.1,30.0,91.9,64.6,5.9,F,Black,0,0,0
56.9,23.6,128.2,75.5,4.1,M,White,0,0,0
42.4,26.4,99.2,65.3,2.3,F,Hispanic,0,0,1
63.3,32.2,124.4,79.3,8.7,M,White,0,0,1
76.3,24.5,121.0,69.8,7.0,F,White,0,0,1
30.2,31.8,122.7,64.1,10.4,M,Hispanic,0,0,1
39.6,20.3,125.0,67.9,2.3,M,White,0,0,0
54.0,23.0,116.9,68.8,2.8,M,White,0,0,0
90.0,23.4,133.3,83.5,4.0,F,White,0,0,1
68.5,32.9,148.0,105.2,8.7,F,White,0,0,0
63.2,23.7,135.6,83.1,5.7,F,White,0,0,1
48.8,27.1,124.7,78.7,14.2,M,Hispanic,0,0,0
42.7,20.5,97.6,57.8,4.2,M,White,0,0,0
77.1,28.7,138.2,77.9,8.0,M,White,0,0,0
49.1,28.5,127.6,85.6,5.5,F,Hispanic,0,0,1
85.9,30.8,136.2,76.2,5.0,F,White,0,0,0
54.9,28.8,140.1,87.0,6.8,F,White,0,0,0
50.4,30.0,108.2,61.6,6.2,F,Black,0,0,0
44.8,24.4,109.8,72.5,4.6,M,Black,1,0,0
82.7,29.2,138.6,88.8,6.0,M,Black,0,0,1
82.9,28.6,115.9,82.6,2.3,M,Hispanic,0,0,0
62.6,23.1,125.2,73.3,3.9,F,White,0,0,1
61.6,25.8,121.1,69.6,12.2,M,Asian,0,0,0
40.1,21.4,108.3,76.2,4.1,F,White,0,0,0
37.5,29.8,123.6,79.7,5.1,M,Hispanic,0,0,1
34.7,24.4,132.0,92.9,11.2,F,White,0,0,0
34.0,27.4,133.8,83.2,3.8,F,White,0,0,0
57.3,23.9,126.2,67.8,9.2,M,Black,0,0,0
58.3,29.8,138.8,87.7,3.7,F,White,0,0,1
60.6,27.8,160.1,110.8,10.6,F,White,0,0,0
59.9,22.0,133.0,75.6,11.3,M,White,0,0,0
58.2,23.7,120.0,71.5,2.5,F,Hispanic,0,0,0
73.2,20.8,124.7,82.0,5.3,F,White,0,0,0
55.1,24.0,117.6,66.5,3.4,M,White,0,0,0
27.2,21.2,108.3,63.1,7.6,M,White,0,0,1
51.2,27.8,142.4,88.4,4.0,F,Asian,0,0,0
61.3,20.4,139.5,90.0,3.4,F,Black,0,0,0
62.4,23.8,106.1,71.5,6.5,F,White,0,0,0
29.9,19.7,114.3,79.8,2.8,F,Hispanic,0,0,0
71.8,26.1,164.6,96.0,10.2,M,Hispanic,0,0,0
55.0,26.0,102.9,77.0,3.7,F,Black,0,0,0
54.8,29.3,128.6,84.2,4.3,M,Other,0,0,0
52.0,25.4,124.7,77.2,3.1,M,White,0,0,0
23.3,28.1,97.0,54.4,5.3,F,Black,0,0,0
54.1,24.5,137.2,90.5,1.5,M,Black,0,0,0
90.0,28.3,130.8,79.6,1.9,M,White,0,0,0
69.2,22.1,146.2,90.5,2.4,F,White,0,0,1
58.4,23.0,140.8,93.2,5.2,F,Hispanic,0,0,1
81.9,26.1,138.8,92.8,12.3,M,Asian,0,0,0
83.3,33.7,121.5,74.4,2.8,F,Hispanic,0,0,0
28.0,20.8,108.9,68.5,2.2,F,Black,0,0,0
65.4,22.5,123.6,73.6,6.9,F,White,0,0,0
34.6,24.9,144.8,85.3,4.0,F,Black,0,0,0
51.3,19.2,115.7,74.8,1.9,F,White,0,0,0
68.5,28.1,130.4,88.0,3.6,F,White,0,0,0
71.1,26.3,139.1,91.1,3.1,M,White,0,0,0
69.1,30.7,140.7,90.2,5.6,M,White,0,0,0
38.0,29.9,144.5,76.5,10.2,M,White,0,0,0
32.2,24.7,126.3,77.2,6.3,F,Hispanic,0,0,0
22.4,21.6,88.6,52.0,8.5,F,White,1,0,0
68.1,21.1,107.1,66.6,5.5,M,Black,0,0,0
53.8,22.5,129.5,81.6,3.3,M,White,0,0,0
39.9,25.8,108.1,74.7,6.9,M,White,0,0,1
52.3,20.4,139.6,88.0,9.7,M,White,0,0,0
40.4,16.7,134.3,80.3,7.2,M,White,0,0,0
69.0,26.4,119.6,66.9,4.9,F,White,0,0,0
63.2,34.2,138.7,95.1,2.7,F,White,0,0,1
18.0,29.5,118.2,64.3,6.7,M,White,0,0,0
52.6,19.4,134.4,92.1,2.0,F,Black,0,0,0
64.9,30.9,144.2,82.9,9.4,M,White,0,0,0
37.0,25.3,132.4,90.4,3.2,F,White,0,0,0
57.0,27.6,134.9,87.8,2.6,M,White,0,0,0
71.8,22.5,149.3,93.0,3.1,F,Black,0,0,1
27.7,21.1,129.1,80.0,7.0,F,Hispanic,0,0,0
69.6,31.5,149.4,95.5,1.3,F,White,0,0,0
33.1,25.0,119.5,83.9,5.0,F,White,0,0,0
37.6,30.9,97.8,69.7,1.5,F,White,0,0,0
55.9,25.2,116.7,72.3,3.0,M,Hispanic,0,0,1
27.4,26.3,114.3,62.8,2.7,M,Black,0,0,0
30.5,21.7,114.7,69.2,4.7,M,White,0,0,0
74.9,27.8,127.7,83.1,3.9,F,White,0,0,0
58.5,27.2,127.7,80.0,4.4,M,White,0,0,0
48.2,23.5,101.2,62.8,5.7,F,White,0,0,0
35.8,24.9,147.1,84.9,6.3,M,Asian,0,0,0
44.4,23.3,117.9,71.4,3.2,F,White,0,0,0
51.9,24.4,122.9,77.6,3.1,M,Black,0,0,0
52.1,28.7,131.4,85.2,4.3,M,Black,0,0,0
77.8,28.6,121.6,73.9,4.7,F,White,0,0,0
48.9,28.0,118.4,80.9,4.2,M,White,0,0,0
74.1,27.9,139.3,77.9,12.1,F,Asian,0,0,0
90.0,26.1,116.8,72.6,2.5,M,Black,0,0,1
62.4,25.7,123.4,73.4,2.7,F,White,0,0,0
69.1,25.5,127.9,86.8,2.7,M,Black,0,0,0
67.5,29.7,126.6,75.7,10.4,M,Hispanic,0,0,0
52.3,26.3,129.7,80.2,8.6,M,White,0,0,0
70.5,30.9,143.1,92.4,12.5,F,White,0,0,0
76.8,22.8,134.5,74.9,6.2,F,Black,0,0,0
57.6,29.4,114.4,65.0,4.4,M,White,0,0,1
86.1,23.4,124.0,79.2,3.0,F,White,0,0,1
45.6,27.0,145.7,92.3,3.6,M,White,0,0,0
31.6,21.0,99.4,61.4,1.8,F,Black,0,0,0
58.8,32.9,124.2,76.9,9.0,M,White,0,0,0
44.8,31.4,141.2,90.4,1.5,F,Hispanic,0,0,0
82.9,28.9,136.9,78.6,1.7,F,Asian,0,0,0
57.1,32.1,153.6,99.7,4.0,M,White,0,0,0
46.3,24.3,127.6,72.6,3.6,M,White,0,0,0
71.4,30.9,136.6,90.5,7.2,M,White,0,0,0
49.6,27.9,113.9,77.6,1.9,F,White,0,0,0
42.3,25.5,113.2,66.8,4.3,M,White,0,0,0
62.1,27.9,146.9,79.9,3.8,M,White,0,0,0
42.4,18.4,134.6,86.9,4.0,F,White,0,0,0
44.7,25.4,115.3,75.4,8.1,M,White,0,0,0
38.0,19.8,118.7,75.0,1.9,F,Black,0,0,0
64.0,25.7,140.3,84.6,3.4,M,Asian,0,0,1
49.6,31.7,118.9,69.6,3.5,F,Black,0,0,0
30.8,25.2,102.7,56.8,4.1,M,White,0,0,0
67.1,24.3,141.6,94.9,2.6,F,Hispanic,0,0,1
37.8,30.8,114.1,83.5,2.9,F,Black,0,0,0
70.9,21.4,140.1,81.2,1.9,M,White,0,0,1
78.4,22.2,153.9,106.6,3.4,F,Black,0,1,0
44.9,22.9,103.8,69.6,4.1,M,White,0,0,0
40.6,19.9,134.7,81.6,7.5,M,Hispanic,0,0,0
68.7,23.8,138.9,95.7,5.0,M,White,0,0,1
54.4,22.9,108.1,74.6,2.3,M,White,0,0,0
60.6,25.1,109.4,79.4,2.7,F,Other,0,0,1
39.9,26.4,111.4,81.1,4.7,F,Other,0,0,0
55.0,20.5,120.7,78.6,2.9,M,White,0,0,0
43.9,30.7,148.0,104.9,4.5,M,White,0,0,0
61.8,28.5,114.3,68.7,3.2,F,Asian,0,0,0
63.2,27.1,124.0,71.7,7.2,F,Hispanic,0,0,0
45.8,24.5,132.3,85.0,10.1,M,White,0,0,0
67.6,24.0,108.3,76.2,2.0,M,Black,0,0,0
74.6,26.8,162.2,105.2,2.5,F,White,0,0,0
31.7,15.3,114.6,66.7,2.5,F,Black,0,0,0
77.1,29.1,146.7,97.4,2.3,M,White,0,0,0
29.9,20.7,109.1,70.6,4.9,M,Black,0,0,0
45.1,18.1,127.1,88.8,2.3,M,White,0,0,0
49.8,27.5,150.0,85.3,3.2,F,Black,0,0,0
55.2,21.1,125.8,86.3,5.6,M,Hispanic,0,0,0
53.4,26.7,106.0,61.6,6.6,M,White,0,0,0
34.8,31.1,130.6,91.9,14.0,F,Black,0,0,0
56.4,21.1,124.6,78.6,6.8,M,White,0,0,0
35.5,30.9,137.3,88.5,5.2,M,Asian,0,0,0
56.7,21.1,119.0,80.2,3.8,F,Black,0,0,0
90.0,28.8,146.9,88.9,4.3,M,Black,0,0,0
61.6,24.8,113.9,82.5,2.4,F,Other,0,0,0
58.6,25.6,116.4,76.0,4.1,F,White,0,0,1
75.3,29.8,131.4,81.1,3.8,F,White,0,0,0
65.1,21.0,112.2,55.4,4.0,F,Black,0,0,0
90.0,27.6,121.6,71.5,3.9,F,White,0,0,0
61.3,30.5,144.6,97.3,3.7,F,Asian,0,0,0
53.6,32.7,119.0,69.6,3.3,F,White,0,0,0
54.1,17.1,131.1,82.2,2.2,F,Hispanic,0,0,0
37.1,23.1,124.2,76.0,4.3,M,Hispanic,0,0,0
60.4,27.2,136.6,87.0,5.7,F,Black,0,0,1
18.4,29.4,103.3,71.1,1.3,F,White,0,0,0
33.0,30.9,114.0,70.3,5.2,F,White,0,0,0
28.5,23.3,127.3,81.7,4.4,M,White,0,0,0
59.4,24.0,105.6,72.1,2.8,F,White,0,0,0
71.6,26.8,135.9,96.1,3.6,F,Black,0,0,1
27.2,27.1,108.4,71.6,4.3,F,Hispanic,0,0,0
50.7,27.2,147.2,91.6,3.7,M,Asian,0,0,0
28.0,28.5,121.3,76.2,2.9,F,White,0,0,0
56.4,30.8,143.3,96.7,5.2,F,Hispanic,0,0,0
53.3,31.7,143.6,85.4,7.1,F,White,0,0,0
70.7,19.1,148.7,92.5,4.2,F,Hispanic,0,0,1
55.5,30.4,128.2,74.0,4.5,M,White,0,1,1
67.4,27.9,139.9,91.4,1.3,M,Other,0,0,0
25.1,30.0,123.2,62.6,3.1,M,Other,0,0,0
52.6,24.2,105.0,56.8,2.7,F,White,0,0,0
50.7,28.3,121.8,73.0,11.9,F,Asian,0,0,0
37.6,21.7,133.4,90.6,10.4,F,Black,0,0,0
56.1,26.9,124.6,70.9,5.9,F,Black,0,0,0
53.0,29.6,127.8,74.0,5.3,M,White,0,0,0
26.2,24.4,113.7,79.0,4.0,M,Asian,0,0,1
44.0,25.8,123.9,67.4,3.1,M,White,0,0,0
63.8,31.4,113.9,78.0,4.3,M,White,0,0,0
48.9,19.9,147.2,88.9,10.1,F,Black,0,0,0
33.7,23.4,125.4,70.5,3.1,F,White,0,0,0
90.0,26.0,135.7,82.1,3.6,M,White,0,0,1
58.2,27.7,142.6,81.8,15.6,F,Hispanic,0,0,1
90.0,25.2,141.5,89.4,7.7,M,White,0,0,1
54.7,21.7,114.1,77.6,8.7,F,White,0,0,0
87.1,28.7,118.6,74.1,7.8,F,White,0,0,0
52.7,25.8,119.8,68.0,1.9,F,White,0,0,0
48.9,28.8,130.8,78.3,1.2,F,Hispanic,0,0,0
54.4,30.1,103.6,62.6,1.5,F,Black,0,0,0
48.1,21.7,108.5,68.8,11.4,M,Hispanic,0,0,1
74.3,27.9,132.6,84.3,5.8,F,Black,0,0,1
80.7,29.3,138.4,103.7,4.9,F,Other,0,0,0
72.3,25.6,129.2,87.0,2.8,F,Black,0,0,0
36.0,24.2,136.3,79.6,2.9,F,Hispanic,0,0,0
54.1,29.6,135.0,80.4,14.9,F,White,0,0,1
45.4,28.9,124.6,83.5,3.9,F,White,0,0,1
66.0,26.1,122.0,77.9,6.4,F,White,0,0,0
65.4,28.9,140.3,85.4,2.3,F,White,0,0,0
67.3,20.5,116.9,73.4,6.3,M,Hispanic,0,0,0
90.0,30.7,151.5,92.5,4.3,M,Hispanic,0,0,0
55.6,22.8,130.1,82.6,3.9,F,White,0,0,1
34.3,33.9,118.1,75.6,2.8,M,White,0,0,0
61.2,26.9,126.6,74.4,2.7,F,White,0,0,0
60.7,25.5,102.8,62.6,3.5,F,Black,0,0,0
79.3,20.6,130.5,74.0,2.7,F,Black,0,0,1
70.8,21.1,126.9,81.8,7.1,M,White,0,1,0
50.3,26.5,110.9,69.2,1.6,F,White,0,0,0
88.0,28.0,138.8,76.2,3.0,M,White,0,0,0
53.4,31.7,140.6,86.8,10.2,F,Black,0,0,0
54.1,22.8,129.5,81.7,4.3,F,White,0,0,1
90.0,34.9,144.8,88.5,4.2,M,Hispanic,0,0,0
67.3,23.2,125.7,81.8,9.9,F,Black,0,0,0
38.8,30.5,116.0,72.2,2.4,M,White,0,0,0
55.2,27.7,131.1,92.3,5.9,M,Hispanic,0,0,0
90.0,17.8,143.0,90.6,3.7,F,White,0,0,0
87.1,26.3,143.1,85.3,7.5,M,White,0,0,1
42.3,28.1,108.2,73.0,2.9,F,Black,0,0,0
37.0,25.2,104.0,68.1,7.1,F,White,0,0,0
63.7,21.9,125.1,74.2,2.8,F,White,0,0,0
50.8,16.6,130.2,67.1,1.5,F,White,0,0,0
51.0,31.5,146.7,93.8,2.7,F,Black,0,0,0
58.9,18.2,109.0,64.7,4.2,F,Hispanic,0,0,0
51.6,24.7,125.9,80.9,6.4,F,Asian,0,0,0
59.2,30.6,151.1,95.2,8.0,F,White,0,0,1
58.8,22.4,108.8,77.1,5.8,M,Hispanic,0,0,0
35.6,23.8,110.9,51.3,3.5,F,Other,0,0,0
60.0,28.3,139.6,89.7,5.1,M,Asian,1,0,0
31.3,30.0,108.7,70.6,2.0,M,Black,0,0,0
48.2,30.4,117.0,79.3,2.3,F,Other,0,0,0
59.0,28.9,113.9,72.7,10.4,F,White,0,0,1
56.4,27.8,115.1,69.1,2.0,M,White,0,0,1
70.5,23.0,85.0,55.7,2.5,M,White,0,0,1
82.7,32.6,154.2,95.3,2.0,M,White,0,0,1
18.0,22.8,112.9,72.7,8.0,F,White,0,0,0
47.6,20.6,149.4,97.4,4.2,F,Black,0,0,0
64.6,20.1,147.8,93.2,3.2,M,White,0,0,0
50.3,26.8,148.0,89.6,6.3,F,Asian,0,0,0
29.8,26.2,122.0,70.7,2.0,F,White,0,0,0
68.5,22.0,130.8,89.6,2.0,M,White,0,0,1
52.0,16.6,123.5,79.7,6.6,F,Hispanic,0,0,0
74.4,25.9,147.0,83.1,4.0,M,White,0,0,1
58.8,31.0,139.9,90.6,3.6,M,White,0,0,0
28.0,29.0,106.0,77.8,9.2,M,White,0,0,1
29.7,31.5,127.7,78.7,5.7,M,White,0,0,0
45.1,31.0,94.3,60.6,6.8,F,White,0,0,0
37.2,28.9,92.2,58.9,4.5,F,White,0,0,0
61.7,27.5,120.5,73.0,5.0,F,White,0,0,0
69.5,24.4,114.9,81.2,6.5,M,White,0,0,1
72.8,26.4,158.9,98.7,1.9,F,Asian,0,0,0
54.6,29.5,125.5,78.0,3.1,M,Asian,0,0,0
54.7,26.0,121.3,84.0,4.3,M,White,0,0,0
45.4,26.1,122.6,78.0,5.3,M,White,0,0,1
55.6,30.0,114.9,79.7,2.9,M,Other,0,0,0
50.6,32.1,130.6,73.3,8.2,F,White,0,0,1
41.3,27.9,139.7,83.0,2.8,F,White,0,0,0
75.5,29.0,157.2,102.2,3.6,F,White,0,0,0
87.1,32.4,131.7,92.3,2.7,M,Black,0,0,0
44.5,31.0,136.0,85.6,7.9,F,White,0,0,0
62.0,29.4,129.2,86.5,3.9,M,White,0,0,0
50.0,27.9,138.6,90.8,6.6,F,Asian,0,0,0
65.4,34.2,148.2,97.7,2.5,F,Asian,0,0,1
65.2,25.8,120.4,69.9,4.0,F,White,0,0,0
59.4,26.1,121.5,70.0,4.3,F,White,0,0,0
47.5,22.5,122.9,91.6,3.6,M,Black,0,0,1
63.9,32.9,122.7,62.6,2.2,M,White,0,0,0
46.8,26.9,125.6,75.8,2.5,F,White,0,0,0
31.0,29.6,131.6,82.6,3.5,F,White,0,0,0
74.5,24.3,156.1,96.6,3.4,F,Hispanic,0,0,1
57.8,24.4,126.1,75.7,9.7,M,White,0,0,0
52.9,32.2,117.0,70.8,3.9,F,White,0,0,0
45.4,22.3,126.2,77.6,4.4,M,Other,0,0,0
59.1,26.2,129.8,76.9,3.2,F,Asian,0,1,0
65.1,30.9,109.1,73.2,3.4,M,Other,0,0,1
46.6,30.5,131.9,84.4,5.0,F,Asian,0,0,1
60.3,31.2,138.6,71.2,6.3,F,White,0,0,0
39.9,23.7,97.0,56.3,1.9,F,White,0,0,0
39.2,24.1,109.1,67.3,1.8,M,Hispanic,0,0,0
67.3,18.2,122.3,82.8,5.7,M,White,0,0,0
47.3,24.1,114.8,65.9,5.5,M,White,0,0,0
54.3,25.5,122.2,80.0,4.7,F,Black,0,0,0
36.4,30.4,134.8,71.9,9.2,F,White,0,0,0
58.7,20.6,98.5,66.0,9.1,F,Hispanic,0,0,1
58.4,25.2,163.5,93.8,5.9,F,White,0,0,0
49.0,24.7,108.3,71.0,5.1,M,White,0,0,0
77.6,28.5,151.1,91.7,3.9,M,White,0,0,0
43.8,32.4,132.7,77.7,2.3,F,Hispanic,0,0,0
90.0,23.8,116.0,82.2,9.0,F,White,0,0,0
18.0,21.0,140.3,98.2,3.6,F,White,0,0,0
90.0,32.6,137.2,80.7,7.7,M,White,0,0,1
65.9,27.9,132.9,91.1,1.7,F,White,0,0,1
52.5,18.5,118.9,74.3,4.4,M,White,0,0,0
44.8,24.5,132.5,85.2,7.0,F,White,0,0,0
43.9,17.1,114.1,75.2,4.5,F,Black,0,0,0
48.1,23.1,142.0,93.1,2.4,M,White,0,0,0
33.0,28.3,115.9,75.6,5.2,M,Asian,0,0,0
60.6,20.7,127.7,89.4,6.7,F,White,0,1,0
32.2,26.8,142.3,87.6,7.9,F,White,0,0,0
49.1,20.5,116.7,74.5,4.1,F,White,0,0,0
85.5,31.9,129.2,78.1,5.0,M,White,0,0,0
52.1,31.8,104.0,55.5,5.0,M,White,0,0,0
35.5,25.7,122.5,73.3,11.5,M,White,0,0,0
50.1,28.7,114.5,81.5,2.8,M,Other,0,0,0
50.0,23.2,124.5,76.8,2.2,F,White,0,0,0
49.1,23.8,110.6,59.8,2.8,M,Hispanic,0,0,1
39.6,26.5,119.9,74.8,5.0,F,White,0,0,0
26.6,27.4,122.8,76.5,3.7,F,Asian,0,0,0
28.0,20.7,127.9,78.8,5.9,F,White,0,0,0
79.7,22.9,117.0,70.7,5.3,F,White,0,0,1
46.4,32.2,143.4,92.2,1.5,F,Hispanic,0,0,0
70.4,31.4,124.0,70.8,5.4,M,White,0,0,0
64.9,26.0,134.3,86.9,5.3,M,Black,0,0,0
46.5,26.6,136.1,91.7,9.4,F,Black,0,0,0
46.0,24.5,130.0,72.7,14.9,M,White,0,0,0
68.1,25.7,151.6,85.8,7.5,M,Black,0,0,0
57.6,29.1,132.4,91.4,9.0,M,White,0,0,0
74.5,23.7,125.2,76.3,5.3,F,Black,0,0,1
59.5,31.4,135.7,92.1,6.1,M,White,1,0,1
54.9,28.0,125.7,65.3,3.9,M,Black,0,0,0
68.8,29.4,135.6,90.5,4.9,F,Hispanic,0,0,1
69.4,28.7,143.7,79.8,4.1,F,Hispanic,0,0,0
52.1,22.0,127.5,86.3,5.5,F,White,0,0,0
34.7,28.6,127.6,80.7,14.2,M,Hispanic,0,0,1
59.2,27.7,105.9,66.1,4.2,F,Other,0,0,0
50.5,24.0,126.9,79.3,3.4,F,White,0,0,1
72.8,32.7,149.5,101.9,2.2,M,White,0,0,0
56.1,33.4,105.5,61.0,1.6,M,White,0,0,0
53.2,27.4,130.6,75.8,4.1,M,White,0,0,0
66.4,24.2,119.9,73.7,2.0,M,White,0,0,0
38.2,33.5,105.8,58.2,5.0,M,White,0,0,0
80.2,31.0,144.5,86.4,8.3,M,White,0,0,1
37.1,22.1,111.5,66.7,4.3,M,White,0,0,0
26.8,29.3,105.6,63.0,5.4,F,White,0,0,1
65.6,27.7,138.8,82.0,13.9,F,White,0,0,0
42.2,30.4,104.4,70.6,6.4,F,White,0,0,0
64.9,28.9,132.0,79.4,3.9,F,Asian,0,0,0
83.0,23.2,124.2,77.9,5.0,F,White,0,0,0
41.6,23.7,103.0,66.2,11.1,M,Asian,0,0,0
60.3,29.9,117.2,63.2,1.5,F,Other,0,0,0
61.9,27.1,139.5,82.7,2.2,F,Black,0,0,0
67.3,28.8,131.0,90.3,2.3,F,White,0,0,0
47.9,22.4,111.2,71.0,4.9,M,Hispanic,0,0,0
57.1,19.8,114.8,65.1,4.4,F,White,0,0,0
62.7,16.1,103.7,62.9,9.1,M,Hispanic,0,0,0
78.9,32.1,132.0,76.6,4.4,M,Hispanic,0,0,0
24.7,25.7,123.9,88.7,2.0,M,White,0,0,0
56.4,26.4,117.9,80.9,3.4,F,White,0,0,0
78.6,22.5,126.4,88.2,1.5,F,White,0,0,1
37.8,31.0,103.3,57.3,5.6,F,White,0,0,0
44.8,28.4,110.4,74.0,4.5,M,Asian,0,0,1
36.1,28.2,110.7,67.0,4.3,M,White,0,0,0
71.5,30.5,143.0,88.2,3.4,F,Black,0,0,0
61.3,28.3,112.3,63.2,3.8,F,Black,0,0,1
59.4,30.3,139.3,90.4,10.6,F,White,0,0,0
84.5,26.5,161.1,113.2,17.7,M,White,0,0,1
55.0,26.6,136.4,81.9,1.9,M,Black,0,0,0
72.4,26.0,147.2,92.5,4.1,M,Black,0,0,1
32.4,18.9,111.8,77.7,4.9,F,Black,0,0,0
70.7,22.5,141.6,91.8,2.1,F,White,0,0,0
64.6,32.7,118.5,70.1,3.9,M,White,0,0,0
42.7,24.9,146.7,82.9,3.6,F,White,0,0,0
76.0,28.3,143.3,93.1,1.1,F,Black,0,0,0
84.9,21.7,118.9,78.3,3.5,M,Other,0,0,0
64.7,32.8,124.9,75.2,3.2,M,White,0,0,0
58.6,26.0,133.8,82.2,9.4,M,White,0,0,0
56.9,28.7,102.0,61.5,5.6,M,White,0,0,0
51.8,26.4,136.0,84.3,5.4,M,White,0,1,0
47.6,27.8,130.1,84.6,9.8,F,White,0,0,0
51.1,25.8,134.3,87.7,6.6,M,White,0,0,0
84.4,27.1,155.6,91.4,4.2,F,White,0,0,1
80.8,26.9,135.0,88.6,2.6,M,White,0,0,0
52.3,26.7,149.4,96.2,6.6,M,Other,0,0,0
68.5,23.6,135.4,77.4,4.5,F,Black,0,0,0
67.0,27.9,113.9,73.7,2.5,M,White,0,0,1
42.4,26.4,133.0,76.8,1.7,F,White,0,0,0
41.7,25.1,100.7,64.1,5.0,M,Black,0,0,0
78.5,25.6,113.0,65.9,1.7,F,White,0,0,0
46.4,26.5,109.3,72.8,2.8,F,Hispanic,0,0,0
58.8,19.1,122.0,75.0,3.5,M,White,0,0,0
29.1,23.1,137.8,76.5,3.5,F,White,0,0,0
55.1,27.1,112.9,75.7,5.1,M,Hispanic,0,0,1
56.6,26.1,119.2,71.1,5.0,M,Black,0,0,0
26.6,21.1,98.9,61.4,2.5,F,Black,0,0,0
62.1,26.9,123.2,64.5,3.3,F,White,0,0,1
45.7,23.2,138.0,87.1,3.7,M,White,0,0,1
58.2,26.2,136.3,90.2,6.0,M,White,0,0,1
34.6,26.4,101.2,62.0,3.1,M,White,0,0,0
33.0,21.8,132.0,82.6,4.7,M,Black,0,0,0
76.2,20.0,114.8,63.4,9.3,F,Hispanic,0,0,1
58.8,25.7,104.2,62.9,4.8,F,White,0,0,0
53.2,30.7,153.6,89.5,6.9,M,Black,0,0,0
49.2,25.0,136.0,73.0,2.4,M,White,0,0,1
54.2,22.0,138.3,95.8,2.5,F,White,0,0,0
38.7,20.2,97.6,66.8,2.6,M,White,0,0,0
56.9,23.1,114.1,70.2,4.0,M,White,0,0,0
42.2,20.0,111.6,70.8,4.5,M,White,0,0,1
49.2,21.5,117.6,72.8,2.9,F,White,0,0,0
51.2,22.0,121.1,78.8,6.0,F,Black,0,0,0
60.3,31.2,151.5,91.5,9.8,F,White,0,0,0
34.7,18.0,132.7,94.8,3.6,M,White,0,0,0
62.9,30.0,134.3,86.4,4.2,F,White,0,0,0
36.2,22.8,150.5,93.1,2.1,M,Black,0,0,0
59.8,23.0,137.4,86.8,1.2,M,Hispanic,0,0,0
43.3,22.4,121.8,73.6,9.1,F,Black,0,0,0
51.5,30.3,111.0,56.2,2.6,M,Hispanic,0,0,0
60.8,27.9,108.5,69.0,7.4,M,White,0,0,0
39.1,30.7,137.2,79.3,4.3,M,White,0,0,0
18.0,25.0,121.9,83.5,3.0,M,White,0,0,0
45.0,26.1,120.4,79.4,3.5,M,Hispanic,0,0,0
67.3,29.0,118.1,74.4,2.7,F,Black,0,0,0
68.8,22.6,124.2,87.6,1.5,F,Black,0,0,0
58.8,21.0,118.5,73.6,6.6,M,White,0,0,0
46.5,27.6,91.4,59.7,3.3,F,White,0,0,0
57.5,19.6,146.2,90.0,3.1,F,Hispanic,0,0,0
65.1,28.7,151.6,92.8,2.7,F,White,0,0,1
76.6,21.5,121.1,74.4,2.2,F,White,0,0,1
61.0,25.9,117.7,77.9,2.1,M,White,0,0,0
34.4,26.9,113.7,65.4,2.7,M,Black,0,0,0
69.7,25.2,130.1,81.7,9.3,M,White,0,0,1
76.8,31.7,131.9,86.5,6.8,M,White,0,0,0
43.4,19.1,124.3,77.1,6.7,M,White,0,0,0
69.2,32.2,151.6,96.9,1.5,M,White,0,0,1
45.4,21.5,130.7,76.3,9.7,F,White,0,0,0
20.8,22.5,108.5,74.0,2.7,M,Black,0,0,1
52.6,15.2,114.9,66.4,2.8,F,Black,0,0,0
73.9,25.8,130.9,74.4,4.5,M,Hispanic,0,0,0
73.7,25.9,154.9,98.8,12.5,M,White,0,0,1
57.0,23.8,138.4,86.6,7.0,F,White,0,0,1
53.6,25.3,150.4,92.1,6.7,F,Asian,0,0,0
61.1,31.0,132.6,77.7,6.2,M,Hispanic,0,0,0
52.1,31.7,144.4,90.9,4.5,F,White,0,0,0
55.5,25.5,135.5,81.6,3.8,M,Black,0,0,1
67.3,31.0,130.1,90.0,1.6,M,White,0,0,0
51.6,23.5,123.6,80.4,5.5,M,White,0,0,0
45.9,26.7,129.0,71.4,2.8,F,White,0,0,0
69.2,24.0,102.1,57.0,3.0,M,Hispanic,0,0,0
62.6,22.4,116.0,74.2,11.0,M,Black,0,0,1
19.0,24.9,108.3,56.3,2.0,F,White,0,0,0
55.3,23.3,122.9,80.7,7.8,F,Black,0,0,1
43.9,22.9,133.1,80.5,3.3,M,Black,0,0,0
53.3,27.0,120.9,80.4,3.5,F,White,0,0,0
84.4,25.0,162.9,103.4,4.7,M,White,0,0,0
51.6,26.4,120.4,75.8,4.3,F,White,0,0,1
76.2,30.4,143.5,89.6,8.3,M,White,0,0,1
67.7,26.2,121.1,85.1,2.2,F,Black,0,0,1
53.7,27.9,124.5,70.5,14.2,M,White,0,0,0
56.4,27.3,120.7,66.4,13.7,M,White,0,0,0
49.7,28.7,136.9,90.0,7.7,M,White,0,0,0
52.4,22.4,128.3,74.8,6.1,M,White,0,0,0
90.0,32.1,142.4,88.8,4.2,F,Black,0,0,0
90.0,26.7,141.9,89.6,6.0,F,White,0,0,0
52.2,25.0,132.1,86.2,5.9,M,White,0,0,0
38.7,26.4,130.3,88.2,5.9,M,White,0,0,0
72.4,20.2,142.8,89.4,7.5,F,White,0,0,0
64.6,19.0,119.0,64.9,6.9,M,White,0,0,0
55.9,25.7,144.8,101.6,3.3,M,White,0,0,0
18.0,29.9,99.1,60.0,3.9,F,White,0,0,0
54.5,29.8,105.8,61.2,6.7,F,Black,0,0,0
51.6,21.8,135.9,92.3,1.5,F,White,0,0,0
80.6,23.7,155.6,95.6,5.2,F,White,0,0,1
54.9,37.7,144.3,92.5,2.4,F,Black,0,0,0
44.9,25.1,118.8,78.5,2.5,M,White,0,0,0
38.5,28.9,121.3,77.7,2.1,M,White,0,0,0
90.0,32.7,142.1,80.7,2.4,M,Black,0,0,0
60.7,24.5,140.8,82.3,6.2,M,White,0,0,0
26.7,16.9,115.4,71.3,2.2,F,White,0,0,0
61.1,23.8,115.8,69.9,8.1,M,Black,0,0,0
50.1,20.7,141.3,96.7,3.3,F,White,0,0,0
54.1,22.9,130.9,77.0,3.1,F,Asian,0,0,0
89.3,35.0,127.7,92.8,7.6,F,Asian,0,0,1
51.2,21.2,118.5,77.7,3.5,F,Asian,0,0,0
42.8,24.4,152.7,93.3,3.3,M,Asian,0,0,0
18.0,22.7,92.0,63.7,7.9,M,Black,0,0,0
59.0,28.3,119.9,83.0,6.2,M,White,0,0,1
70.7,27.3,103.7,68.7,1.9,F,Other,0,0,1
49.9,29.0,156.7,102.7,2.9,M,White,0,0,0
40.8,25.2,106.7,47.2,2.8,F,Hispanic,0,0,0
47.5,31.3,123.6,71.6,2.2,F,White,0,0,0
86.7,29.0,124.3,81.8,6.8,F,Black,0,0,0
58.8,23.7,105.2,63.2,8.8,M,White,0,0,0
36.8,21.7,111.8,77.7,8.0,F,White,0,0,0
77.5,26.8,135.2,85.6,2.3,M,White,0,0,0
55.9,30.7,130.7,85.6,2.0,F,Asian,0,0,1
79.5,27.6,110.9,71.1,11.7,M,White,0,0,0
23.0,33.8,118.0,78.3,3.3,F,White,0,0,0
56.1,23.0,123.6,71.3,6.9,M,White,0,1,0
29.1,24.7,114.5,77.6,6.3,F,White,0,0,0
43.8,26.3,85.0,53.3,8.2,M,White,0,0,1
61.6,25.0,96.2,64.4,5.9,M,Black,0,0,0
54.1,27.8,108.6,70.7,2.8,F,White,0,0,0
27.2,30.5,121.8,77.9,7.8,M,White,0,0,0
28.3,25.8,138.0,89.6,2.3,M,Other,0,0,0
83.3,31.9,130.3,83.6,15.5,M,White,1,0,1
39.4,18.6,117.2,73.1,5.2,F,White,0,0,0
48.6,22.0,146.1,95.7,4.7,M,White,0,0,0
66.8,32.2,129.2,87.7,3.9,F,Black,0,0,1
61.5,25.9,151.8,87.3,4.0,M,Other,1,0,1
76.2,26.8,124.3,76.5,2.4,F,White,0,0,1
19.0,19.6,110.5,77.5,4.0,F,White,0,0,1
49.2,26.4,122.2,74.5,2.6,F,White,0,0,0
70.4,28.7,120.8,76.0,6.0,F,White,0,0,0
63.7,27.9,137.4,81.1,8.4,F,Black,0,0,0
83.6,31.5,158.4,110.3,3.5,F,Asian,0,1,0
51.6,23.7,130.1,88.8,1.8,F,White,0,0,1
32.2,28.9,117.9,76.7,1.3,F,White,0,0,0
39.0,28.8,106.4,66.4,6.4,F,White,0,0,0
41.2,22.0,136.8,86.1,1.9,M,Hispanic,0,0,0
40.8,20.4,130.9,86.6,2.7,M,White,0,0,0
47.8,25.4,129.9,73.0,2.7,F,White,0,0,0
37.8,22.5,132.0,88.0,2.7,M,Black,0,0,0
59.7,27.3,111.4,71.4,6.0,M,Black,0,0,0
50.5,20.7,120.1,75.9,1.5,F,Asian,0,0,0
58.6,28.7,140.7,77.8,9.0,M,White,0,0,0
62.6,31.3,138.3,85.6,12.3,M,Hispanic,1,0,0
48.2,22.7,118.4,78.2,4.2,F,White,0,0,0
41.1,24.5,142.1,88.1,2.0,F,White,0,0,0
59.6,27.8,126.9,75.4,3.5,F,Black,0,0,0
60.3,27.9,159.0,103.9,7.1,F,Hispanic,0,0,0
61.7,29.8,98.2,55.4,5.5,F,Asian,0,0,0
80.0,27.4,127.4,71.3,3.4,M,White,0,0,1
56.1,31.7,114.9,71.0,3.3,M,Black,0,0,0
74.6,30.7,142.9,93.4,6.6,M,White,0,0,0
49.6,19.4,106.4,67.3,7.3,F,White,0,0,1
71.4,29.4,145.8,91.0,10.6,M,Black,0,0,1
58.5,31.7,124.3,66.3,16.8,M,Black,0,0,0
53.4,26.8,109.0,63.7,11.3,F,Black,0,0,0
58.8,35.8,155.1,99.5,9.2,M,White,0,0,0
63.7,27.9,129.7,80.6,5.0,M,White,0,0,0
47.5,26.7,113.2,75.7,5.6,M,Black,0,0,0
51.7,28.8,133.8,75.5,9.4,F,White,0,0,0
22.0,27.3,89.6,54.3,8.2,F,Black,0,0,0
75.0,22.2,124.7,83.0,2.0,M,Hispanic,0,0,0
47.3,25.5,133.3,76.9,2.1,M,Black,0,0,0
77.9,26.6,126.8,77.0,3.2,F,Hispanic,0,0,0
70.3,20.2,149.7,100.2,14.2,M,White,0,0,0
54.0,31.6,112.8,64.2,5.1,M,Black,0,0,1
60.3,25.8,151.7,94.5,7.5,M,White,0,0,0
65.6,28.3,158.8,101.6,3.6,F,White,0,0,0
38.5,23.7,120.8,69.8,3.2,F,Black,0,0,0
63.8,27.2,145.4,100.9,6.4,M,White,0,0,0
38.1,28.8,119.9,83.4,7.5,F,White,0,0,0
62.3,28.1,143.8,87.8,1.3,F,Other,0,0,0
64.9,25.4,156.0,95.7,5.6,F,Asian,0,0,0
50.2,19.9,133.5,86.1,7.0,F,Asian,0,0,1
55.4,25.8,131.6,78.0,2.9,F,Black,0,0,0
59.6,32.4,114.7,86.3,3.3,M,White,0,0,0
45.7,27.8,108.2,70.0,2.4,M,White,0,0,0
31.5,21.8,113.1,74.7,5.5,M,White,0,0,0
61.2,25.8,135.6,80.6,7.9,M,White,0,0,1
38.6,29.0,125.1,77.4,4.9,F,White,0,1,0
62.6,28.8,153.9,90.3,3.9,F,White,0,0,1
43.1,24.2,123.6,86.9,2.5,M,White,0,0,0
46.0,32.4,120.7,73.5,9.3,F,White,0,1,1
53.2,28.0,124.6,75.3,4.7,F,Black,0,0,0
53.6,24.5,137.8,89.3,9.3,M,White,0,0,1
59.1,34.8,113.9,64.0,5.5,M,White,0,0,0
59.3,21.0,107.2,64.4,5.6,M,White,0,0,0
90.0,22.4,131.6,79.6,7.2,F,White,0,0,1
79.2,26.8,140.5,82.8,2.4,M,Black,0,0,1
27.2,28.6,116.5,68.6,3.8,M,White,0,0,0
66.4,21.4,127.6,94.9,5.6,M,Black,0,0,0
73.3,27.3,175.6,110.8,5.5,F,White,0,0,0
78.4,32.4,113.3,67.7,12.3,F,White,0,0,0
51.4,31.2,140.4,92.1,4.3,M,White,0,0,1
55.6,25.0,145.9,99.3,3.3,F,White,0,0,0
56.5,21.9,129.6,82.1,3.2,M,White,0,0,0
61.8,33.7,112.9,70.7,2.1,F,White,0,0,0
23.8,26.6,124.8,81.3,2.5,M,White,0,0,0
57.9,32.6,142.7,87.2,6.0,F,White,0,0,1
45.7,37.3,129.3,75.6,2.8,M,White,0,0,0
54.9,27.4,150.5,87.4,6.3,F,Hispanic,0,0,0
58.5,25.5,107.1,56.7,12.2,M,White,1,0,1
35.5,20.3,129.2,82.9,8.7,F,White,0,0,0
62.6,23.3,123.6,70.7,2.7,F,Hispanic,0,0,1
46.8,26.9,98.5,68.5,4.8,F,Hispanic,0,0,0
53.1,25.4,159.5,97.7,7.6,M,White,0,0,0
80.7,29.4,150.5,110.1,7.1,F,White,0,0,1
53.9,27.3,119.9,75.3,4.9,F,Hispanic,0,0,0
70.7,30.9,138.2,77.9,4.2,F,White,0,0,0
74.8,27.9,127.9,84.9,7.4,F,White,0,0,0
33.4,26.4,98.2,56.6,3.4,M,Hispanic,0,0,0
67.1,22.5,132.3,96.7,3.7,M,Asian,0,0,0
64.2,28.2,109.1,73.8,2.1,F,White,0,0,0
57.3,28.9,143.1,86.9,7.8,M,White,0,0,0
30.3,24.0,120.2,74.1,6.1,F,White,0,0,0
60.8,24.8,102.7,66.1,1.2,F,White,0,0,1
70.9,23.0,156.8,101.1,2.4,F,White,0,0,0
37.0,24.2,105.7,70.8,2.5,M,Black,0,0,0
57.7,27.6,101.4,61.6,2.8,M,Hispanic,0,0,1
33.7,23.6,120.9,73.8,2.7,F,Black,0,0,1
54.2,20.3,136.3,78.6,3.1,F,Hispanic,0,0,0
70.8,26.5,132.1,68.4,7.5,F,White,0,0,0
90.0,30.8,147.6,102.1,5.0,M,Hispanic,0,0,0
56.4,21.0,130.9,79.4,1.5,F,Hispanic,0,0,1
62.7,24.2,126.9,76.7,5.7,M,Black,0,0,0
59.7,19.8,143.2,92.2,10.3,F,White,0,0,0
37.2,19.8,109.7,61.2,10.2,F,White,0,0,0
69.5,24.9,131.3,79.7,8.9,M,Black,0,0,1
85.9,30.4,154.2,104.9,9.7,M,Black,0,0,0
54.4,32.3,114.1,75.4,5.3,F,Black,0,0,0
41.3,17.8,128.3,78.6,2.8,F,Other,0,0,0
54.1,30.3,125.2,78.2,3.6,F,Black,0,0,0
56.1,27.3,130.7,76.6,3.6,F,White,0,0,1
74.4,21.3,128.4,79.5,6.1,F,White,0,0,0
48.1,18.3,109.0,69.7,5.2,F,White,0,0,0
47.7,28.3,106.0,76.3,8.3,F,Black,0,0,0
49.2,32.0,123.4,91.3,6.2,F,White,0,0,0
35.4,18.0,119.6,82.8,5.4,M,White,0,0,1
53.6,25.1,126.9,64.7,5.1,M,White,0,0,0
80.9,25.6,124.2,85.7,7.6,M,White,0,0,1
43.9,21.6,123.5,77.3,6.2,F,Asian,0,0,0
18.9,28.8,119.9,76.3,5.2,F,Black,0,0,0
58.7,30.4,105.3,65.1,6.7,F,White,0,0,0
56.4,24.8,109.1,69.1,4.6,F,White,0,0,0
42.3,18.7,150.8,91.5,2.5,F,Hispanic,0,0,0
29.3,27.2,116.5,71.2,6.0,M,White,0,0,0
37.2,26.3,96.4,56.4,4.0,F,White,0,0,0
49.8,31.6,118.9,73.7,4.1,M,Hispanic,0,0,0
71.4,21.3,113.9,71.9,6.7,F,Black,0,0,1
47.8,23.7,137.3,83.9,3.0,F,Hispanic,0,0,0
43.3,24.7,120.0,73.3,3.6,F,Hispanic,0,0,0
44.4,24.0,113.5,74.8,2.7,F,White,0,0,0
18.0,30.7,127.4,75.4,3.3,M,White,0,0,1
69.7,27.3,132.3,86.3,6.7,F,Hispanic,0,0,1
25.2,19.3,107.6,67.6,7.0,M,Hispanic,0,0,0
54.6,24.4,110.0,61.8,5.3,F,Hispanic,0,0,0
50.7,29.2,109.2,68.9,4.2,F,Other,0,0,0
71.6,26.3,122.1,82.9,2.3,F,Asian,0,0,0
41.5,25.7,114.2,70.7,4.1,M,Black,0,0,0
26.0,23.3,109.1,73.5,4.2,M,White,0,0,0
59.2,25.2,114.4,69.6,3.6,M,White,0,0,0
61.3,32.8,126.4,85.9,2.2,F,Asian,0,0,0
57.9,28.7,133.9,76.0,6.9,F,White,0,0,1
51.7,27.0,142.7,88.1,2.2,M,White,0,0,0
44.5,23.3,123.1,87.1,2.2,M,Hispanic,0,0,0
64.9,23.4,136.0,78.1,2.7,F,Black,0,0,0
40.5,29.7,111.5,75.8,8.1,F,White,0,0,0
48.3,25.9,101.4,62.5,6.3,M,White,0,0,0
48.5,33.6,126.9,75.2,2.4,F,Black,0,0,0
40.9,28.1,120.0,70.9,3.6,M,White,0,0,0
44.4,27.8,137.6,87.8,2.5,F,White,0,0,0
55.6,27.1,136.0,88.6,4.4,F,White,0,0,0
43.2,28.9,121.1,80.2,6.3,M,Hispanic,0,0,0
81.9,36.0,146.7,95.5,6.2,F,White,0,0,0
48.6,28.5,111.0,67.3,4.1,F,Asian,0,0,0
62.3,28.9,118.6,68.3,5.5,F,White,0,0,0
71.5,34.8,130.8,84.2,2.5,M,White,0,0,0
60.8,29.7,134.5,82.8,7.1,M,Hispanic,0,0,0
74.1,25.8,133.0,81.4,3.4,M,Black,0,0,0
58.7,24.5,127.0,77.6,8.3,F,White,0,0,1
71.8,32.6,134.3,91.0,10.5,F,Hispanic,0,0,0
25.3,20.4,93.2,59.6,2.2,F,White,0,0,0
53.7,24.6,120.3,81.9,13.7,F,Black,0,0,0
64.1,35.0,103.4,61.2,10.2,F,White,0,0,1
60.0,19.2,117.2,86.3,1.9,M,Asian,0,0,0
48.9,22.5,96.8,63.4,3.6,F,White,0,0,0
55.5,23.3,126.3,83.1,7.8,M,Black,0,0,0
47.5,28.5,143.0,77.9,10.5,M,White,0,0,0
52.1,19.9,100.7,75.8,4.5,M,White,0,0,0
51.9,22.9,131.6,83.0,5.5,M,White,0,0,0
24.0,26.9,107.5,60.5,7.3,F,Black,0,0,0
23.7,25.8,107.3,71.5,4.3,M,Hispanic,0,0,0
24.7,20.5,106.4,75.4,6.5,F,White,0,0,0
57.4,24.0,125.5,80.3,4.3,M,White,0,0,0
82.6,24.5,110.9,67.7,3.8,M,Black,0,0,0
52.2,27.3,140.3,95.9,4.4,F,White,0,0,1
78.6,29.9,102.5,57.1,5.3,F,Hispanic,0,0,0
68.4,28.8,125.7,82.5,4.6,M,White,0,0,0
48.6,22.3,140.7,92.5,1.4,M,White,0,0,0
49.5,25.1,135.4,86.2,2.3,M,Other,0,0,0
61.6,28.7,116.8,73.5,1.9,F,White,0,0,0
49.0,29.8,111.9,70.2,5.1,F,White,0,0,1
78.7,30.5,147.8,81.1,2.4,F,White,0,0,0
60.3,26.1,109.6,52.8,8.9,F,Asian,0,0,1
72.4,23.1,118.3,71.5,7.0,F,White,0,0,1
71.4,15.9,153.9,97.7,8.9,F,Asian,0,0,0
62.7,29.6,143.2,90.6,2.3,M,White,0,0,0
70.9,24.2,140.8,90.6,4.2,M,White,0,1,0
18.0,22.2,103.8,62.6,2.4,M,Black,0,0,0
62.2,30.3,128.4,77.4,5.8,M,White,0,0,0
63.3,29.4,123.7,72.5,6.2,F,White,0,0,0
83.8,28.2,126.9,74.7,2.8,F,White,0,0,0
64.8,26.3,132.1,74.5,2.5,F,White,0,0,0
78.7,29.3,130.2,74.5,2.8,F,White,0,0,0
46.6,33.9,114.6,63.5,1.7,F,White,0,0,0
72.3,23.8,120.0,74.9,5.7,F,White,0,0,0
46.5,23.8,129.1,77.0,1.4,F,Black,0,0,0
42.1,26.9,102.1,67.4,8.0,F,Black,0,0,1
83.5,26.4,118.2,78.1,4.0,M,White,0,0,1
46.5,22.0,87.8,52.8,2.2,M,Hispanic,0,0,0
53.1,32.6,135.2,81.5,3.5,M,White,0,0,1
73.5,32.9,158.8,110.6,5.3,F,Asian,0,0,0
23.7,23.7,125.8,72.2,4.8,M,White,0,0,0
58.4,28.9,133.9,91.9,1.3,M,White,0,0,0
43.3,32.3,126.9,74.1,1.4,M,White,0,0,0
71.5,30.9,106.6,58.0,13.0,M,Black,0,0,0
49.8,25.5,122.4,83.0,11.5,F,Black,0,0,0
68.0,23.3,130.1,73.8,4.3,F,White,0,0,0
51.7,27.0,127.2,78.0,9.8,M,White,0,0,0
58.7,22.0,126.0,77.4,2.9,F,White,0,0,0
52.9,29.8,127.6,77.7,5.3,M,White,0,0,0
57.8,24.2,104.2,66.5,5.3,F,White,0,0,0
29.2,26.3,107.3,72.5,7.6,F,Black,0,0,0
59.2,17.3,119.2,80.8,17.7,F,Black,0,0,0
39.6,23.7,126.7,77.7,2.5,F,Hispanic,0,0,0
51.2,18.7,139.7,89.6,1.9,F,Black,0,0,0
52.0,19.9,145.1,94.0,2.7,M,White,0,0,1
53.0,23.6,110.9,56.3,8.7,F,White,0,0,0
82.6,26.8,123.8,70.8,4.0,M,White,0,0,1
60.0,37.3,122.7,82.8,3.5,M,White,0,1,1
62.1,23.3,130.6,74.9,7.2,M,Other,0,0,0
63.4,24.1,124.0,70.8,3.2,F,Asian,0,0,0
18.0,23.3,94.1,55.0,9.7,F,Black,0,0,0
87.2,29.0,147.9,94.8,4.8,M,White,0,0,0
48.1,29.8,126.8,90.6,8.2,M,Black,0,0,1
39.0,21.7,105.2,81.7,4.0,M,Black,0,0,0
42.9,26.3,110.6,77.6,5.9,F,White,0,0,0
18.0,27.3,103.8,60.3,12.5,F,White,0,0,0
50.1,32.0,137.2,82.2,2.3,F,White,0,0,0
66.6,31.9,131.2,92.9,2.0,M,Black,0,0,1
62.4,24.7,120.6,73.5,3.2,M,White,0,0,0
42.0,27.3,142.8,93.8,9.2,F,White,0,0,0
69.8,32.0,139.7,81.6,2.0,M,White,0,0,1
62.2,27.0,110.9,68.6,6.5,M,Black,0,0,1
68.5,24.5,113.2,71.7,3.2,F,Black,0,0,0
90.0,30.2,120.2,65.4,5.6,F,White,0,0,0
43.9,27.3,107.1,67.1,2.0,F,White,0,0,0
78.6,26.2,143.7,85.9,4.6,F,White,0,0,0
60.3,23.0,105.6,67.3,4.1,F,White,0,0,0
44.5,27.9,124.0,73.9,2.7,M,Other,0,0,0
69.6,27.2,133.5,69.9,2.4,F,Hispanic,0,0,0
43.8,28.4,147.8,90.3,2.9,F,White,0,0,0
70.8,32.0,152.5,96.1,2.4,F,Black,0,0,0
86.0,26.9,114.9,70.7,3.7,F,White,0,0,1
77.8,28.3,147.0,89.0,3.6,M,Black,0,0,0
50.3,24.8,125.6,85.0,7.4,F,White,0,0,0
82.6,28.0,95.8,67.8,4.4,F,Black,0,0,0
46.0,24.5,115.5,76.7,5.1,M,White,0,0,1
69.1,33.0,144.5,87.2,1.3,F,White,0,0,0
54.8,21.7,115.0,76.5,2.3,F,White,0,0,1
33.8,19.3,98.5,52.0,5.3,F,Black,0,0,0
68.4,22.9,133.5,86.4,3.2,M,Black,0,0,1
73.1,29.5,131.9,81.4,1.9,F,Black,0,0,0
73.5,27.0,116.7,72.2,2.8,M,Hispanic,0,0,0
69.9,21.2,134.7,83.3,6.9,F,Asian,0,0,0
44.2,29.3,126.3,80.0,2.2,M,Black,0,0,0
71.4,27.7,123.7,77.4,4.6,F,White,0,0,0
63.7,22.1,145.4,75.6,10.6,F,Black,0,0,0
68.5,23.5,123.7,75.0,3.1,F,White,0,0,0
44.5,30.6,126.2,81.8,5.7,M,White,0,0,0
45.7,25.2,128.2,74.6,3.2,M,Hispanic,0,0,0
85.2,21.1,134.1,94.2,4.2,M,White,0,0,0
49.8,26.7,127.1,93.6,5.1,M,White,0,0,0
49.2,27.6,121.1,78.9,2.3,M,White,0,0,0
54.1,26.4,120.5,63.2,7.3,M,White,0,0,1
54.4,27.0,103.2,60.7,5.5,M,White,0,0,0
42.6,29.2,99.1,60.6,4.3,M,Black,0,0,0
70.6,25.2,141.7,91.0,9.0,F,Asian,0,0,0
29.3,23.8,130.9,80.8,3.6,M,Black,0,0,0
54.5,25.8,127.9,75.7,3.3,F,Hispanic,0,0,0
46.4,18.1,118.4,71.4,8.7,F,White,0,0,0
82.5,28.1,139.1,84.0,6.5,F,Asian,0,0,0
39.7,27.3,121.5,67.9,3.2,M,White,0,0,1
54.9,26.3,114.7,72.5,10.9,M,White,0,0,0
36.6,26.1,137.8,87.0,3.6,F,White,0,0,0
50.4,24.7,121.6,80.0,4.8,F,Black,0,0,0
53.0,26.1,124.1,72.5,8.2,F,White,0,0,0
38.7,34.9,123.7,84.4,7.3,M,White,0,0,0
58.9,25.6,127.4,78.7,5.5,M,Black,0,0,1
49.6,27.4,121.3,65.2,11.1,F,White,0,0,0
45.2,21.0,122.2,67.0,4.6,F,Asian,0,0,0
62.5,28.1,113.3,70.0,7.1,F,Other,0,0,0
37.2,24.7,126.7,64.6,3.1,M,White,0,0,0
49.7,28.0,129.5,77.5,8.1,F,White,0,0,0
90.0,28.4,141.1,87.6,2.2,M,Black,0,0,1
43.6,24.2,85.0,52.1,7.0,F,Black,0,0,0
84.4,25.0,137.5,82.8,13.1,M,White,0,0,0
67.7,21.8,134.6,77.1,5.0,F,White,0,0,0
23.5,26.7,139.4,80.9,13.5,F,Asian,0,0,0
78.5,22.2,134.3,83.6,4.0,F,Hispanic,0,0,0
74.0,22.1,105.4,71.4,2.4,F,Black,0,0,0
64.9,26.4,135.9,81.4,7.3,F,Asian,0,0,0
73.8,23.4,141.1,97.7,4.4,F,White,0,0,1
59.2,23.6,118.5,74.0,1.4,F,Hispanic,0,0,0
23.1,21.0,120.3,75.4,10.4,M,White,0,0,0
69.9,25.5,109.1,71.3,9.4,F,White,0,0,0
49.0,23.1,125.5,74.8,3.5,M,Black,0,0,0
66.7,33.2,144.0,91.4,3.0,F,White,0,0,0
36.3,26.9,125.2,69.2,4.6,F,White,0,0,0
59.4,21.5,126.4,73.9,7.8,M,White,0,0,0
49.2,19.3,102.8,67.0,1.9,F,White,0,0,0
41.8,29.5,132.1,73.5,5.1,F,Black,0,0,0
56.2,29.7,115.5,68.2,6.4,F,White,0,0,0
37.6,30.7,135.3,91.1,1.9,F,White,0,0,0
36.4,32.0,113.2,70.3,4.6,M,Black,0,0,0
26.4,24.5,141.1,91.9,5.5,F,Hispanic,0,0,0
56.1,24.9,137.1,87.0,3.9,F,White,0,0,1
58.7,27.2,139.5,90.8,5.2,F,White,0,0,0
61.7,31.4,122.7,79.8,5.1,F,White,0,0,1
41.2,25.3,115.3,76.0,3.2,M,White,0,0,0
31.5,28.7,88.6,63.5,4.6,F,Black,0,0,0
62.4,25.1,120.9,78.0,6.2,M,Black,0,0,0
42.1,23.8,115.9,73.7,4.3,M,White,0,0,0
63.5,25.2,131.1,82.8,10.3,M,White,0,0,0
29.4,24.3,120.9,70.5,4.0,F,White,0,0,1
54.5,28.4,126.8,68.3,2.3,F,White,0,0,0
62.0,28.1,113.6,61.2,6.0,M,Hispanic,0,0,0
51.2,31.7,137.4,86.8,1.5,F,Hispanic,0,0,0
26.9,28.2,117.7,75.0,6.8,F,White,0,0,0
78.0,23.4,165.3,99.3,7.9,F,White,0,0,0
90.0,28.0,96.5,60.7,6.6,F,Black,0,0,1
78.3,31.7,129.0,70.6,3.9,M,White,0,0,1
50.5,27.9,155.7,88.6,5.8,M,Black,0,0,0
65.6,25.4,128.0,77.4,9.0,F,Hispanic,0,0,0
47.5,26.1,129.2,87.7,5.0,F,Black,0,0,0
58.9,28.3,130.5,80.0,2.7,F,White,0,0,1
39.2,25.5,128.1,79.6,1.2,M,White,0,0,1
32.9,20.8,130.8,84.2,4.5,F,White,0,0,0
58.4,30.8,134.4,97.6,3.6,F,White,0,0,0
53.7,25.5,122.9,71.3,7.4,F,White,0,0,1
57.9,29.6,128.3,76.4,4.0,F,White,0,0,0
29.4,24.3,118.4,84.6,9.2,F,White,0,0,0
49.2,33.1,117.3,74.7,1.2,M,White,0,0,0
55.2,27.9,121.1,86.8,2.9,M,White,0,0,0
64.0,17.8,108.5,69.6,4.0,F,White,0,0,0
62.5,19.4,120.9,65.0,3.5,M,White,0,0,0
76.7,26.3,90.3,60.7,3.3,F,White,0,0,0
60.4,23.9,142.0,82.1,3.0,F,White,0,0,0
56.1,27.1,136.5,86.5,1.6,M,White,0,0,0
18.0,20.7,122.2,84.1,5.1,F,Black,0,0,1
84.5,35.4,139.4,84.4,5.5,M,Black,0,0,0
74.5,24.4,132.7,88.8,8.8,M,White,0,0,1
24.0,32.0,106.2,69.5,4.6,F,White,0,0,0
33.0,21.0,101.6,60.0,5.7,F,White,0,0,0
77.2,21.4,155.6,102.2,4.2,M,Hispanic,0,0,1
43.3,25.3,132.0,88.7,2.6,M,Black,0,0,0
54.8,23.9,126.2,78.4,6.2,F,White,0,0,0
49.1,25.8,123.7,73.6,3.0,F,White,0,0,0
53.2,28.0,142.2,83.9,7.5,F,White,0,0,0
61.5,32.6,113.4,71.3,7.2,F,White,0,0,0
56.8,26.0,135.2,80.3,2.9,M,White,0,0,0
62.6,29.2,148.6,99.5,2.2,M,White,0,0,0
49.1,19.8,119.0,78.1,3.0,M,Black,0,0,0
42.5,20.4,129.7,81.7,4.2,F,White,0,0,0
54.1,25.2,154.4,93.8,5.1,M,White,0,0,0
90.0,29.2,119.2,72.7,9.2,M,White,0,0,0
39.2,32.3,103.3,65.0,5.9,F,Black,0,0,0
20.5,26.1,103.4,67.6,3.9,F,White,0,0,0
36.2,28.2,115.5,63.2,3.1,M,Hispanic,0,0,1
73.0,20.2,125.8,76.5,6.0,F,Black,0,0,0
49.9,21.0,138.6,89.4,1.9,F,Asian,0,0,0
40.9,22.8,114.9,70.9,9.2,M,White,0,0,0
55.9,21.2,130.5,86.2,5.9,M,Asian,0,0,0
64.3,27.9,109.8,61.8,5.2,M,Black,0,0,0
40.4,25.7,119.9,81.6,5.0,F,White,0,0,0
41.2,23.0,131.5,76.3,4.3,M,White,0,1,1
62.4,31.6,123.5,81.1,3.4,F,White,0,0,0
62.6,25.9,126.6,79.4,5.7,F,White,0,0,0
58.2,23.7,112.3,74.7,3.9,M,Black,0,0,0
62.0,29.4,108.3,76.9,5.8,F,Black,0,0,0
55.3,22.1,133.0,81.7,4.2,M,White,0,1,0
56.6,23.4,119.6,62.6,6.9,F,White,0,0,0
76.9,31.9,131.3,75.8,7.5,F,Asian,0,0,0
61.0,24.7,137.9,92.2,3.7,F,Black,0,0,0
67.0,24.5,126.6,85.1,2.6,F,Other,0,0,0
43.2,29.9,98.6,62.6,4.3,M,White,0,0,0
50.2,28.4,119.0,74.9,7.6,M,White,0,0,1
62.3,26.8,129.1,82.3,6.8,M,White,0,0,1
54.1,19.3,126.6,88.6,2.7,F,White,0,0,0
63.5,23.5,102.5,74.1,7.4,M,White,0,0,0
62.5,24.2,112.8,67.7,8.9,F,Black,0,0,0
70.4,28.7,120.7,82.8,6.7,F,White,0,0,0
66.4,29.4,97.2,62.6,11.2,F,White,0,0,1
40.5,26.7,154.1,92.2,4.3,M,Hispanic,0,0,0
46.4,28.4,111.4,71.0,6.0,F,Hispanic,0,0,0
57.2,25.0,136.8,88.5,3.4,M,Hispanic,0,0,1
49.6,25.2,114.6,65.1,3.3,M,White,0,0,0
39.7,23.2,103.2,71.9,11.5,F,White,0,0,0
70.8,28.4,145.0,86.1,1.9,M,Black,0,0,0
44.9,24.3,126.2,81.0,6.2,M,White,0,0,0
52.7,24.6,130.3,74.9,2.7,F,Hispanic,0,0,0
59.2,22.2,127.2,84.8,5.1,M,White,0,0,0
85.6,28.7,137.2,79.9,4.1,M,White,0,0,1
65.1,28.7,134.8,76.5,5.1,M,Hispanic,0,0,1
55.6,29.7,104.6,65.0,6.7,M,White,0,0,0
50.5,27.9,135.0,75.4,8.4,F,White,0,0,0
65.2,33.9,133.8,79.6,5.8,M,White,0,0,0
50.7,23.2,123.7,77.6,3.0,M,Other,0,0,0
70.2,29.0,130.0,67.9,5.9,F,White,0,0,1
39.7,20.1,125.9,79.9,2.1,F,White,0,0,0
51.6,28.8,119.6,74.5,14.3,F,Hispanic,0,0,0
83.7,28.6,105.5,65.9,3.1,M,White,0,0,1
49.7,25.4,144.0,77.6,5.6,M,White,0,0,0
41.6,28.4,112.6,60.9,4.7,F,Black,0,0,0
37.4,27.3,135.3,97.0,9.6,F,White,0,0,0
85.3,32.1,119.5,74.1,5.9,F,Asian,0,0,0
60.8,30.8,123.6,77.0,6.1,M,Asian,0,0,0
78.4,29.7,116.1,70.8,8.3,F,White,0,0,0
74.7,24.8,165.0,104.2,8.3,F,White,0,0,0
51.7,30.5,98.7,58.9,9.2,F,White,0,0,0
84.5,24.7,109.3,59.9,7.5,F,White,0,0,0
41.8,26.0,104.7,72.8,2.3,M,Black,0,0,1
54.8,22.7,119.0,65.1,3.9,M,White,0,0,0
58.2,23.3,132.3,86.3,5.9,F,White,0,0,1
36.8,18.4,108.2,69.6,8.8,F,White,0,0,0
85.9,26.7,115.4,86.6,5.5,M,White,0,0,0
66.0,26.3,128.8,80.6,3.4,M,White,0,0,1
71.3,25.8,137.1,93.3,2.4,M,Black,0,0,0
33.2,28.9,101.3,54.9,8.4,M,Black,0,0,0
76.2,26.2,139.4,78.8,2.1,M,White,0,1,1
61.5,20.4,126.1,73.4,4.5,F,Black,0,0,0
49.8,28.7,113.6,64.1,4.2,F,White,0,0,0
54.8,32.6,127.9,82.5,3.0,M,Other,0,0,0
48.6,23.8,116.3,73.3,3.5,M,White,0,0,0
50.7,21.9,149.1,96.8,5.2,M,White,0,0,0
74.0,29.7,128.3,90.4,4.0,M,White,1,0,0
52.1,25.8,114.2,62.9,5.2,F,Hispanic,0,0,0
82.6,30.0,162.5,98.8,6.9,F,Hispanic,1,0,0
43.3,17.3,109.0,62.9,4.3,F,White,0,0,0
67.6,28.0,146.4,89.1,3.3,M,White,0,0,0
54.4,27.7,154.2,94.4,3.5,F,White,0,0,0
46.4,26.3,152.8,97.0,1.3,F,White,0,0,0
73.2,22.4,128.2,80.9,5.3,M,Asian,0,0,1
65.8,27.5,133.1,91.1,8.3,M,White,0,0,0
48.9,16.0,114.8,73.5,4.1,F,White,0,0,0
68.3,22.2,122.3,86.6,2.3,F,Black,0,0,0
54.7,24.7,107.5,62.7,1.8,M,White,0,0,0
56.5,31.8,110.9,66.6,3.3,M,Black,0,0,1
54.3,23.8,134.8,90.3,2.8,F,Asian,0,0,0
50.6,24.5,151.6,108.5,5.5,M,White,0,0,0
52.2,30.6,125.2,84.9,9.0,F,Asian,0,0,0
60.8,30.0,139.8,85.3,7.6,F,White,0,0,0
90.0,24.0,141.8,91.4,4.2,M,White,0,0,0
82.6,29.0,123.2,78.4,2.5,M,Hispanic,0,0,1
56.3,24.4,117.2,75.5,2.9,F,White,0,0,0
48.7,23.9,114.9,73.0,14.2,M,White,0,0,0
70.4,28.6,124.7,82.0,5.8,F,White,0,0,0
42.5,26.5,120.3,73.6,2.9,M,White,0,0,0
73.9,27.9,125.7,71.8,5.0,F,White,0,0,0
34.3,30.9,114.4,65.3,6.0,M,Hispanic,0,0,0
62.0,26.1,140.1,87.5,5.5,M,White,0,0,1
78.7,22.6,135.3,81.4,7.2,M,White,0,0,1
62.8,26.5,129.5,80.4,8.3,F,White,0,0,1
71.4,24.2,145.4,80.9,4.3,F,White,0,0,0
53.3,31.5,116.2,86.0,3.0,M,White,0,0,0
51.7,31.5,109.4,64.6,6.1,M,White,0,0,1
58.7,22.6,113.6,79.3,2.8,M,White,0,0,0
84.5,23.1,126.3,80.8,3.8,M,Asian,0,0,1
45.7,21.6,125.9,70.6,8.8,M,Black,0,0,0
62.3,23.2,133.5,86.7,7.5,M,White,0,0,0
45.9,21.8,141.9,91.7,6.4,F,White,0,0,0
79.8,22.6,122.1,92.9,7.4,F,Black,0,0,1
78.8,19.4,114.0,70.0,17.1,M,White,0,0,0
53.4,24.9,119.5,69.8,2.4,M,Black,0,0,0
40.9,29.5,113.2,69.0,10.6,F,White,0,0,0
89.1,27.3,138.5,84.0,4.8,M,Hispanic,0,0,0
66.2,26.4,142.8,83.0,3.1,F,Asian,0,0,1
61.3,25.4,132.4,84.3,3.4,M,White,0,0,0
23.0,26.9,110.2,63.6,4.2,F,Black,0,0,0
48.2,29.8,116.9,74.7,4.1,F,White,0,0,0
80.1,33.6,124.2,72.7,3.1,F,White,0,0,0
18.0,23.3,96.9,64.1,7.9,M,Other,0,0,0
27.3,30.7,112.9,72.8,1.6,F,Asian,0,0,0
55.9,27.9,120.6,73.8,4.2,M,White,1,0,0
52.6,24.3,143.2,87.6,5.7,F,Black,0,0,0
58.7,22.0,122.5,67.3,2.7,F,White,0,0,0
67.6,23.1,118.8,76.2,3.6,F,Other,0,0,0
25.6,22.1,104.6,69.9,7.4,F,Black,0,0,0
67.0,28.7,137.9,76.2,3.0,M,Black,0,0,0
71.4,26.6,126.2,87.0,2.0,M,Black,0,0,0
42.3,24.1,107.4,78.3,3.2,M,White,0,0,0
63.5,26.7,105.6,55.3,9.9,F,White,0,0,0
60.2,27.0,164.9,103.6,9.2,F,White,0,0,0
82.1,28.2,121.9,72.1,7.0,M,Asian,0,0,1
41.7,24.4,114.0,79.9,5.5,M,White,0,0,0
74.7,23.7,131.3,85.1,6.4,F,Black,0,0,0
53.8,25.4,127.7,82.6,5.7,F,Hispanic,0,0,0
29.7,24.9,123.2,65.0,2.3,F,White,0,0,0
57.9,24.4,131.4,88.2,4.1,F,White,0,0,0
50.1,22.3,106.7,65.5,3.1,F,White,0,0,0
47.7,24.7,131.9,75.6,9.6,M,Asian,0,0,0
48.4,25.4,125.9,83.1,1.9,F,White,0,0,1
47.1,20.9,119.6,80.9,8.6,M,White,0,0,0
54.4,21.3,134.8,72.5,2.7,M,White,0,0,1
43.8,32.1,147.2,91.0,4.5,F,Hispanic,0,0,0
46.0,22.0,112.3,68.4,7.3,F,White,0,0,0
67.9,21.0,114.1,69.5,5.3,M,White,0,0,0
50.0,22.5,141.1,71.1,3.2,M,Hispanic,0,1,0
73.2,36.2,136.3,84.3,7.5,M,White,0,0,0
73.7,27.9,156.3,92.4,2.6,M,Black,0,0,0
61.0,31.3,126.5,73.0,3.8,F,White,0,0,0
80.0,28.5,151.7,103.2,3.0,M,Hispanic,0,0,0
62.2,20.0,130.6,71.7,6.3,F,Hispanic,0,0,0
51.8,27.9,139.6,91.7,3.3,M,Black,0,0,0
35.8,28.9,118.9,71.3,8.2,F,White,0,0,1
57.6,31.0,98.7,58.3,5.6,M,White,0,0,0
19.2,30.5,103.3,65.9,4.9,F,Black,0,0,0
30.6,21.6,124.6,71.5,3.1,M,White,0,0,0
33.8,26.0,109.1,68.2,6.7,F,White,0,0,0
72.2,28.4,106.4,61.6,3.9,F,White,0,0,0
54.9,23.4,111.2,68.0,4.4,F,White,0,0,0
52.2,28.1,106.1,58.6,4.7,F,Black,0,0,0
46.5,26.5,108.3,63.8,5.9,F,Hispanic,0,0,0
87.1,29.8,115.6,75.7,2.8,F,Black,1,0,0
43.8,28.7,126.2,86.3,6.6,F,White,0,0,0
64.5,28.9,135.4,90.2,7.2,F,White,0,0,0
55.7,24.8,122.8,63.5,10.0,M,Asian,0,0,0
62.2,19.3,128.0,80.1,4.5,F,White,0,0,0
90.0,24.1,149.1,94.0,12.8,M,White,0,0,0
50.5,29.8,127.2,77.7,9.3,F,Black,0,0,0
69.9,26.1,144.8,89.5,5.5,M,White,0,0,0
58.1,26.3,120.4,71.7,10.1,F,White,0,0,0
56.5,31.6,109.0,57.1,5.5,M,White,0,0,0
59.2,31.6,129.1,72.2,3.6,M,White,0,0,0
62.5,28.8,124.1,81.0,8.3,F,Black,0,0,0
43.6,29.6,151.1,93.2,4.6,F,Black,0,0,0
60.5,22.7,124.7,72.0,4.8,F,White,0,0,0
64.9,25.2,131.7,70.7,2.1,F,White,0,0,0
36.8,26.3,130.4,82.3,10.9,F,White,0,0,1
37.8,28.8,141.4,83.8,5.7,M,White,0,0,0
62.6,21.0,114.3,74.5,3.6,M,White,0,0,0
67.3,28.8,122.9,83.9,6.4,M,White,0,0,0
80.6,28.0,134.1,79.8,5.8,F,White,0,0,0
84.1,26.4,126.0,65.9,2.5,M,White,0,0,1
90.0,32.4,158.7,110.7,14.2,F,Black,1,0,0
38.4,24.8,92.6,50.6,3.0,F,White,0,0,0
51.7,30.0,130.8,79.2,1.7,M,Black,0,0,0
58.9,26.9,129.6,81.3,2.9,M,Black,0,0,0
64.0,25.5,101.2,71.2,1.5,M,White,0,0,0
58.1,35.1,113.9,64.8,3.6,M,Hispanic,0,0,0
70.7,32.4,134.2,80.7,4.8,F,White,0,0,0
56.9,25.0,135.9,89.0,9.4,M,White,0,0,0
57.3,27.1,118.5,82.2,1.9,F,Black,0,0,0
56.5,28.8,120.7,77.2,5.1,F,Hispanic,0,0,1
88.5,29.5,129.3,79.7,4.1,F,White,0,0,1
24.4,23.9,133.3,87.1,3.5,M,Hispanic,0,0,0
41.2,28.0,114.8,74.6,2.2,M,Asian,0,0,1
41.1,33.1,107.3,56.3,4.5,M,White,0,0,0
66.8,26.8,118.7,74.7,4.2,M,Hispanic,0,0,1
44.4,30.9,107.3,69.6,5.1,M,White,0,0,1
44.5,16.6,97.6,51.6,6.0,M,Asian,0,0,1
41.9,27.9,118.1,89.4,4.8,M,White,0,0,0
21.4,24.1,127.9,75.9,4.8,F,White,0,0,0
31.6,19.6,117.4,76.0,5.9,F,White,0,0,0
51.6,25.3,126.8,89.5,7.4,M,Hispanic,0,0,1
82.5,17.3,165.6,108.3,7.2,F,Hispanic,0,0,0
60.0,26.0,147.6,91.1,4.1,M,White,0,0,0
55.2,28.8,137.6,87.7,2.2,F,White,0,0,0
54.9,27.3,111.0,73.5,7.1,F,White,0,0,0
74.8,26.0,143.9,87.4,1.3,F,White,0,0,0
49.7,21.2,97.1,59.0,2.8,M,Asian,0,0,0
55.0,27.7,132.5,80.0,2.3,M,Asian,0,0,0
46.4,31.5,126.1,76.3,3.6,F,White,0,0,0
79.3,29.7,132.5,88.8,5.0,M,White,0,0,0
61.7,22.8,122.5,70.6,5.8,F,Black,0,0,0
58.8,25.5,132.1,85.0,6.7,F,Black,0,0,1
29.1,23.1,114.1,71.9,4.4,M,White,0,0,0
55.6,29.4,133.8,80.8,5.1,F,White,0,0,0
57.4,27.4,127.1,75.0,3.9,M,Hispanic,0,0,1
56.1,23.0,125.9,76.7,9.3,F,Black,0,0,1
36.9,24.3,119.9,74.3,5.5,F,Black,0,0,0
36.4,27.7,121.4,80.8,2.7,F,Hispanic,0,0,0
62.1,22.8,118.6,80.7,1.3,M,White,0,0,1
86.0,31.7,160.0,95.9,1.8,F,White,0,0,0
60.3,27.2,115.9,72.8,2.2,F,Black,0,0,0
54.6,25.1,150.5,95.7,3.4,F,Black,0,0,0
32.2,23.1,103.6,64.6,4.8,F,White,0,0,0
59.3,26.5,109.4,66.9,4.3,M,White,0,0,0
43.0,21.0,113.2,61.6,4.9,M,White,0,0,0
18.0,23.1,107.9,74.2,2.5,M,White,0,0,0
52.2,29.7,136.8,82.3,2.0,F,White,0,0,0
25.2,21.5,118.5,89.1,6.9,F,White,0,0,0
51.5,22.5,133.9,90.0,1.5,F,Black,0,0,0
72.6,26.0,130.0,83.4,7.6,F,Hispanic,0,0,0
50.2,27.4,149.8,93.8,3.7,M,White,0,0,0
24.5,28.8,117.8,62.7,8.6,F,White,0,0,0
54.2,24.4,161.6,94.0,2.8,M,Black,0,0,0
62.2,27.0,117.7,71.5,4.2,M,White,0,0,0
49.8,21.2,111.9,81.0,1.8,F,White,0,0,1
64.9,24.6,126.5,81.9,6.2,F,White,0,0,0
66.2,27.7,99.4,56.8,3.3,F,White,1,0,0
56.0,25.3,133.5,84.1,3.5,F,White,0,0,0
90.0,29.4,149.2,90.2,4.9,M,Asian,0,0,0
37.4,25.4,140.8,88.6,2.1,F,Hispanic,0,0,0
45.6,25.9,116.5,68.4,4.9,F,Black,0,0,0
65.6,32.4,118.7,78.5,2.2,M,White,0,0,0
52.7,22.2,125.2,79.5,4.3,F,Hispanic,0,0,0
23.5,22.4,98.0,55.7,3.4,F,Black,0,0,0
52.3,23.3,133.1,80.2,2.6,M,Asian,0,0,1
48.6,36.1,133.8,68.7,1.9,M,Black,0,0,0
39.0,28.9,92.2,63.2,8.1,F,Black,0,0,0
85.2,23.8,113.6,72.1,4.2,M,Hispanic,0,0,0
58.6,27.3,129.0,77.4,7.1,F,White,0,0,1
43.2,22.7,130.2,83.6,4.5,M,White,0,0,0
46.0,27.6,129.9,81.9,2.6,M,White,0,0,0
90.0,29.5,137.8,90.7,3.3,M,White,0,0,0
66.6,29.5,139.8,89.1,2.6,F,White,0,0,0
52.5,21.2,105.2,65.7,9.2,M,White,0,0,0
49.3,21.0,102.4,56.7,4.5,F,Hispanic,0,0,0
67.9,30.5,136.8,84.9,3.0,F,White,0,0,0
55.6,26.9,121.9,73.3,7.7,F,White,0,0,0
54.4,26.3,136.0,89.6,1.8,M,White,0,0,0
38.6,31.0,116.4,86.0,2.0,M,Hispanic,0,0,0
63.9,24.0,140.1,85.7,4.8,F,Hispanic,0,0,1
55.7,32.7,129.6,76.3,7.2,M,White,0,0,1
62.1,20.4,118.9,69.9,2.7,F,White,0,0,0
68.2,26.1,124.2,75.4,6.1,F,Asian,0,0,0
69.2,32.5,106.0,69.2,3.0,M,White,0,0,0
48.5,23.4,112.3,73.3,10.2,F,Black,0,0,1
75.1,32.4,137.2,86.0,9.0,F,Hispanic,0,0,0
64.5,26.7,145.0,98.9,5.7,M,Black,0,1,1
33.8,25.1,121.3,77.8,8.8,M,White,0,0,0
26.6,29.1,125.8,80.7,2.4,M,White,0,0,0
65.6,24.7,135.6,88.6,4.7,F,White,0,0,0
32.8,25.4,132.5,89.0,6.0,F,Black,0,0,0
47.2,24.1,152.5,103.4,2.5,M,Black,0,0,0
64.3,26.8,137.3,82.9,5.4,M,Black,0,0,0
48.2,24.2,119.9,85.5,13.3,F,White,0,0,1
80.8,21.7,135.5,95.6,2.0,F,Hispanic,0,0,0
55.4,19.1,146.6,89.4,3.9,M,White,0,0,0
59.6,21.8,124.7,84.3,2.5,F,Black,0,0,0
19.0,27.2,108.9,70.7,4.0,F,White,0,0,0
36.4,28.3,136.1,88.4,2.9,F,Hispanic,0,0,0
64.6,31.5,143.4,92.2,1.9,M,White,0,0,0
46.4,30.3,116.8,69.0,2.2,F,Black,0,0,0
59.5,23.7,126.6,86.8,4.5,M,White,0,0,0
39.5,22.2,118.1,65.4,4.8,F,White,0,0,1
78.6,34.5,132.5,80.2,5.9,F,Asian,0,0,0
46.7,24.8,123.1,76.5,9.3,F,White,0,0,0
49.4,30.1,142.8,97.2,1.7,M,White,0,0,0
71.0,30.5,133.0,95.8,3.4,F,Other,0,0,0
62.2,20.4,143.7,90.2,3.6,M,White,0,0,1
86.2,31.2,107.9,74.7,3.0,M,Black,0,0,0
64.3,21.1,161.1,94.8,2.2,M,White,0,0,0
37.9,26.5,119.5,76.6,5.4,M,Hispanic,0,0,0
58.8,23.4,136.2,77.4,3.3,M,Black,0,0,0
29.8,25.4,129.1,88.2,8.6,M,Black,0,0,1
37.9,30.7,93.9,60.0,4.2,F,White,0,0,0
69.3,32.9,131.4,76.4,2.2,M,White,0,0,1
75.6,24.4,132.2,75.3,4.0,M,White,0,0,0
56.5,25.2,126.2,80.1,3.1,F,White,0,0,0
18.0,31.8,102.9,68.6,2.9,M,White,0,0,0
58.9,24.7,99.4,58.0,17.6,F,White,0,0,0
56.5,28.9,123.0,71.9,4.3,F,Hispanic,0,0,0
60.0,30.3,145.7,89.1,7.1,F,Asian,0,0,0
34.6,20.0,109.5,72.1,3.1,F,Black,0,0,0
65.3,25.4,123.6,76.4,6.3,F,White,1,0,0
53.6,27.9,102.4,73.2,7.7,F,White,0,0,0
58.6,22.1,119.8,81.3,3.1,F,White,1,0,0
54.2,28.8,100.3,57.1,5.6,M,Hispanic,0,0,0
66.2,28.8,139.6,90.9,4.9,F,Other,0,0,0
34.8,24.6,88.2,46.7,3.6,F,Hispanic,0,0,0
41.4,20.4,140.8,90.3,3.2,F,White,0,0,0
62.6,28.4,119.0,62.0,3.8,F,White,0,0,0
73.6,25.0,163.5,102.2,5.3,F,White,0,0,0
68.1,28.7,130.0,91.1,11.1,M,Hispanic,0,0,1
21.2,29.1,112.2,59.2,5.8,M,Hispanic,0,0,0
73.1,20.7,137.3,88.0,7.1,M,Black,0,0,0
45.6,27.3,146.9,101.7,3.5,M,White,0,0,0
53.2,25.1,120.0,73.8,3.4,F,White,0,0,0
48.3,23.3,124.0,80.6,3.7,F,Black,0,0,0
59.0,27.0,120.0,71.1,2.8,M,White,0,0,0
18.7,25.0,123.6,86.7,1.6,F,White,0,0,0
33.7,25.6,102.6,71.5,4.9,F,Black,0,0,0
47.9,22.7,146.1,79.2,8.8,F,White,0,0,0
71.4,31.3,116.0,75.7,3.5,F,White,0,0,0
51.9,27.3,128.1,72.5,3.0,F,Other,0,0,0
50.5,26.7,134.8,79.9,2.1,F,White,0,0,1
53.4,26.7,115.4,78.1,6.0,M,Black,0,0,1
55.5,25.7,122.9,90.3,3.1,F,Hispanic,0,0,0
45.8,26.3,141.3,92.0,10.4,M,White,0,0,0
70.1,27.5,143.8,84.4,8.9,M,White,0,0,0
48.8,27.0,117.4,64.3,5.2,M,White,0,0,0
56.1,17.5,143.0,83.9,2.1,F,White,0,0,0
55.0,28.2,129.5,74.7,5.3,F,White,0,0,0
60.7,24.4,138.0,89.9,8.5,M,Other,0,0,0
55.7,15.0,136.2,79.1,6.3,M,Hispanic,0,0,0
56.5,24.0,113.2,79.6,5.6,M,White,0,0,0
62.4,31.7,164.4,104.6,2.9,F,Black,0,0,0
65.7,26.7,124.8,67.7,7.9,M,White,0,0,0
54.6,26.7,135.2,85.2,6.3,F,Black,0,0,0
56.8,24.8,129.3,82.6,5.6,M,Black,1,0,0
35.4,26.4,133.8,83.6,7.6,F,Asian,0,0,0
48.4,27.3,111.7,71.5,8.5,M,White,0,0,0
47.5,29.3,118.6,75.7,2.4,M,Hispanic,0,0,0
76.0,24.4,109.1,61.8,7.1,M,Black,0,0,1
53.9,28.2,137.7,98.1,2.2,F,Hispanic,0,0,0
56.7,26.0,127.6,85.7,2.4,F,Black,0,0,1
55.0,24.3,121.8,86.4,1.7,F,White,0,0,0
58.8,26.6,124.8,70.0,4.8,F,Black,0,0,1
48.1,22.3,131.2,92.5,9.9,F,White,0,0,0
47.7,28.1,136.8,79.2,9.2,M,Black,0,0,0
79.9,27.0,137.7,69.7,8.2,M,White,0,0,1
44.3,30.0,129.0,69.9,6.1,F,Asian,0,0,1
57.8,29.4,133.3,89.4,2.5,M,White,0,0,0
49.5,32.4,99.5,65.7,8.8,M,White,0,0,0
61.0,29.1,127.1,74.5,2.1,M,Asian,0,0,0
73.1,27.1,156.2,104.8,5.7,F,Hispanic,0,0,0
64.3,25.5,144.4,88.6,4.4,F,Other,1,0,0
47.7,17.0,132.0,78.6,5.1,M,White,0,0,0
52.0,17.8,137.1,92.0,9.6,M,White,0,0,0
26.9,23.0,136.2,80.8,5.7,M,White,0,0,0
81.9,31.8,127.6,90.1,5.4,F,White,0,0,0
32.3,20.2,107.3,59.8,3.0,M,White,0,0,0
41.2,28.7,112.4,73.8,10.7,F,Other,0,0,0
47.1,25.5,125.2,83.9,4.3,M,Hispanic,0,0,0
68.1,32.4,133.2,87.6,9.3,F,White,1,0,1
68.5,21.2,120.4,68.6,5.5,F,White,0,0,1
25.5,22.0,99.1,56.4,4.9,M,Asian,0,0,0
56.0,29.2,96.8,62.6,2.4,F,White,0,0,0
53.4,23.1,133.7,90.0,7.7,F,White,0,0,0
21.2,30.3,105.5,66.2,2.3,M,White,0,0,0
54.1,30.6,118.9,83.5,3.3,F,Hispanic,0,0,0
47.2,28.9,144.9,90.7,14.2,M,White,0,0,0
45.1,21.9,91.9,63.0,1.5,M,White,0,0,0
67.6,21.8,127.7,86.4,4.2,F,White,0,0,0
56.7,36.1,136.1,83.4,6.3,M,White,0,0,0
46.7,18.1,140.1,83.9,4.6,F,Black,0,0,0
55.3,23.9,102.1,67.4,2.9,F,White,0,0,0
60.0,23.7,134.4,84.8,7.9,F,White,0,0,1
26.9,21.6,94.6,54.6,4.0,M,White,0,0,0
59.6,29.9,120.5,82.2,2.4,F,Hispanic,0,0,0
69.6,34.1,125.7,72.6,7.3,M,White,0,0,0
39.1,30.7,126.8,87.1,2.3,M,Black,0,0,0
32.0,29.0,118.6,80.7,2.7,F,White,0,0,1
58.3,20.8,131.3,84.3,7.6,M,Other,0,0,0
74.0,23.9,140.7,83.5,3.2,F,White,0,0,0
51.2,26.0,126.3,73.0,6.6,F,White,0,0,0
41.9,27.2,114.5,79.9,4.5,F,Hispanic,0,0,0
54.1,27.1,123.6,82.1,5.9,M,White,0,0,1
72.3,33.0,132.5,76.3,2.6,M,Asian,0,0,1
53.8,28.9,157.7,96.8,3.5,F,Black,0,0,0
51.6,27.7,111.5,68.0,9.5,F,White,0,0,1
80.0,29.0,122.5,71.4,3.1,M,Hispanic,0,0,0
55.3,24.8,121.9,66.8,4.2,M,Black,0,0,0
23.3,29.8,129.1,73.9,5.2,M,White,0,0,0
66.8,34.8,127.8,75.5,15.3,M,Black,0,0,0
67.2,20.0,109.0,63.4,3.6,M,White,1,0,0
43.3,30.0,138.4,83.4,13.3,F,White,0,0,0
18.0,27.5,97.9,63.6,6.8,M,White,0,0,0
36.6,24.5,116.0,67.2,1.6,F,Asian,0,0,0
58.6,25.6,109.5,65.5,7.9,F,White,0,0,1
61.0,25.2,159.8,105.7,1.6,F,White,0,0,1
64.9,29.8,139.2,86.8,2.7,M,Hispanic,0,0,0
82.1,28.2,131.1,70.6,13.6,F,Asian,0,0,0
69.2,16.6,120.0,72.7,7.0,M,Hispanic,0,1,0
62.0,21.3,155.6,92.6,5.0,M,White,0,0,1
90.0,26.7,129.9,75.5,16.9,M,White,0,1,0
36.8,32.7,132.8,85.6,10.2,M,White,0,0,0
49.7,25.0,118.3,74.9,3.3,M,White,0,0,0
50.4,19.1,122.5,70.6,4.5,F,Asian,1,0,1
46.4,32.4,106.0,66.7,2.3,M,Other,0,0,0
62.6,32.0,137.3,86.5,5.9,M,Hispanic,0,0,0
40.5,22.1,121.0,76.6,5.0,F,White,0,0,0
49.3,31.2,127.4,84.1,6.7,F,White,0,0,0
43.6,26.3,137.8,90.7,3.6,F,White,0,0,0
76.8,34.4,142.6,88.3,1.9,F,White,0,0,1
85.8,25.6,172.1,96.4,2.7,M,White,0,0,1
46.2,21.6,147.4,96.5,8.0,M,Black,0,0,0
64.9,30.9,126.8,83.4,2.5,M,White,0,0,1
56.1,22.8,128.7,83.4,2.6,F,White,0,1,0
35.0,33.2,134.5,71.5,2.3,F,White,0,0,0
18.0,27.1,124.2,72.4,2.2,F,Asian,0,0,0
70.0,27.0,133.5,80.7,6.7,M,Hispanic,0,0,0
81.3,24.3,127.3,74.4,6.6,F,Black,0,0,0
32.1,32.6,125.1,80.4,4.7,F,Other,0,0,0
55.2,21.9,148.6,96.0,5.2,M,Asian,0,0,0
59.9,26.7,144.0,80.5,2.7,M,White,0,0,1
61.3,20.2,130.2,83.0,3.6,M,Other,0,0,0
69.0,32.7,142.6,88.2,2.9,F,Asian,0,0,0
70.9,26.2,156.5,94.2,2.4,F,White,0,0,0
79.0,21.2,147.4,88.7,5.4,M,White,0,0,0
90.0,21.7,118.3,79.1,4.2,M,Black,0,0,0
58.6,20.7,132.4,91.1,2.0,F,White,0,0,0
48.3,31.7,136.7,86.8,1.3,M,Black,0,0,1
50.9,20.1,145.9,94.8,6.7,M,White,0,0,0
50.7,25.1,108.1,70.6,5.5,F,Black,0,0,1
20.1,24.9,105.4,65.7,7.5,M,White,0,0,0
72.6,24.8,147.2,96.1,7.2,M,Hispanic,0,0,0
74.6,24.8,130.3,80.4,4.2,F,White,0,0,0
68.5,29.6,133.6,78.8,6.6,F,White,0,0,0
66.6,28.3,120.5,81.5,2.4,F,Black,0,0,1
56.2,15.0,120.2,84.3,3.5,F,White,0,0,0
41.0,27.6,122.0,68.7,4.3,F,White,0,0,0
70.7,25.9,141.4,96.2,3.2,M,White,0,0,0
51.1,22.6,132.2,75.8,3.5,F,Black,0,0,1
51.1,24.3,111.4,69.3,4.5,M,White,0,0,0
37.4,27.4,105.7,69.0,7.4,M,Black,0,0,0
52.4,27.8,114.8,73.0,9.7,M,White,0,0,0
29.3,26.0,128.0,79.0,2.5,F,White,0,0,1
90.0,25.8,134.6,88.0,2.5,M,White,0,0,0
21.7,30.8,129.6,84.7,5.4,F,Hispanic,0,0,0
38.8,25.5,121.4,81.0,13.1,M,White,0,0,0
40.4,28.8,123.4,70.0,2.8,F,Black,0,0,1
40.3,27.4,124.2,82.6,5.1,M,White,0,0,0
42.1,28.4,134.9,81.0,3.5,F,Asian,0,0,0
77.9,26.1,129.4,78.3,7.6,F,White,0,0,0
53.2,30.3,124.2,80.7,4.8,M,Hispanic,0,0,0
62.3,35.3,113.4,79.1,3.3,M,White,0,0,0
43.1,25.5,119.3,75.2,1.9,F,White,0,0,1
45.6,25.2,102.5,61.2,11.4,F,Black,0,0,0
50.1,21.9,121.5,78.7,4.1,M,Hispanic,0,0,0
57.0,24.6,135.1,89.6,5.8,F,Black,0,0,0
69.1,29.5,123.4,80.3,5.3,F,White,0,0,0
38.4,19.8,106.8,66.8,3.6,F,Hispanic,0,0,0
41.1,25.2,129.1,84.0,7.5,F,Hispanic,0,0,0
61.3,33.8,103.4,61.6,2.0,F,White,0,0,0
65.1,25.6,136.8,91.9,3.9,M,Black,0,0,1
35.5,24.4,124.0,80.0,4.6,M,Black,0,0,0
63.2,38.7,142.4,90.4,5.2,F,White,0,0,0
56.5,33.0,123.5,72.1,5.2,F,White,0,0,0
51.5,28.9,114.6,69.8,6.0,F,White,0,0,0
39.3,22.1,129.1,73.5,3.5,M,Hispanic,0,0,0
40.4,26.6,106.2,78.2,1.7,M,White,0,0,1
90.0,26.7,139.5,83.3,2.1,M,White,0,0,0
45.1,23.0,129.1,90.2,5.5,M,Black,0,0,0
58.2,28.2,125.5,80.0,4.5,F,Black,0,0,1
49.3,24.4,117.6,70.5,5.1,M,White,0,0,0
49.6,21.8,128.1,92.2,5.0,F,White,0,0,0
43.6,15.0,126.7,75.8,2.7,F,White,0,0,0
50.6,23.8,126.0,77.4,1.6,M,White,0,0,0
45.4,25.3,92.2,55.0,3.4,F,Other,0,0,0
39.9,18.4,114.3,62.9,7.5,F,White,0,0,0
76.1,27.7,139.4,92.4,7.3,M,White,0,0,0
70.8,23.9,106.1,69.7,2.3,F,White,0,0,0
62.8,29.1,135.2,87.1,3.9,F,Black,0,0,0
67.1,20.9,105.7,63.5,2.3,M,Black,0,0,1
62.7,22.2,156.8,99.5,4.7,F,White,0,0,0
56.6,28.5,134.4,84.9,3.1,F,Black,0,0,0
58.7,26.1,126.3,73.0,5.1,F,White,0,0,0
52.5,32.3,119.9,74.6,6.5,M,Hispanic,0,0,0
75.9,21.0,156.4,95.8,7.3,F,Asian,0,0,0
55.4,25.0,142.1,88.6,5.1,M,White,0,0,0
59.5,26.8,147.8,99.6,4.0,F,White,0,0,0
90.0,33.6,121.9,72.5,1.5,F,White,0,0,1
50.6,24.5,145.7,100.1,2.4,F,Other,0,0,0
85.8,21.7,128.6,71.5,2.6,F,Black,0,0,0
50.0,25.0,118.9,72.4,5.6,F,White,0,0,0
49.2,26.8,130.4,73.8,5.6,M,Hispanic,0,0,0
59.0,30.2,117.9,89.5,5.3,F,White,0,0,0
32.3,29.1,115.0,81.9,2.3,F,Hispanic,1,0,0
63.8,24.5,165.1,106.4,5.3,M,Black,0,0,1
33.2,24.9,116.3,63.2,3.2,M,Black,0,0,0
55.1,21.7,116.3,74.4,2.9,M,Black,0,0,0
55.9,19.9,99.8,58.5,17.2,M,White,0,0,1
44.4,27.5,139.5,91.0,8.7,M,White,0,1,0
48.8,21.0,112.4,64.2,4.1,F,White,0,0,0
42.2,16.7,145.7,82.3,1.9,M,White,0,0,0
56.4,19.8,136.9,88.0,8.3,F,Black,0,0,0
58.0,29.9,124.0,80.5,5.6,F,White,0,0,0
35.5,22.1,137.4,78.0,3.7,M,White,0,0,0
75.8,22.9,116.4,76.4,1.7,F,White,0,0,0
63.2,23.8,151.7,96.3,2.3,M,Hispanic,0,0,0
47.2,24.0,120.8,72.2,8.0,F,White,0,0,0
29.7,27.3,101.2,59.7,2.0,F,Hispanic,0,0,0
36.8,28.3,143.7,94.2,2.0,F,White,0,1,0
54.3,23.6,128.9,88.6,4.6,F,Black,0,0,0
18.0,24.0,108.9,57.1,7.7,F,White,0,0,0
80.2,24.9,118.3,60.7,5.5,F,White,0,0,0
33.2,22.9,109.0,67.3,4.6,F,White,0,0,0
56.0,24.1,134.7,84.1,7.1,M,Black,0,0,0
48.0,24.1,114.9,67.7,2.6,F,Black,0,0,0
50.5,26.0,120.4,79.4,3.3,M,Black,0,0,0
36.3,20.3,113.7,79.3,2.9,F,White,0,0,0
50.5,30.8,132.7,74.8,2.2,F,White,0,0,0
37.2,25.4,115.7,76.5,7.0,F,Black,0,0,0
54.8,21.4,107.5,66.5,2.9,F,Hispanic,0,0,0
23.8,24.6,118.0,72.2,11.9,M,White,0,0,0
18.1,26.2,102.8,52.8,10.9,M,Black,0,0,0
52.7,23.1,119.0,65.7,7.0,M,White,0,0,0
82.5,22.0,146.3,90.4,2.2,M,White,0,0,0
49.9,21.2,105.8,76.5,4.2,F,Black,0,0,0
35.1,30.5,97.4,53.5,1.4,F,Hispanic,0,0,0
59.5,24.5,160.1,96.7,5.5,M,Black,0,0,0
56.5,25.5,109.2,78.8,6.1,F,Hispanic,0,0,0
55.0,22.6,120.9,80.0,7.9,M,Asian,0,0,0
27.2,19.7,139.7,79.7,4.4,F,White,0,0,0
44.7,25.8,104.2,67.3,2.9,F,White,0,0,0
38.8,27.3,134.4,90.8,13.9,F,Black,0,0,0
62.2,37.3,128.8,85.6,10.4,M,White,0,0,0
47.8,18.1,101.4,65.2,5.6,F,White,0,0,0
56.5,29.8,136.8,89.5,6.1,F,White,0,0,0
60.2,24.4,124.6,87.7,2.0,F,Black,0,0,0
32.9,30.5,119.9,75.2,7.1,F,Hispanic,0,0,0
41.4,20.9,116.8,75.6,6.7,M,White,0,0,0
60.9,30.1,140.6,90.5,9.9,F,Hispanic,0,0,0
44.9,21.0,127.8,81.7,1.6,F,White,0,0,0
59.3,26.1,115.2,68.4,3.3,F,Black,0,0,0
28.0,28.2,147.6,97.7,8.3,M,White,0,0,0
64.5,24.6,136.2,80.4,2.9,M,White,0,0,0
24.5,21.8,99.4,61.6,8.1,M,Hispanic,0,0,1
56.0,26.8,96.9,52.8,4.3,F,White,0,0,0
36.8,24.9,111.0,66.9,4.6,F,White,0,0,0
19.0,22.2,128.3,74.6,2.3,F,White,0,0,0
40.1,19.6,127.3,73.7,13.6,M,White,0,0,0
35.1,29.5,141.5,80.4,1.6,M,White,0,0,0
48.9,24.9,115.9,60.7,6.1,M,Black,0,0,0
62.2,28.5,143.1,94.9,3.9,M,White,0,0,0
55.3,32.7,163.7,101.0,5.3,M,White,0,1,0
35.8,24.0,108.4,69.8,1.7,M,White,0,0,0
45.0,27.2,91.5,56.1,5.5,M,Asian,0,0,0
65.8,25.5,130.4,77.9,8.0,M,Hispanic,1,0,1
39.1,28.6,130.9,75.0,4.0,M,Black,0,0,0
26.1,28.2,117.3,79.3,5.0,F,White,0,0,0
49.1,31.1,126.8,77.3,5.6,M,White,0,0,0
67.3,29.1,98.0,59.7,2.1,M,Hispanic,0,0,0
55.1,37.1,142.1,94.5,13.1,M,White,0,0,0
55.0,26.9,123.0,67.1,4.0,F,White,0,0,0
68.5,27.3,116.4,67.9,3.7,F,Black,0,0,1
71.6,22.7,120.2,72.2,4.2,M,White,0,0,0
33.2,18.6,143.2,92.2,4.8,M,White,0,0,0
46.4,22.1,99.4,60.2,8.8,F,Black,0,0,1
71.7,21.7,128.3,74.9,2.1,F,White,0,0,0
44.0,27.8,103.3,71.5,3.1,M,Hispanic,0,0,0
41.2,16.1,141.1,88.1,8.0,M,White,0,0,0
56.8,24.3,136.9,87.3,6.2,F,White,0,0,1
65.3,26.0,139.1,92.7,6.1,M,White,0,0,0
55.5,24.4,116.4,74.1,2.2,M,Black,0,0,0
70.7,28.9,151.1,89.5,6.4,F,White,0,0,1
52.6,19.4,115.0,72.2,2.8,F,White,0,0,0
90.0,29.7,139.0,90.2,1.6,F,White,0,0,0
78.3,26.0,114.4,86.7,1.9,F,Black,0,0,0
70.4,19.0,148.2,98.7,5.7,M,White,0,0,1
42.6,28.9,113.2,74.2,1.8,F,White,0,0,0
68.1,25.0,138.5,82.6,3.6,F,Hispanic,0,0,0
52.6,26.5,109.0,70.0,3.2,M,Black,0,0,0
62.7,32.2,114.0,65.4,6.8,F,Black,0,0,0
50.3,22.8,141.1,82.5,1.9,F,White,0,0,0
51.2,35.1,119.4,70.7,4.4,M,White,0,0,0
42.9,20.5,147.9,90.2,3.5,F,White,0,0,0
63.9,25.6,118.7,80.2,4.0,F,White,0,0,0
49.0,30.6,123.4,80.3,2.5,M,White,0,0,1
67.1,29.9,115.9,68.9,1.8,F,Black,0,0,0
52.5,21.3,147.0,83.6,8.1,F,White,0,0,1
49.3,21.3,131.1,79.2,4.7,F,Black,0,0,0
37.7,25.9,121.5,78.9,3.2,F,White,0,0,0
37.0,20.8,119.0,70.8,6.7,F,White,0,0,0
52.5,23.7,112.7,69.7,9.4,F,White,0,0,0
28.4,23.2,122.1,76.7,5.3,F,White,0,0,0
50.3,26.1,143.5,90.2,4.8,M,White,0,0,0
65.1,27.3,124.5,74.0,4.8,M,White,0,0,0
32.4,19.4,142.3,74.7,5.7,M,White,0,0,1
50.1,27.6,142.6,83.4,3.8,F,White,0,0,0
63.8,17.0,113.9,79.5,3.8,F,White,0,0,0
72.8,24.0,138.9,87.3,4.0,F,Hispanic,0,0,1
46.3,32.0,114.3,76.2,7.7,M,White,0,0,0
54.3,30.9,118.5,71.2,1.7,M,White,0,0,0
67.7,29.1,140.3,75.9,2.2,F,White,0,0,0
34.4,26.7,90.0,50.4,4.9,F,White,0,0,0
54.8,22.1,139.3,89.5,13.1,M,Hispanic,0,0,1
75.9,26.2,114.2,60.0,2.2,F,White,0,0,1
43.3,19.4,108.0,55.6,2.2,F,White,0,0,0
43.9,25.5,106.2,72.5,4.4,M,Black,0,0,0
73.2,21.9,134.0,93.8,7.5,F,White,0,0,0
48.7,28.0,102.1,66.5,3.0,F,Other,0,0,1
70.4,23.5,149.4,94.8,4.8,M,Black,0,0,0
88.0,24.4,136.0,85.9,8.6,F,Asian,0,0,1
68.1,30.9,123.6,72.8,1.5,F,White,0,0,0
76.3,26.6,115.4,79.1,2.7,M,Hispanic,0,0,0
37.6,24.0,118.6,89.9,2.5,F,Black,0,0,0
55.2,33.8,125.3,79.9,12.0,F,Black,0,0,0
56.9,26.9,123.2,77.9,5.1,F,White,0,0,1
34.5,20.6,122.7,79.5,6.8,M,Hispanic,0,0,0
56.0,24.1,120.7,64.2,7.0,M,Asian,0,0,0
38.1,22.5,107.4,62.4,10.7,M,White,0,0,0
52.3,25.5,133.4,82.8,5.3,M,Hispanic,0,0,0
50.1,27.1,121.5,82.0,1.5,M,Black,0,0,0
60.0,27.1,123.5,76.0,4.8,M,Hispanic,0,0,1
51.2,23.2,108.8,67.1,2.7,M,Black,0,0,1
66.0,30.9,127.4,78.6,13.0,M,White,0,0,0
54.4,32.1,135.3,83.9,10.0,M,White,0,0,0
75.6,32.6,124.4,79.3,8.9,F,Black,0,0,0
42.6,29.8,117.7,80.7,2.2,F,White,0,0,0
70.5,19.8,143.0,80.9,5.6,M,White,0,0,0
65.3,27.6,98.0,67.0,9.3,M,White,0,0,0
51.9,27.4,124.0,77.0,1.6,M,White,0,0,0
57.1,31.0,138.5,94.6,2.9,F,Other,0,0,0
61.0,27.3,132.3,73.4,3.2,F,White,0,0,0
71.4,27.8,145.0,89.7,4.3,M,Other,0,0,0
67.7,31.7,118.0,63.0,7.5,M,Black,0,0,0
36.1,28.0,108.2,67.0,15.1,M,White,0,0,0
38.4,23.7,111.3,67.2,11.5,M,White,0,0,0
80.9,26.4,101.6,54.0,8.3,F,White,0,0,0
62.7,27.7,127.1,72.6,5.4,F,White,0,0,0
36.4,23.3,130.1,75.0,15.9,F,Black,0,0,0
70.7,28.8,137.6,92.7,5.8,F,White,0,0,0
52.5,18.6,111.3,68.7,3.0,M,White,0,0,1
52.7,24.3,137.3,83.9,8.8,F,Hispanic,0,0,0
23.3,23.4,129.2,75.5,6.5,M,White,0,0,0
51.6,26.1,135.5,75.3,7.2,M,White,1,0,0
57.9,27.6,139.1,83.1,2.6,F,Black,0,0,1
26.6,26.2,107.0,67.6,3.1,M,White,0,0,0
77.1,26.7,145.8,86.3,2.5,M,Black,0,0,0
38.5,22.6,125.0,81.1,2.3,F,White,0,0,0
73.7,34.2,106.1,72.2,5.1,F,White,0,0,1
29.6,22.4,119.9,84.1,1.1,F,Black,0,0,0
18.0,23.9,143.8,78.6,5.9,M,White,0,0,0
74.0,26.6,109.5,62.5,1.3,M,White,0,0,1
59.5,24.0,129.2,92.3,6.2,F,White,0,0,0
54.8,32.2,136.7,82.4,7.3,F,White,0,0,0
58.5,22.8,103.4,59.6,7.4,M,White,0,0,0
63.8,25.9,129.2,85.2,2.8,M,White,0,0,0
47.6,23.0,128.8,87.3,2.4,M,Black,0,0,0
41.8,29.9,109.1,57.3,2.2,M,White,0,0,0
54.6,21.1,138.6,89.8,7.6,F,White,0,0,0
60.4,26.6,145.4,82.6,6.6,F,White,0,0,0
90.0,35.1,141.8,94.5,3.7,F,White,0,0,1
58.6,26.8,141.0,89.5,3.4,F,White,0,1,0
59.5,27.5,136.3,78.6,4.2,M,Hispanic,0,0,0
73.1,25.8,109.9,66.5,2.6,F,White,0,0,0
56.3,30.7,117.3,75.8,10.4,F,White,0,0,1
64.6,33.4,136.6,95.5,5.3,F,Hispanic,0,0,0
83.6,25.8,140.8,90.3,2.0,F,White,0,0,0
39.5,19.7,134.9,78.6,8.7,F,White,0,0,0
60.2,30.9,113.2,65.3,6.5,M,Black,0,0,0
60.9,22.0,141.9,89.6,7.6,F,Asian,0,0,0
51.7,26.8,122.0,78.5,5.3,M,White,0,0,0
63.2,22.8,126.7,81.6,3.0,F,Black,0,0,0
37.0,30.9,105.2,70.6,5.6,M,White,0,0,1
25.5,27.4,129.6,79.0,1.2,F,Hispanic,0,0,0
45.5,26.9,123.3,72.0,5.1,F,Asian,0,0,0
47.8,25.4,135.2,80.3,7.1,F,White,0,0,0
41.6,19.8,114.0,72.2,1.6,F,White,0,0,0
53.4,26.0,122.4,76.9,3.6,F,Black,0,0,0
83.8,31.7,141.3,89.4,4.1,F,Other,0,0,1
74.1,26.1,133.8,71.8,14.3,F,White,0,0,0
34.4,15.8,137.0,88.8,2.4,M,White,0,0,0
31.0,27.2,123.6,88.6,6.0,F,White,0,0,0
51.2,30.3,140.7,87.5,3.4,F,Asian,0,0,0
24.5,25.5,121.5,77.8,2.4,M,White,0,0,0
78.7,27.5,138.5,90.8,2.3,F,White,1,0,1
51.9,25.7,142.4,99.9,5.6,M,Black,0,0,0
63.4,27.3,152.5,107.0,4.0,F,White,0,0,0
63.1,22.4,110.7,68.1,3.8,M,Other,0,0,0
44.1,24.7,114.4,65.6,2.4,M,Hispanic,0,0,0
67.3,26.6,148.3,97.2,7.5,F,White,0,0,0
47.2,20.2,122.8,74.7,11.4,M,Hispanic,0,0,0
32.8,26.5,116.9,72.7,2.4,M,Black,0,0,0
61.6,18.4,99.1,63.2,7.8,F,White,0,0,0
61.9,24.0,112.8,73.5,4.7,F,White,0,0,0
41.4,21.8,114.3,71.2,1.5,M,White,0,0,0
32.7,31.5,138.6,80.6,3.6,F,Asian,0,0,0
55.5,30.0,109.1,78.3,2.7,F,Hispanic,0,0,0
56.8,22.8,128.8,73.4,6.6,M,White,0,0,0
55.5,25.4,162.2,94.1,1.2,F,Asian,0,0,0
37.5,29.3,119.5,80.7,4.5,M,Other,0,0,0
64.3,26.5,125.1,78.3,6.7,F,Hispanic,0,0,0
18.0,31.4,111.4,78.0,7.0,F,Asian,0,0,0
36.7,25.9,122.5,82.2,3.6,M,White,0,0,0
51.2,24.9,107.8,58.1,3.1,F,White,0,0,0
52.0,25.8,105.5,65.4,3.5,F,Black,0,0,0
67.1,25.7,124.4,73.6,9.2,M,Black,0,0,0
59.6,28.5,116.0,72.7,5.9,F,White,0,0,0
65.6,35.3,137.2,90.2,5.0,M,Black,0,0,0
18.0,24.3,110.9,73.3,5.6,F,Black,0,0,0
44.8,26.1,107.2,78.7,6.0,M,White,0,0,0
75.4,26.9,120.5,87.0,2.4,F,White,0,0,1
31.9,24.9,140.7,91.5,3.9,M,White,0,0,0
75.9,23.3,149.2,93.8,2.7,M,White,0,0,0
